filename,class_id,label,description
images_1.jpg,354,Water tower,A white water tower with the name View Farm on it
images_2.jpg,354,House,A wooden building with a tall tower and a brown roof
images_3.jpg,354,Skyscraper,A tall building with a spiral staircase and a large dome on top
images_4.jpg,354,Water tower,A tall white water tower with the name Wakita on it
images_5.jpg,354,Water tower,A tall water tower with graffiti on it
images_6.jpg,354,Water tower,A wooden structure with a brown wooden tank on top
images_7.jpg,354,Water tower,A large water tower with a blue top and a red roof is next to a brick building
images_8.jpg,354,Water tower,A tall white and red water tower with the name Florence Yall on it
images_9.jpg,354,Water tower,A tall water tower with a silver top and a brick wall
images_10.jpg,354,Water tower,A white water tower with a silver top and a blue sky in the background
images_11.jpg,354,Water tower,A large green and white tower with a water tower on top
images_12.jpg,354,Water tower,A large water tower with two smaller towers behind it
images_13.jpg,354,Water tower,A water tower with graffiti on it
images_14.jpg,354,Building,A green building with a clock on the side
images_15.jpg,354,Water tower,A blue and white cooler sits on a rocky hillside near a water tower
images_16.jpg,354,Water tower,A black and white photo of a water tower with a checkered pattern on the top
images_17.jpg,354,City,A black and white photo of a city skyline with a large building in the foreground
images_18.jpg,354,Water tower,A tall water tower with a rusty top is located in the middle of a city
images_19.jpg,354,Tower,A large concrete tower with a metal staircase and a blue sky in the background
images_20.jpg,354,Water tower,A white water tower with the name Scrubine on it
images_21.jpg,325,Swimming pool,A pool with a blue color and a stone wall
images_22.jpg,325,Swimming pool,A swimming pool with a blue color and a person swimming in it
images_23.jpg,325,Swimming pool,A swimming pool with a blue color and a wooden deck
images_24.jpg,325,Swimming,"A group of women in a swimming pool, wearing black and yellow swim caps"
images_25.jpg,325,Bathtub,A large white bathtub with a blue water surface and a green plant in it
images_26.jpg,325,Swimming pool,A swimming pool with a blue color and a black liner
images_27.jpg,325,Swimming pool,A man and two children are on a blue inflatable raft in a pool
images_28.jpg,325,Swimming pool,A large swimming pool with a blue tiled bottom and a large palm tree in the corner
images_29.jpg,325,Swimming pool,A pool with a blue color and a green tint
images_30.jpg,325,Swimming pool,A large swimming pool with a wooden bridge over it
images_31.jpg,325,Swimming pool,A large swimming pool with a blue color and a blue circular pool in the middle
images_32.jpg,325,Swimming pool,A large indoor pool with a water slide and a blue tiled floor
images_33.jpg,325,Swimming pool,A woman in a black shirt is sitting on a chair next to a pool
images_34.jpg,325,Swimming pool,A picture of a woman in a hot tub with a picture of a woman in a hot tub
images_35.jpg,325,Child,A young boy wearing a blue swim cap is swimming in a pool
images_36.jpg,325,Swimming pool,A pool with a wooden deck and a staircase leading to it
images_37.jpg,325,Swimming pool,"A large bathroom with a jacuzzi, a large television, and a large window"
images_38.jpg,325,Swimming pool,A large swimming pool with a glass wall and a black tile floor
images_39.jpg,325,Swimming pool,A group of people swimming in a pool with a slide
images_40.jpg,325,Swimming pool,A blue swimming pool with a blue tiled floor and a blue tiled wall
images_41.jpg,72,Meat,A deli counter with a variety of meats and cheeses
images_42.jpg,72,Door,A store front with a red door and a sign that says Arne
images_43.jpg,72,Fish,A group of fish with red and orange colors are hanging on a wooden structure
images_44.jpg,72,Meat,A painting of a butcher shop with a variety of meats and a person in the foreground
images_45.jpg,72,Girl,A little girl wearing a red dress is standing in front of a deli counter
images_46.jpg,72,Men,A group of men standing under a blue umbrella
images_47.jpg,72,Man,A man wearing a floral shirt and a hat is standing next to a table with a cake on it
images_48.jpg,72,Man,A man in a white shirt is preparing food in a restaurant
images_49.jpg,72,Food,"A display case with a variety of food items, including chicken and fish, in a glass case"
images_50.jpg,72,Butcher,A man wearing a white apron is cutting meat in a kitchen
images_51.jpg,72,Fish,A man is cutting a piece of salmon on a wooden table
images_52.jpg,72,Meat,"A variety of meats are displayed in a store, including ham, beef, and chicken"
images_53.jpg,72,Meat,"A meat shop with a display case of meat and a sign that says ""Ham"
images_54.jpg,72,Man,"A man wearing a white coat is holding a large pile of meat, including a pig's head"
images_55.jpg,72,Food,"A table with a variety of food items including meat, bread, cheese, and a bottle of milk"
images_56.jpg,72,Butcher shop,A man in a white shirt and a chef's hat is standing in front of a meat counter
images_57.jpg,72,Dead animal,A dead animal is laying on a table
images_58.jpg,72,Meat,A store window with a display of meat and other items
images_59.jpg,72,Meat,"A plate of meat with a sign that says ""Coltello di Zibello"" on it"
images_60.jpg,72,Butcher shop,A black and white photo of a butcher shop with a man standing behind the counter
images_61.jpg,285,Chef,A chef in a white shirt and apron is cooking food on a stove
images_62.jpg,285,Chef,A chef in a white shirt and hat is preparing food in a kitchen
images_63.jpg,285,Man,A man in a black shirt is putting cookies on a plate
images_64.jpg,285,Plate,A kitchen with a stainless steel counter and a large number of plates of food
images_65.jpg,285,Food,Two women wearing white gloves are preparing food on a table
images_66.jpg,285,Kitchen,"A kitchen with a black and white color scheme, a stove, a sink, a table, and a refrigerator"
images_67.jpg,285,Cooking,A man in a white shirt and black hat is cooking food on a grill
images_68.jpg,285,Man,A man wearing a blue apron and white shirt is cutting a fish on a cutting board
images_69.jpg,285,Kitchen,"Two women are cooking in a kitchen, one is pregnant"
images_70.jpg,285,Kitchen,A kitchen with a stainless steel grill and a stainless steel oven
images_71.jpg,285,Chef,"A man and woman are working in a kitchen, with the man wearing a white shirt and the woman wearing a white shirt and a black apron"
images_72.jpg,285,Chef,A man wearing a black hat and white shirt is preparing food in a kitchen
images_73.jpg,285,Man,A man wearing a brown shirt is cutting food in a kitchen
images_74.jpg,285,Chef,A man wearing a white shirt and a white hat is standing in a kitchen
images_75.jpg,285,Kitchen,A woman is cooking in a kitchen with a wooden table and chairs
images_76.jpg,285,Kitchen,A kitchen with wooden cabinets and a granite countertop
images_77.jpg,285,Cookie,A group of people wearing white shirts and red hats are standing in front of a machine
images_78.jpg,285,Glass,A man pouring a drink into a glass
images_79.jpg,285,Pizza,A man in a blue shirt is standing in front of a stove in a restaurant
images_80.jpg,285,Chef,A group of chefs wearing white uniforms cooking in a kitchen
images_81.jpg,217,Man reading,A man is sitting in a chair in a room with a tile floor
images_82.jpg,217,Shadow,A large white building with a person standing in the doorway
images_83.jpg,217,Living room,A living room with a pink chair and a rug with a colorful pattern
images_84.jpg,217,People,A large group of people walking down a hallway in a building
images_85.jpg,217,Living room,A large room with a blue carpet and a blue couch
images_86.jpg,217,Living room,A man is sitting in a brown chair in a room with a brown couch and a brown table
images_87.jpg,217,Christmas tree,A large room with a Christmas tree in the corner and a doorway with a large picture above it
images_88.jpg,217,Museum,A hallway with a yellow painting on the wall
images_89.jpg,217,Painting,A large room with a mural on the wall and a large chandelier hanging from the ceiling
images_90.jpg,217,Hotel lobby,"A large room with a yellow couch, a white counter, and a vase with flowers"
images_91.jpg,217,Living room,A red couch with a striped pattern is in a living room with a potted plant
images_92.jpg,217,Mirror,A wooden bar with a mirrored wall and a clock on the wall
images_93.jpg,217,People,A man and woman walking down a hallway in a hotel
images_94.jpg,217,Lobby,A woman in a white dress standing in front of a marble counter
images_95.jpg,217,Hallway,A large room with a tile floor and a clock on the wall
images_96.jpg,217,Flowers,A room with a brown leather chair and a vase with purple flowers
images_97.jpg,217,Chair,A room with a glass door and a table with chairs
images_98.jpg,217,Building,A large building with many windows and a red color
images_99.jpg,217,Building,A woman in a brown shirt is standing in front of a building with a glass wall
images_100.jpg,217,Living room,"A living room with a brown couch, a brown chair, and a brown ottoman"
images_101.jpg,74,Train station,A wooden building with a sign on the side
images_102.jpg,74,Building,A brick building with a metal contraption on the side
images_103.jpg,74,Shed,A pile of wood sits in front of a wooden shed
images_104.jpg,74,Building,A brick building with a white roof and a brick chimney
images_105.jpg,74,House,A dilapidated house with a red roof and green door
images_106.jpg,74,Cabin,A wooden cabin with a staircase and a deck
images_107.jpg,74,House,A black and white photo of a house with a white porch
images_108.jpg,74,House,A house with a red roof and a blue door
images_109.jpg,74,Hut,A small hut with a thatched roof and a wooden ladder
images_110.jpg,74,Shed,A wooden shed with a green roof and a brown door
images_111.jpg,74,House,A small house with a brown roof and a white door
images_112.jpg,74,House,A house with a red roof and a chimney
images_113.jpg,74,Cabin,A wooden cabin with a green roof and a solar panel on the roof
images_114.jpg,74,Cabin,"A wooden cabin with a metal roof, surrounded by trees"
images_115.jpg,74,House,A wooden cabin with a red roof and a chimney
images_116.jpg,74,Boy,A boy wearing a blue shirt stands in front of a wooden hut
images_117.jpg,74,House,A small red house with a brown roof and a deck
images_118.jpg,74,House,A cabin with green roof and wooden walls
images_119.jpg,74,Cabin,A small wooden cabin with a green roof and a sign on the door
images_120.jpg,74,Window,A window on a building with a white frame and a brown roof
images_121.jpg,318,Closet,A cardboard box is sitting on a shelf next to a blue bag
images_122.jpg,318,Stairs,A room with a staircase and a bookcase with a lot of books on it
images_123.jpg,318,Boxes,A room with boxes and bins stacked on top of each other
images_124.jpg,318,Fishing,A store with a lot of fishing equipment
images_125.jpg,318,Cat,"A cluttered room with a computer desk, a cat picture, and a cat statue"
images_126.jpg,318,Shelf,A wooden shelf with a basket on top and a white pillow on the bottom
images_127.jpg,318,Wood,A wooden table with a bunch of tools on it
images_128.jpg,318,Ladder,"A man and woman are standing in a room with a ladder, the woman is wearing a white shirt"
images_129.jpg,318,Shelf,"A shelf with a lot of items on it, including a black backpack"
images_130.jpg,318,Cabinet,A white filing cabinet with a drawer open
images_131.jpg,318,Crib,A wooden baby crib with a blue bucket underneath
images_132.jpg,318,Man,Two men in white lab coats standing in front of a shelf of plastic containers
images_133.jpg,318,Market,A refrigerator with a sign on the door that says Market
images_134.jpg,318,Pantry,A pantry with a shelf full of canned foods and a pink box
images_135.jpg,318,Vending machine,A vending machine with a red and white color scheme
images_136.jpg,318,Shelves,A white shelf with a black frame and a clear plastic container with jewelry in it
images_137.jpg,318,Pantry,"A pantry with a variety of food items, including a bottle of oil"
images_138.jpg,318,Garage,A garage with a red vacuum cleaner and a yellow cart
images_139.jpg,318,Food,A room with a table and shelves full of food and boxes
images_140.jpg,318,Girl,A young girl in a green shirt is standing in front of a shelf of items
images_141.jpg,246,Woman,A woman in a pink jacket is standing in an office
images_142.jpg,246,Counter,A woman in a blue shirt is standing behind a desk in a room
images_143.jpg,246,Office,A man sitting on a bench talking on a cell phone
images_144.jpg,246,Office,A cubicle with a black and white color scheme
images_145.jpg,246,Office,A group of people working in a room with a white table and chairs
images_146.jpg,246,Counter,A man in a yellow vest is talking to a woman at a counter
images_147.jpg,246,Office,A room with a lot of computers and desks
images_148.jpg,246,Office,A black and white photo of an office cubicle with a chair and a desk
images_149.jpg,246,Man,"Two men in an office setting, one wearing a blue shirt with a cat on it"
images_150.jpg,246,Office,A black office chair with a computer monitor on a desk
images_151.jpg,246,Office,"A computer desk with a computer monitor, keyboard, and mouse"
images_152.jpg,246,Office,A yellow chair with a black computer desk in front of it
images_153.jpg,246,Meeting,"A group of people sitting around a table, with a woman in a black shirt sitting next to a woman in a red shirt"
images_154.jpg,246,Office,A grey office cubicle with a plant in the corner
images_155.jpg,246,Clock,A black and white photo of a group of men sitting in a room with a large clock on the wall
images_156.jpg,246,Woman,A woman in a purple shirt is speaking at a podium
images_157.jpg,246,Office,"A green office cubicle with a computer, phone, and papers"
images_158.jpg,246,Office,A black office chair with a blue seat
images_159.jpg,246,Monitor,Two men standing in front of a large computer screen
images_160.jpg,246,Office,A blue cubicle with a blue monitor and a wooden desk
images_161.jpg,53,People,"A group of people are standing in line, waiting to get into a festival"
images_162.jpg,53,People,Three women are sitting at a table with a red and white scarf on it
images_163.jpg,53,People,A black and white photo of a busy street with people sitting at tables under green umbrellas
images_164.jpg,53,Crowd,"A group of people wearing different colored clothing, including a man in a white suit, are standing in a field"
images_165.jpg,53,Party,"A group of people are sitting on chairs and on the ground, enjoying a party"
images_166.jpg,53,Table,A large building with a green roof and a white tower
images_167.jpg,53,People,"A group of people are standing in front of a lake, with some of them wearing ties"
images_168.jpg,53,People,A group of people sitting at a table with a man in a blue shirt and a woman in a white shirt
images_169.jpg,53,People,"A large group of people are sitting on the grass, enjoying a sunny day"
images_170.jpg,53,Party,"A group of people are posing for a picture, with a woman in a yellow shirt and a man in a blue shirt"
images_171.jpg,53,People,A woman in a blue shirt is standing in front of a tree
images_172.jpg,53,Fire pit,A laptop computer sitting on a table in front of a fire pit
images_173.jpg,53,Patio,"A large patio with tables and chairs, and a large white building in the background"
images_174.jpg,53,Party,A man in a striped shirt is talking to a little girl in a white dress
images_175.jpg,53,Man,A man in a blue shirt is sitting on a bench with a woman in a blue shirt and a man in a white shirt
images_176.jpg,53,Party,A group of people are standing around a table with food and drinks
images_177.jpg,53,Concert,"A group of people are sitting in a forest, listening to a band play"
images_178.jpg,53,People eating,A man in a red jacket is standing in front of a yellow tent
images_179.jpg,53,Table,A man in a green shirt is standing next to a woman in a yellow shirt
images_180.jpg,53,Cafe,"A group of people are sitting outside of a restaurant, enjoying their time"
images_181.jpg,105,Horse,A man riding a brown horse with a white number on its back
images_182.jpg,105,Horse,A man wearing a blue jacket stands next to two horses
images_183.jpg,105,Horse,A small black and white horse with a white stripe on its face and legs is playing with a soccer ball
images_184.jpg,105,Horse,A woman is holding the reins of a spotted horse
images_185.jpg,105,Fence,A wooden fence with a rustic appearance
images_186.jpg,105,Cowboy,A man is kneeling down next to a horse
images_187.jpg,105,Cowboy,A cowboy riding a horse with a cow in the background
images_188.jpg,105,Horse,A brown and white horse with a green rope around its neck
images_189.jpg,105,Horse,A brown horse running in a field
images_190.jpg,105,Cow,A group of men wearing black shirts and standing in front of a black cow
images_191.jpg,105,Horse,A woman riding a white horse in a corral
images_192.jpg,105,Horse,A woman in a plaid shirt is walking past a fence with a horse in a corral
images_193.jpg,105,Fence,A fence with a broken gate and a truck in the background
images_194.jpg,105,Horse,A brown and white horse with a white mane and tail
images_195.jpg,105,Horse,A black horse with a white saddle and bridle
images_196.jpg,105,Horse,A brown horse with a white stripe on its face stands in a fenced area
images_197.jpg,105,Rodeo,A man riding a horse with a blue balloon in front of him
images_198.jpg,105,Horse,A brown and white horse with a blue rope around its neck
images_199.jpg,105,Horse,A black horse standing next to a brown horse
images_200.jpg,105,Fence,A tree with a fence in front of it
images_201.jpg,314,Soccer,A soccer game is being played in front of a crowd of people
images_202.jpg,314,Cricket,A group of men playing cricket on a field
images_203.jpg,314,Soccer,A soccer field with a group of people playing soccer
images_204.jpg,314,Soccer,A soccer player in a red and yellow uniform is kicking a soccer ball
images_205.jpg,314,Soccer,A soccer field with a green field and a blue line
images_206.jpg,314,Soccer player,A soccer player wearing a blue shirt and white shorts
images_207.jpg,314,Soccer,A soccer game is being played on a green field with a blue line
images_208.jpg,314,Stadium,A stadium with a green field and a large clock tower
images_209.jpg,314,Soccer field,A green soccer field with yellow letters on the side
images_210.jpg,314,Soccer,A group of men in camouflage uniforms stand on a field in front of a crowd
images_211.jpg,314,Soccer,A soccer player wearing a green uniform with a yellow and blue striped shirt
images_212.jpg,314,Football,A stadium full of people wearing blue hats and blue shirts
images_213.jpg,314,Soccer,A soccer player in a yellow jersey is about to kick the ball
images_214.jpg,314,Soccer,A soccer goalie wearing blue jersey and blue socks
images_215.jpg,314,Stadium,A stadium filled with fans watching a soccer game
images_216.jpg,314,Soccer,A group of soccer players wearing red and white uniforms are practicing on a field
images_217.jpg,314,Soccer,A soccer player in a red jersey is walking on the field
images_218.jpg,314,Soccer,A stadium with a green field and a blue wall
images_219.jpg,314,Soccer,A soccer player in a yellow jersey kicks the ball
images_220.jpg,314,Stadium,A stadium with a green field and a large crowd of people
images_221.jpg,66,Bridge,A bridge over water with a blue sky above
images_222.jpg,66,Bridge,A bridge over a river with a mountain in the background
images_223.jpg,66,Bridge,A bridge with a metal walkway and a yellow truck on the other side
images_224.jpg,66,Bridge,A bridge over a body of water with a blue sky above
images_225.jpg,66,Bridge,A city skyline with a bridge and a lit up city at night
images_226.jpg,66,Bridge,A snowy mountain with a bridge over it
images_227.jpg,66,Car,A silver car with a black top is driving on a bridge
images_228.jpg,66,Bridge,A nighttime view of a bridge over a river with a clock tower in the background
images_229.jpg,66,Bridge,A woman in a red jacket is standing on a sidewalk near a river with a boat passing by
images_230.jpg,66,Bridge,A red car is driving on a bridge over water
images_231.jpg,66,Bridge,A stone bridge over a river with a blue sky above
images_232.jpg,66,Bridge,A bridge with a blue color and a car driving on it
images_233.jpg,66,Bridge,A bridge over water with a sunny day
images_234.jpg,66,Train station,A black and white photo of a train station with a train on the tracks
images_235.jpg,66,Bridge,A bridge over a river with a mountain in the background
images_236.jpg,66,Bridge,"A bridge with a train on it, the bridge is blue and the train is black"
images_237.jpg,66,Bridge,A river with a bridge and a city in the background
images_238.jpg,66,Bridge,A bridge with a car driving under it
images_239.jpg,66,Stairs,A group of people are standing on a bridge overlooking a river
images_240.jpg,66,City,A city skyline with a large building and a bridge
images_241.jpg,113,Waterfall,A waterfall with a bridge above it
images_242.jpg,113,Dam,A black and white photo of a dam with a bridge over it
images_243.jpg,113,Dam,A large concrete dam with a metal fence on top
images_244.jpg,113,Dam,A large dam with a waterway and a bridge in the background
images_245.jpg,113,Couple,A man and woman are posing for a picture on a bridge
images_246.jpg,113,Woman,A woman in a blue shirt is standing on a pier overlooking the ocean
images_247.jpg,113,Dam,A large concrete building with a bridge over water
images_248.jpg,113,Bridge,A bridge over a river with a yellow fence
images_249.jpg,113,Dam,A bridge over a river with a blue sky and a man in a blue jacket
images_250.jpg,113,It,A white letter I is sitting on a rock in front of a waterfall
images_251.jpg,113,Waterfall,A waterfall with a concrete structure behind it
images_252.jpg,113,Dam,A large body of water with a dam and a bridge over it
images_253.jpg,113,Lake,A view of a lake with a stone wall and a bench
images_254.jpg,113,Dam,A large concrete dam with a metal bridge above it
images_255.jpg,113,Waterfall,A large waterfall with a greenish color and a metal gate in front of it
images_256.jpg,113,Water,A body of water with a bridge over it and a blue sky above
images_257.jpg,113,Ladder,A ladder is leaning against a concrete wall in a pool
images_258.jpg,113,Boat,A large black boat with a red stripe is docked at a pier
images_259.jpg,113,Dam,A large dam with a yellow sign on top of it
images_260.jpg,113,Lake,A view of a river with a bridge and a mountain in the background
images_261.jpg,210,Classroom,"A man in a blue shirt is standing in front of a group of people, who are sitting in front of computers"
images_262.jpg,210,Theater,A room with a large number of red chairs and a blue screen
images_263.jpg,210,Man,A man in a white chef's jacket is giving a presentation to a group of people
images_264.jpg,210,Woman,A woman wearing a white shirt and red lanyard is sitting in a chair
images_265.jpg,210,Meeting,"A group of people sitting around a table, with a man in a black suit sitting in the front"
images_266.jpg,210,Classroom,"A room with a round table and chairs, and a large screen on the wall"
images_267.jpg,210,Yoga,A woman in a red shirt is sitting in a classroom with other students
images_268.jpg,210,Classroom,"A group of people are sitting in a room, with a man in a green shirt sitting in front of a laptop"
images_269.jpg,210,Man,A man wearing glasses and a white shirt is speaking at a podium
images_270.jpg,210,Lecture,A woman in a green shirt is giving a presentation to a group of people
images_271.jpg,210,Man,A man wearing a black jacket and a gray shirt
images_272.jpg,210,Man,A man in a white shirt is giving a presentation to a group of people
images_273.jpg,210,People,A group of people sitting at desks in front of pictures of two men
images_274.jpg,210,Lecture,A man in a suit is giving a presentation to a group of people
images_275.jpg,210,Conference,A group of people sitting at a table in front of a screen
images_276.jpg,210,Conference,A group of people are sitting in a room with a large screen in front of them
images_277.jpg,210,Dolphin,A man in a blue shirt is giving a presentation to a group of people
images_278.jpg,210,Classroom,A group of people sitting in a classroom with a clock on the wall
images_279.jpg,210,Classroom,A classroom with a white board and several chairs
images_280.jpg,210,Classroom,A large auditorium with a wooden stage and a large number of chairs
images_281.jpg,317,Staircase,A man wearing sunglasses is sitting on a metal spiral staircase
images_282.jpg,317,Staircase,A black metal railing with a yellow wall behind it
images_283.jpg,317,Stairs,A staircase with graffiti on the wall
images_284.jpg,317,Stairs,A staircase with a wooden railing and a white wall
images_285.jpg,317,Building,A large building with a blue flag on the side of it
images_286.jpg,317,Staircase,A colorful staircase with a rainbow of colors and a white and blue background
images_287.jpg,317,Staircase,A staircase with a metal railing and a white toilet on the bottom
images_288.jpg,317,Staircase,A wooden staircase with a railing and a coat rack with coats on it
images_289.jpg,317,Staircase,A staircase with a black metal railing and a wooden table with a vase on it
images_290.jpg,317,Staircase,A spiral staircase with a wooden railing
images_291.jpg,317,Staircase,A black and white photo of a staircase with a brick wall
images_292.jpg,317,Building,A large white building with a clock tower and a palm tree in front of it
images_293.jpg,317,Staircase,A staircase with a pink carpet and a green plant on the railing
images_294.jpg,317,Staircase,A staircase with green carpeting and wooden railings
images_295.jpg,317,Staircase,A spiral staircase with a yellow line on the side
images_296.jpg,317,Staircase,A black and white photo of a staircase with a tree in the background
images_297.jpg,317,Staircase,A black and white photo of a staircase with a metal railing
images_298.jpg,317,Staircase,A church with a spiral staircase and a cross on the wall
images_299.jpg,317,Stairs,A wooden deck with a step leading to a porch
images_300.jpg,317,Living room,"A living room with a brown couch, a yellow chair, and a television"
images_301.jpg,241,Old lady,An elderly woman wearing a blue dress and holding a cane is dancing with a young man in a striped shirt
images_302.jpg,241,Speaker,A group of people wearing blue shirts and green pants are sitting in a circle
images_303.jpg,241,Baby,An older man is holding a baby in a white chair
images_304.jpg,241,Women,"A group of women are sitting around a table, with one woman holding a yellow sign that says ""Get Involved"
images_305.jpg,241,People,A man wearing a white shirt stands next to a group of people in wheelchairs
images_306.jpg,241,Veterans,A man in a military uniform is kneeling next to an older man in a blue shirt
images_307.jpg,241,Elderly,A woman in a black jacket is standing next to an elderly man in a wheelchair
images_308.jpg,241,Shake hands,A man in a suit shakes hands with a woman in a black and white dress
images_309.jpg,241,Elderly woman,A woman in a floral dress pours a drink into a glass
images_310.jpg,241,Woman singing,A woman in a grey shirt is singing in front of a group of people in a room
images_311.jpg,241,Man,A man in a blue tie is sitting in a wheelchair next to a woman in a red shirt
images_312.jpg,241,Man,A man in a blue shirt is shaking hands with an older man wearing a gray shirt
images_313.jpg,241,Man singing,A man wearing a black hat and a white vest is singing to an elderly woman who is wearing a blue dress
images_314.jpg,241,Old people,"A group of people are sitting in a room, some of them are wearing glasses"
images_315.jpg,241,Baby,A baby with blonde hair and blue eyes is wearing a yellow shirt and has a stain on its face
images_316.jpg,241,Man,A man in a white shirt and blue stripes stands next to a man in a white shirt and blue stripes
images_317.jpg,241,Old lady,An elderly woman wearing a red and white striped shirt is sitting at a table with a card in her hand
images_318.jpg,241,Women,Two women wearing blue shirts and red scarves are talking to each other
images_319.jpg,241,Group,"A group of people, including a man in a black shirt, are posing for a picture"
images_320.jpg,241,Party,A group of people wearing crowns and sashes are sitting in chairs
images_321.jpg,177,Horse,A mannequin is displayed in a store window with a horse and a suitcase
images_322.jpg,177,Hockey,A hockey game is displayed on a large flat screen TV
images_323.jpg,177,Screen,A black and white photo of a movie theater with a screen showing a white background
images_324.jpg,177,Man,A man wearing a hat is sitting in front of a laptop
images_325.jpg,177,Movie,A room with a purple wall and a large screen TV
images_326.jpg,177,Living room,"A living room with a large flat screen TV, a table with a vase of flowers, and a chair"
images_327.jpg,177,Theater,A room with a large screen and a black leather chair
images_328.jpg,177,Theater,A black leather chair in a room with a brown color scheme
images_329.jpg,177,Living room,"A living room with a black leather couch, a glass table, and a view of the water"
images_330.jpg,177,Tv,A black flat screen TV with the word OPPO on the screen
images_331.jpg,177,Star wars,A large screen TV showing a Star Wars movie
images_332.jpg,177,Tv,A colorful quilt is on a table in front of a flat screen TV
images_333.jpg,177,Movie,A room with a red wall and a black screen
images_334.jpg,177,Shoe,A pair of blue shoes with white laces and a blue and white sneaker on a glass table
images_335.jpg,177,Living room,A room with a wooden floor and a white table
images_336.jpg,177,Movie,A red room with a chair and three posters on the wall
images_337.jpg,177,Shalom,"A large screen with a picture of a woman and the words ""Health and Wellness"" on it"
images_338.jpg,177,Movie,A black room with a large screen and speakers
images_339.jpg,177,Tv,A black flat screen television sits on top of a black entertainment center
images_340.jpg,177,Speaker,A woman in a black suit is speaking at a podium in front of a large screen
images_341.jpg,106,Hallway,A dark hallway with a green floor and a light on the ceiling
images_342.jpg,106,Tunnel,A long hallway with a green light on the ceiling
images_343.jpg,106,Hallway,A long hallway with blue walls and a grey floor
images_344.jpg,106,Ceiling,A room with a green color scheme and a white ceiling
images_345.jpg,106,Hallway,A dark room with a window and a door
images_346.jpg,106,Staircase,A statue of a woman is standing on a tile floor in front of a staircase
images_347.jpg,106,Hallway,A long hallway with a white color and a lighted ceiling
images_348.jpg,106,Hallway,A hallway with a row of chairs and a doorway
images_349.jpg,106,Sign,A white sign with the number 404 on it
images_350.jpg,106,Tunnel,A black and white photo of a tunnel with a window in the middle
images_351.jpg,106,Staircase,A black and white photo of a staircase with a white railing
images_352.jpg,106,Hallway,A blue rug on a blue carpet
images_353.jpg,106,Kitchen,A kitchen with a wooden floor and a refrigerator
images_354.jpg,106,Hallway,A long hallway with a tile floor and a light on the ceiling
images_355.jpg,106,Hallway,A long hallway with a red brick floor and a blue door
images_356.jpg,106,Hallway,A hallway with a red carpet and a television screen
images_357.jpg,106,Kitchen,A kitchen with a white counter top and a cabinet with a drawer
images_358.jpg,106,Door,A black and white photo of a hallway with a doorway
images_359.jpg,106,Hallway,A dark hallway with a green wall and a chair
images_360.jpg,106,Hallway,A large white wall with a light switch on it
images_361.jpg,144,Firemen,A black and white photo of a fire truck with a group of men standing in front of it
images_362.jpg,144,Fire truck,A red and white fire truck with a ladder on top
images_363.jpg,144,Fire truck,A red fire truck is parked on the side of a road
images_364.jpg,144,Fire truck,A red fire truck with a white front and a yellow stripe on the side
images_365.jpg,144,Building,A red brick building with a red truck parked in front of it
images_366.jpg,144,Fire truck,Two fire trucks are parked in front of a red brick building
images_367.jpg,144,Fireman,A man in a yellow fire suit is holding a white sheet
images_368.jpg,144,Car accident,A group of firefighters are standing around a car that has crashed into a tree
images_369.jpg,144,American flag,A brick building with a flag on top and a sign on the side
images_370.jpg,144,Fire station,A red fire station with a white building and a tree in front of it
images_371.jpg,144,Fire station,A brick building with a fire department sign on the door
images_372.jpg,144,Firemen,A group of men wearing black and yellow jackets stand outside a building
images_373.jpg,144,Fire truck,A fire truck is parked in front of a building
images_374.jpg,144,Fire truck,A red fire truck is parked in a garage
images_375.jpg,144,Man,A man in a blue jacket is holding a piece of paper in front of a red building
images_376.jpg,144,Fire truck,A red fire truck is parked in front of a red brick building
images_377.jpg,144,Fire,A man in a green shirt is standing on a street with yellow caution tape
images_378.jpg,144,Fire truck,A red fire truck with yellow stripes on the side
images_379.jpg,144,Fire truck,A yellow and red fire truck with a ladder on top
images_380.jpg,144,Fire truck,A red fire truck with yellow stripes is parked in front of a building
images_381.jpg,103,Tunnel,A man in an orange suit stands in a muddy area with a blue truck and a blue tractor
images_382.jpg,103,Crane,A large crane is in the middle of a construction site
images_383.jpg,103,Men,Two men in yellow vests are shaking hands
images_384.jpg,103,Crane,"A large crane is in the sky, with a cloudy day and a fence in the foreground"
images_385.jpg,103,Man,A man wearing a yellow safety vest is kneeling in a muddy area
images_386.jpg,103,Building,A large building with a brown color and a lot of windows
images_387.jpg,103,Crane,"A crane is lifting a steel structure, which is blue and silver in color"
images_388.jpg,103,Man,"A man is working on a wooden structure, which is made of wood and has a yellow color"
images_389.jpg,103,HVAC,A large metal object with a red cord hanging from it
images_390.jpg,103,Construction,"A man is standing in a large, empty room with a concrete floor"
images_391.jpg,103,Construction,A large construction site with a yellow bulldozer and a crane
images_392.jpg,103,Men,Two men wearing white helmets and white shirts are working on a construction site
images_393.jpg,103,Crane,A large red crane truck is driving down a street
images_394.jpg,103,Construction,"A yellow construction vehicle is parked on a rocky hillside, surrounded by a group of construction workers"
images_395.jpg,103,Truck,A green truck with a white cab is driving down a street
images_396.jpg,103,Shoe,A colorful wall with a green shoe on it
images_397.jpg,103,Power lines,A large group of power lines with a mix of brown and yellow colors
images_398.jpg,103,Construction,A view of a construction site with a yellow roof
images_399.jpg,103,City,A large building with a crane on top of it
images_400.jpg,103,Crane,A crane is being used to build a building
images_401.jpg,80,Cars,A collection of toy cars and books on a white shelf
images_402.jpg,80,Food truck,A red and yellow food truck with a baked sign on the side
images_403.jpg,80,Neon party,A pink and white party with a table full of food and decorations
images_404.jpg,80,Woman,A woman in a black dress and red purse is standing in front of a yellow sign
images_405.jpg,80,Mug,A white coffee mug with a picture of a bridge on it
images_406.jpg,80,Cafe,A pink and green restaurant with a patio
images_407.jpg,80,Girl,A young girl wearing a white shirt stands in front of a glass display case
images_408.jpg,80,Candy,A colorful display of candy with a rainbow of colors
images_409.jpg,80,Fudge,A neon sign for a fudge shop with a woman walking by
images_410.jpg,80,Candy,A young boy is reaching for a bag of M&M's
images_411.jpg,80,Candy,A store with a colorful display of candy and a woman shopping
images_412.jpg,80,Store,A colorful store with a spiral staircase and a colorful wall
images_413.jpg,80,Market,A black and white photo of a store with people shopping
images_414.jpg,80,Candy,A store front with a candy display and a large american flag
images_415.jpg,80,Shop,A woman in a white shirt and black pants is standing in front of a table with lots of items on it
images_416.jpg,80,Man,A man in a plaid shirt is looking into a store window at a variety of food items
images_417.jpg,80,Candy,"A close up of a box of chocolate bars, including the brand name and the flavor"
images_418.jpg,80,Color,A colorful display of fabric with a variety of colors and textures
images_419.jpg,80,Candy,A display case filled with a variety of cakes and pastries
images_420.jpg,80,Lemon,A store front with a large display of oranges and lemons
images_421.jpg,203,Kitchen,A yellow kitchen with a stove top oven and a white phone
images_422.jpg,203,Kitchen,"A kitchen with a white refrigerator, black and white checkered floor, and blue walls"
images_423.jpg,203,Kitchen,A kitchen with a stove top oven and a wine bottle on the counter
images_424.jpg,203,Kitchen,A kitchen with a stainless steel oven and a stove top
images_425.jpg,203,Kitchen,"A kitchen with a table and chairs, a sink, and a window"
images_426.jpg,203,Kitchen,A purple kitchen with a wooden island and a stainless steel refrigerator
images_427.jpg,203,Kitchen,A kitchen with a wooden floor and a black and white microwave
images_428.jpg,203,Kitchen,"A kitchen with a white refrigerator, a microwave, and a stove"
images_429.jpg,203,Kitchen,"A kitchen with a wooden table and chairs, a refrigerator, and a window"
images_430.jpg,203,Kitchen,"A kitchen with a stove top oven, a tea kettle, and a knife set"
images_431.jpg,203,Kitchen,A kitchen with wooden cabinets and a marble countertop
images_432.jpg,203,Kitchen,"A kitchen with a white refrigerator, wooden cabinets, and a black rug"
images_433.jpg,203,Kitchen,A kitchen with wooden cabinets and a white refrigerator
images_434.jpg,203,Kitchen,A kitchen with a black counter top and white cabinets
images_435.jpg,203,Kitchen,"A kitchen with a sink, a coffee maker, and a vase"
images_436.jpg,203,Kitchen,"A kitchen with a stove, microwave, and refrigerator"
images_437.jpg,203,Kitchen,A kitchen with a black and gold stove top oven
images_438.jpg,203,Kitchen,A pink and white kitchen with a stove top oven and a sink
images_439.jpg,203,Kitchen,A kitchen with a black and white counter top and a black and white island
images_440.jpg,203,Woman,A woman in a kitchen with a white stove and a black and white refrigerator
images_441.jpg,289,Cave,A person is standing in a cave with a tree in the background
images_442.jpg,289,Rock,A rocky area with a large rock and a smaller rock in the middle
images_443.jpg,289,Rock,A rocky area with a large rock and a tree in the middle
images_444.jpg,289,Rock,"A large rock with a hole in it, surrounded by other rocks"
images_445.jpg,289,Rock,"A rock with a hole in it, surrounded by other rocks"
images_446.jpg,289,Water,A view of the ocean through a rocky archway
images_447.jpg,289,Rock,Two large rock formations with a blue sky in the background
images_448.jpg,289,Arch,A red rock formation with a large archway in the middle
images_449.jpg,289,Rock,A rock formation with a hole in the middle and a hole in the side
images_450.jpg,289,Arch,"A rock formation with a hole in it, surrounded by red rock"
images_451.jpg,289,Arch,A large rock formation with a natural archway in the middle of it
images_452.jpg,289,Waterfall,A rocky area with a waterfall and a tree in the middle
images_453.jpg,289,Rock,"A large rock with a hole in it, surrounded by a field of green grass"
images_454.jpg,289,Rock,"A large rock with a hole in it, surrounded by water and greenery"
images_455.jpg,289,Arch,A rock formation with a natural archway in the middle of it
images_456.jpg,289,Arch,A tree with green leaves is growing on a rock formation
images_457.jpg,289,Rock,A mountain with a rocky texture and a blue color
images_458.jpg,289,Arch,"A rock formation with a bridge over it, the bridge is made of stone and the sky is blue"
images_459.jpg,289,Rock,A large rock formation with a blue sky and a starry night
images_460.jpg,289,Cave,A black and white photo of a cave with a light shining through
images_461.jpg,190,Iceberg,A large iceberg with a blue color and a white texture
images_462.jpg,190,Iceberg,"A large iceberg is floating in the water, with a blue sky in the background"
images_463.jpg,190,Ice,A large iceberg with a blue color and white texture
images_464.jpg,190,Mountain,A mountain range with snow on it
images_465.jpg,190,Iceberg,A large iceberg with a mountain in the background
images_466.jpg,190,Iceberg,A large blue iceberg in the ocean
images_467.jpg,190,Ice,A reflection of the sky and the mountains in a lake
images_468.jpg,190,People,A group of people standing on a rocky beach in front of a large blue iceberg
images_469.jpg,190,Ice,A large piece of ice is floating in the water
images_470.jpg,190,Ice,A blue piece of ice is floating in the water
images_471.jpg,190,Mountain,A large iceberg with a white and blue color is floating in the ocean
images_472.jpg,190,Mountain,A large iceberg with a blue color and a mountain in the background
images_473.jpg,190,Iceberg,A large iceberg with a blue color and a white texture
images_474.jpg,190,Iceberg,"A large iceberg is floating in a body of water, surrounded by smaller icebergs"
images_475.jpg,190,Icebergs,A large body of water with a bunch of icebergs floating in it
images_476.jpg,190,Seal,"A seal is sitting in the snow, surrounded by snow and ice"
images_477.jpg,190,Mountain,A mountain with snow on it and a lake with icebergs floating in it
images_478.jpg,190,Iceberg,A large blue iceberg is floating in the ocean
images_479.jpg,190,Water,"A lighthouse is seen in the distance, with a large body of water and a rocky shoreline"
images_480.jpg,190,Iceberg,A large iceberg is floating in the water near a dock
images_481.jpg,99,Restaurant,A woman sitting at a table in a restaurant with a menu in front of her
images_482.jpg,99,Restaurant,A large room with wooden walls and a long table with chairs
images_483.jpg,99,Couch,A brown leather chair with a black bag on it
images_484.jpg,99,Shop,"A store with a lot of stuff in it, including a lot of knick knacks"
images_485.jpg,99,Man and woman,A man wearing a yellow helmet and a woman wearing a grey shirt are standing in front of a door
images_486.jpg,99,Man and dog,A man wearing an orange shirt is sitting at a table with a dog
images_487.jpg,99,Patisserie,"A restaurant with a wooden exterior and a sign that says ""maison de patisserie"
images_488.jpg,99,Cafe,"A man in a blue jacket stands in front of a building with a sign that says ""Juju Moose"
images_489.jpg,99,Food,A plate of food with a drink in a cup
images_490.jpg,99,Bar,A woman in a black dress is standing in a restaurant with a wooden bar and stools
images_491.jpg,99,Man,A man wearing a green shirt and a white apron is standing next to a woman wearing a red shirt and a white apron
images_492.jpg,99,Coffee,A cup of coffee with a white froth on top of it
images_493.jpg,99,Bar,A black leather couch with a red wall behind it
images_494.jpg,99,Restaurant,A man in a black jacket sitting at a table with a man in a white shirt standing behind him
images_495.jpg,99,Man,A man wearing a hat and a scarf is sitting at a table with a notebook and a cup of coffee
images_496.jpg,99,Menu,A restaurant with a menu board on the wall and a coffee maker
images_497.jpg,99,Restaurant,A woman in a green dress is sitting at a table in a restaurant
images_498.jpg,99,Coffee shop,A woman in a white shirt stands in a coffee shop with a wooden table and chairs
images_499.jpg,99,Restaurant,A restaurant with a blue sign and a woman sitting at a table
images_500.jpg,99,Store,"A storefront with a green awning and a sign that says ""Rohm & Wolfmse"" on the side"
images_501.jpg,100,Computer,A room with two computers on a table with a black chair in front of them
images_502.jpg,100,Computer,"A group of people are sitting in front of laptops, with a TV in the background"
images_503.jpg,100,Computer lab,A room full of computers with purple chairs and a wooden table
images_504.jpg,100,Laptop,A laptop computer with a silver color and a white screen
images_505.jpg,100,Computer,A room with a long table with several computers on it
images_506.jpg,100,Man,A man wearing a blue shirt and glasses is standing in front of a computer
images_507.jpg,100,Office,"A room with a lot of computer equipment, including a lot of monitors and a lot of chairs"
images_508.jpg,100,Man,A man in a grey sweater is working on a computer in a room with other people
images_509.jpg,100,Military,A group of soldiers in camouflage uniforms are sitting at tables in a room
images_510.jpg,100,Computer,A laptop computer with a blue bottle of water next to it
images_511.jpg,100,Computer,A woman in a black hoodie is sitting in front of a computer
images_512.jpg,100,Bedroom,"A bedroom with a bed, a laptop, a mirror, and a red and white striped blanket"
images_513.jpg,100,Computer,A room full of computers with a red pole in the middle
images_514.jpg,100,Man,A man wearing headphones and a brown shirt is using a laptop
images_515.jpg,100,Office,A room with a black floor and a black chair
images_516.jpg,100,Computer,A computer room with a computer desk and a computer monitor
images_517.jpg,100,Office,A room with a blue carpet and white desks with computers on them
images_518.jpg,100,Computer,"A classroom with students using computers, with a teacher standing in front of a whiteboard"
images_519.jpg,100,Office,"A room with a long table and several chairs, including a purple chair"
images_520.jpg,100,Computer,A computer tower is sitting on the floor
images_521.jpg,243,Ocean,A large body of blue water with waves crashing on the shore
images_522.jpg,243,Boat,A white boat with a yellow stripe on the side
images_523.jpg,243,Boat,A blue boat with a white cabin and a ladder on the side
images_524.jpg,243,Cactus,A cactus plant with green leaves and a blue ocean in the background
images_525.jpg,243,Ocean,A group of birds flying over the ocean with a rocky coastline in the background
images_526.jpg,243,Family,"A woman and two children are sitting in the water, the woman is wearing a blue shirt"
images_527.jpg,243,Woman,A woman wearing a red jacket and blue jeans is standing on a rocky beach
images_528.jpg,243,Lighthouse,A white lighthouse with a blue sky and ocean in the background
images_529.jpg,243,Woman,A woman in a bikini is smiling and waving at the camera
images_530.jpg,243,Scuba gear,A pair of orange and black goggles laying on the beach
images_531.jpg,243,Water,A blue ocean with a rocky shore and a cave
images_532.jpg,243,Cow,A cow is standing on a hill overlooking the ocean
images_533.jpg,243,Wall,A black and white photo of a rock wall with a brick texture
images_534.jpg,243,Ocean,"A beautiful beach scene with palm trees, a pier, and a blue ocean"
images_535.jpg,243,Boats,A large body of water with a cloudy sky above and a row of boats docked in the water
images_536.jpg,243,Ocean,A large body of water with waves and a small island in the distance
images_537.jpg,243,Surfing,"A group of people are surfing in the ocean, with the waves crashing around them"
images_538.jpg,243,Beach,"A beach scene with a pier, people, and colorful umbrellas"
images_539.jpg,243,Dolphins,"Three dolphins swimming in the ocean, one of them is gray and white"
images_540.jpg,243,Sunset,A beautiful sunset with a reflection of the sun on the water
images_541.jpg,207,Plane,A gray and yellow airplane with the number 500 on the side
images_542.jpg,207,Ship,A large white airplane with a blue stripe on the side
images_543.jpg,207,Helicopter,A large grey ship with a helicopter on top of it
images_544.jpg,207,Jet,A fighter jet is flying over a runway with a group of people standing on the deck of a boat
images_545.jpg,207,Helicopter,A group of men in blue uniforms are working on a helicopter
images_546.jpg,207,Plane,A black and white photo of a plane with the number 4104 on the side
images_547.jpg,207,Men,A group of men in black and white uniforms pose for a picture in front of a plane
images_548.jpg,207,Helicopter,A man wearing a yellow jacket and a helmet is holding onto a helicopter
images_549.jpg,207,Airplane,A large white airplane with red and green accents is taking off from a runway
images_550.jpg,207,Ship,A large black ship with the number 215 on the side
images_551.jpg,207,Ship,A large navy ship with a white and black color scheme
images_552.jpg,207,Jet,A fighter jet is flying on a runway with its landing gear down
images_553.jpg,207,Helicopter,A group of people are working on a helicopter that is on a boat
images_554.jpg,207,Navy,A group of people are standing on a deck of a ship
images_555.jpg,207,Helicopter,A man in a tan uniform is standing on a runway as a helicopter flies above him
images_556.jpg,207,Navy,A group of people wearing green shirts and blue pants are walking in front of a large ship
images_557.jpg,207,Ship,A view of a runway with a plane in the background
images_558.jpg,207,Missile,A red missile is being shot out of a ship
images_559.jpg,207,Fighter jet,A man wearing a yellow jacket and a helmet is standing on a boat
images_560.jpg,207,Helicopter,"Two men are working on a helicopter, one of them is wearing a green jacket"
images_561.jpg,96,Woman,A woman wearing black leather pants and a black top stands in front of a display of clothing
images_562.jpg,96,Jacket,A black jacket with a zipper and a hood
images_563.jpg,96,Sweatshirt,A display of UC Riverside sweatshirts and t-shirts
images_564.jpg,96,Market,A woman in an orange shirt is standing in front of a store with a variety of colorful items
images_565.jpg,96,Woman,A woman wearing a blue shirt and a skirt stands in front of a rack of dresses
images_566.jpg,96,Jeans,A pair of blue jeans with a white shirt on top of them
images_567.jpg,96,Man,A man in a black shirt is holding a piece of clothing in front of a woman
images_568.jpg,96,Clothes,A hanging rack of clothes with a red shirt on the bottom
images_569.jpg,96,Fashion,"A display of clothing and accessories, including a black and white dress, a brown jacket, and a pair of boots"
images_570.jpg,96,Clothes,"A store with a sign that says ""Women's"" and a sign that says ""Women's"" on the racks"
images_571.jpg,96,Clothes,A blue dress hanging on a rack in a store
images_572.jpg,96,Clothes,A white dress with a feathered design hangs on a rack with other dresses
images_573.jpg,96,Hoodie,A man wearing a black hoodie
images_574.jpg,96,Clothes,A store with a lot of clothes on display
images_575.jpg,96,Shirt,A display of shirts with a brown shirt in the middle
images_576.jpg,96,Girl,A woman wearing a purple shirt is standing in front of a rack of clothes
images_577.jpg,96,Man,A man wearing a black vest and a white shirt is sitting in front of a display of clothing
images_578.jpg,96,Closing sale,A storefront with a sale sign and a reflection of a tree in the window
images_579.jpg,96,Woman,A woman in a red dress stands in front of a red curtain
images_580.jpg,96,Baby,"A baby's outfit is displayed on a hanger, featuring a blue and white checkered pattern"
images_581.jpg,146,Airport,"A group of people are standing in a large room, with a clock on the wall"
images_582.jpg,146,Crowd,"A group of people walking in a hallway, with one person wearing a green shirt"
images_583.jpg,146,Store,A man and woman are shopping in a store with a lot of pillows and blankets
images_584.jpg,146,Store,A woman in a blue shirt is standing in front of a counter in a music store
images_585.jpg,146,Table,A glass table with red chairs and a red tablecloth
images_586.jpg,146,Chicken,A pink stuffed chicken with a gold crown on its head
images_587.jpg,146,Vase,A wooden shelf with a variety of vases and cups on display
images_588.jpg,146,Woman,"A woman wearing a black shirt and sunglasses stands in front of a sign that says ""Twice Rice"
images_589.jpg,146,Trash,A person sitting on a mat in a junkyard with a black umbrella
images_590.jpg,146,Market,A woman in a red shirt stands in front of a fruit stand
images_591.jpg,146,Exhibit,A large convention center with a lot of people walking around
images_592.jpg,146,Airport,"A group of people are standing in a large room, some of them are wearing black"
images_593.jpg,146,Woman,A woman is laying on a chair in front of a food cart
images_594.jpg,146,Flea market,"A man in a brown jacket is surrounded by a large pile of items, including a bicycle, a truck, and a red door"
images_595.jpg,146,Castle,"A painting of a medieval scene with a castle, people, and a ladder"
images_596.jpg,146,Dress,A mannequin wearing an orange dress is displayed in a store
images_597.jpg,146,Engine,A close up of a motor with a blue engine block
images_598.jpg,146,Market,A man in a blue jacket stands next to a table with a pink tablecloth and various items on it
images_599.jpg,146,Christmas,A large red ornament with a gold star on top is displayed in a mall
images_600.jpg,146,Guitar,Two guitar picks with the brand name ARISE on them
images_601.jpg,257,Parking lot,A parking lot with a white car parked in front of a building
images_602.jpg,257,Man,A man wearing a black shirt and jeans stands in a parking lot
images_603.jpg,257,Car,A silver car with a black top is driving down a road
images_604.jpg,257,Parking lot,A parking lot with a yellow line on the ground
images_605.jpg,257,Truck,A blue truck with a flatbed trailer is parked in a parking lot
images_606.jpg,257,Car,A white SUV is parked in front of a red building with a white roof
images_607.jpg,257,Car,A silver car is parked in front of a building with a red awning
images_608.jpg,257,Car,A white and blue striped car is parked in a parking lot
images_609.jpg,257,Car,A white car is parked on the side of a street in front of a building
images_610.jpg,257,Car,A silver car with a license plate that reads 418
images_611.jpg,257,Car,A woman wearing a white shirt and blue jeans is standing next to a red sports car
images_612.jpg,257,Women,Three women in black dresses are posing for a picture
images_613.jpg,257,Car,A white Audi car is driving on a snowy road
images_614.jpg,257,People,A group of people walking in front of a black car
images_615.jpg,257,People,A group of men wearing black and white clothing stand in front of a building
images_616.jpg,257,Women,"Two women in a parking lot, one wearing a red dress and the other wearing a white shirt"
images_617.jpg,257,Parking lot,A blue car is parked in front of a blue building
images_618.jpg,257,Boat,A white boat with a blue stripe is being towed by a truck
images_619.jpg,257,Building,A large building with a blue sky above it
images_620.jpg,257,Car,A silver van with a welcome home daddy message on the back window
images_621.jpg,34,Bouncy house,A girl wearing a pink shirt and blue jeans is laying on a ball pit
images_622.jpg,34,Mosaic,"A colorful mosaic of letters and shapes, including the word ""gla"" and a heart"
images_623.jpg,34,Finger,A person with a white shirt and a finger pointing at balloons
images_624.jpg,34,Toy,"A colorful playground with a slide, a truck, and a boat"
images_625.jpg,34,Balloons,A colorful assortment of balloons with various colors and patterns
images_626.jpg,34,Baby,A baby sitting in a playpen with a green toy in its mouth
images_627.jpg,34,Eggs,"A pile of colorful, round, and bouncy balls"
images_628.jpg,34,Bouncy house,A little girl is playing in a ball pit filled with colorful balls
images_629.jpg,34,Child,A young boy wearing a red jacket is laying on a pile of colorful balls
images_630.jpg,34,Baby,A baby with a green diaper sitting on a rug with a bunch of eggs around it
images_631.jpg,34,Child,A little girl is laying in a red ball pit filled with colorful balls
images_632.jpg,34,Eggs,A bunch of purple and green eggs
images_633.jpg,34,Baby,"A baby is sitting in a blue inflatable pool, surrounded by balls and toys"
images_634.jpg,34,Children,A group of children are playing with legos on a carpet
images_635.jpg,34,Children,A group of children in a bouncy house with a green dragon toy
images_636.jpg,34,Children,"A group of children sitting in a ball pit, with one child wearing a pink dress"
images_637.jpg,34,Ball,A woman wearing a striped shirt and holding a ball in her hand
images_638.jpg,34,Baby,A baby in a play area with a ball in its hand
images_639.jpg,34,Cake,A cake with a colorful design made of candy and frosting
images_640.jpg,34,Boy,A boy in a black shirt is jumping on a ball pit with a lot of balls
images_641.jpg,224,Bird,A bird with brown feathers is flying over a marshy area
images_642.jpg,224,Man,A man wearing sunglasses and a black shirt is sitting on a log in a field
images_643.jpg,224,Ripples,A reflection of a boat in the water with a ripple effect
images_644.jpg,224,Birds,A pond with ducks swimming in it
images_645.jpg,224,House,A house with a red roof and a palm tree in front of it
images_646.jpg,224,River,A stream of water with green trees and bushes on the side
images_647.jpg,224,Dog,A white and black dog is walking through a forest with a few other dogs
images_648.jpg,224,Golf course,A green golf course with a palm tree in the foreground
images_649.jpg,224,Tree,A tree with a sunset in the background
images_650.jpg,224,Fishing,A man wearing a white towel is holding a fishing rod and standing next to a lake
images_651.jpg,224,House,A house with a red roof and a white door
images_652.jpg,224,Reflection,A man and woman are walking on a pathway near a body of water
images_653.jpg,224,Pond,A serene lake with a forest in the background
images_654.jpg,224,Pond,A body of water with a forest of trees in the background
images_655.jpg,224,Pond,A large building with a gold roof is reflected in a body of water
images_656.jpg,224,Smoke,A tree with a branch and a fire in the distance
images_657.jpg,224,Bird,A white bird with yellow beak standing in the water
images_658.jpg,224,River,A river with a muddy color and a grassy bank
images_659.jpg,224,Bridge,A group of women are standing on a wooden bridge over a river
images_660.jpg,224,Birds,A white bird is standing in a pond with green grass and water
images_661.jpg,159,Gazebo,A man sitting in a wooden gazebo at night
images_662.jpg,159,Picnic,A green umbrella is set up in a park with a bench underneath it
images_663.jpg,159,Gazebo,A green and brown gazebo in a park
images_664.jpg,159,Bench,A wooden gazebo with a metal street light in front of it
images_665.jpg,159,Bridge,A wooden bridge with a gazebo on the other side
images_666.jpg,159,Gazebo,A white gazebo with a blue roof and a white railing
images_667.jpg,159,Tent,A man in a suit standing next to a green tent
images_668.jpg,159,Patio,A wooden structure with a thatched roof and a table with chairs
images_669.jpg,159,Gazebo,A gazebo with a metal roof and a bench inside
images_670.jpg,159,Gazebo,A white gazebo with a black roof and a white bench
images_671.jpg,159,Palm tree,A view of a house with a white roof and a blue ocean in the background
images_672.jpg,159,Gazebo,A wooden gazebo with a metal roof and a bench inside
images_673.jpg,159,Tent,A large white tent with a blue roof is set up in a park
images_674.jpg,159,Gazebo,A wooden gazebo with a brown roof and a white fence
images_675.jpg,159,Bench,A red and white gazebo with a bird flying above it
images_676.jpg,159,Woman,A woman is sitting on a wooden bench under a canopy in a forest
images_677.jpg,159,Gazebo,A wooden gazebo with a brown roof and a clear glass top
images_678.jpg,159,Beach,Two chairs are sitting under a red umbrella on a beach
images_679.jpg,159,Gazebo,A red and grey dome structure with a metal roof and a red and grey metal frame
images_680.jpg,159,House,A large green tree with a brown trunk and a white building in the background
images_681.jpg,187,Snow,A snowy field with a house in the background and a tree in the foreground
images_682.jpg,187,Iceberg,A large iceberg is floating in the water
images_683.jpg,187,Waterfall,A view of a waterfall with snow on the ground and a bridge in the background
images_684.jpg,187,Man,A group of people in a snowy area with a man in a camouflage uniform
images_685.jpg,187,Plane,A view of the wing of a plane with the ocean in the background
images_686.jpg,187,Polar bear,A polar bear with a baby polar bear on its back
images_687.jpg,187,Ice,A plane flying over a large body of ice
images_688.jpg,187,Snow,A red flag is on a snowy mountain with a red flag sticking out of the snow
images_689.jpg,187,Island,A view of the land from the airplane window
images_690.jpg,187,Iceberg,"A large iceberg is in the water, with a sunset in the background"
images_691.jpg,187,Ice,A black and white photo of a snowy mountain with a white patch of snow
images_692.jpg,187,Snow,A snowy mountain with a cloudy sky above
images_693.jpg,187,Ice,A large iceberg with blue and white coloring
images_694.jpg,187,Waterfall,A frozen waterfall with a branch covered in ice
images_695.jpg,187,Man,A man wearing a fur coat and holding a stick stands on a snowy surface
images_696.jpg,187,Truck,A red truck with a man standing in front of it
images_697.jpg,187,Iceberg,A large iceberg with a blue color and a white texture
images_698.jpg,187,Glacier,A large ice wall with a blue and white color
images_699.jpg,187,Snowboarder,A man is sitting on a snowy mountain with a blue backpack and yellow shoes
images_700.jpg,187,Penguins,A penguin and its baby are standing on the snow
images_701.jpg,342,Fish,A rock with a fish on it in the water
images_702.jpg,342,Mermaid,A woman in a blue mermaid costume swimming underwater
images_703.jpg,342,Manatee,Two manatees swimming in the water
images_704.jpg,342,Coral,A close up of a coral reef with a bunch of coral and seaweed
images_705.jpg,342,Rock,A close up of a sea anemone with a green and brown color
images_706.jpg,342,Fish,A bright orange and white fish with a black and white stripe is surrounded by a seaweed-like plant
images_707.jpg,342,Swimsuit,A woman in a blue dress is laying on a bed
images_708.jpg,342,Fish,A fish swims past a coral reef with a yellow and orange color scheme
images_709.jpg,342,Fish,A yellow and white striped fish with a black spot on its tail swims in the ocean
images_710.jpg,342,Seal,A black and white photo of a seal in the water
images_711.jpg,342,Diver,"A group of people are diving in the ocean, with one person wearing a black wetsuit"
images_712.jpg,342,Diver,A person wearing a green and pink wet suit is diving under a rock
images_713.jpg,342,Fish,A yellow and blue fish swimming in front of a coral reef
images_714.jpg,342,Bubbles,A close up of a fish in the water with bubbles around it
images_715.jpg,342,Fish,"A colorful underwater scene with a coral reef, sea anemones, and a blue and yellow fish"
images_716.jpg,342,Fish,A green and white fish with a yellow stripe on its head
images_717.jpg,342,Fish,A close up of a coral reef with a clownfish and a sea anemone
images_718.jpg,342,Diver,"A man in a black wetsuit is diving in the ocean, surrounded by a variety of colorful fish"
images_719.jpg,342,Diver,A man wearing a flipper suit and a mask is swimming in the ocean
images_720.jpg,342,Rock,A yellow and black insect is sitting on a rock in a dirt field
images_721.jpg,215,Chair,A glass table with a white tablecloth and a chair in front of a window with blinds
images_722.jpg,215,Living room,A yellow couch with a potted plant on a table in front of it
images_723.jpg,215,Hotel room,"A room with a yellow wall, a television, a chair, a table, and a lamp"
images_724.jpg,215,Living room,"A living room with a brown couch, a table with a bowl of fruit, and a lamp"
images_725.jpg,215,Living room,"A living room with a black television, a wooden coffee table, and a couch with a white blanket"
images_726.jpg,215,Fireplace,"A cozy living room with a fireplace, a couch, a chair, and a television"
images_727.jpg,215,Chair,A black table with a television on top of it
images_728.jpg,215,Couch,A wooden coffee table with a red rug and brown couches
images_729.jpg,215,Patio,"A wooden deck with a table and chairs, a green umbrella, and a view of trees"
images_730.jpg,215,Carpet,A white cloth with red stains and a drill on it
images_731.jpg,215,Living room,"A living room with a television, a chair, a table, and a potted plant"
images_732.jpg,215,Couch,A person is laying on a couch with a red shirt and a yellowish glow
images_733.jpg,215,Floor,"A large, ornate mirror is the main subject of the image, which is displayed in a room with a marble floor"
images_734.jpg,215,Couch,"A living room with a brown couch, a table, and a green blanket"
images_735.jpg,215,Living room,A white couch with a white pillow and a flat screen TV in front of it
images_736.jpg,215,Living room,A black couch with red pillows and a black and white rug
images_737.jpg,215,Living room,"A large, fancy house with a spiral staircase and a fireplace"
images_738.jpg,215,Living room,"A living room with a brown couch, a glass table, and a rug"
images_739.jpg,215,Living room,"A living room with a brown couch, a glass table, and a bookshelf with books"
images_740.jpg,215,Fireplace,"A living room with a fireplace, a television, and a chair"
images_741.jpg,169,Plane,A large red and white airplane is on display in a building
images_742.jpg,169,Fan,A fan is hanging from the ceiling of a building
images_743.jpg,169,Plane,A grey airplane with red wheels and propellers
images_744.jpg,169,Military,A group of soldiers in uniforms are sitting in a room
images_745.jpg,169,Jet,A grey fighter jet is parked in a hangar
images_746.jpg,169,Airplane,A white and green jet is on display in a museum
images_747.jpg,169,Warehouse,A large building with a lot of construction equipment and a lot of construction workers
images_748.jpg,169,Plane,A white and black airplane with the number 37 on the side
images_749.jpg,169,Plane,A white and blue airplane with a red circle on the tail
images_750.jpg,169,Plane,A small airplane with blue and white colors flying in the sky
images_751.jpg,169,Plane,A black airplane with propellers is on display in a museum
images_752.jpg,169,Airplane,A black and white airplane is on display in a museum
images_753.jpg,169,Plane,A silver airplane with a star on the side is on display in a museum
images_754.jpg,169,Man shaking hand,A man in a blue shirt shakes hands with a man in a white shirt
images_755.jpg,169,Hangar,A group of people are standing in a large building with a red door
images_756.jpg,169,Plane,A grey fighter jet with a red and white tail
images_757.jpg,169,Plane,A silver airplane with a cartoonish painting of a man on a bicycle on the side
images_758.jpg,169,Plane,A grey fighter jet with a red circle on the tail
images_759.jpg,169,Car,A black car is parked in a garage with a blue sign on the wall
images_760.jpg,169,Plane,A white airplane with a blue tip and a blue tip on the wing
images_761.jpg,26,Bedroom,A small bedroom with a bed and a white dresser
images_762.jpg,26,Living room,"A living room with a couch, chair, and table"
images_763.jpg,26,Vent,A view of a room with a silver metal ventilation system
images_764.jpg,26,Wheelchair,A wheelchair is parked in a room with a blue blanket on the floor
images_765.jpg,26,Garage,A red and black power drill is in a room with a wooden floor
images_766.jpg,26,Storage,A room with a lot of boxes and a couch
images_767.jpg,26,Woman,A woman in a green shirt is sitting in front of a painting of a beach
images_768.jpg,26,Ducks,"Two rubber ducks are hanging from a window, one is yellow and the other is blue"
images_769.jpg,26,Insulation,A view of a room with a wooden chair and a metal pipe
images_770.jpg,26,Woman,A woman wearing an orange shirt is sitting on the floor in a wood-paneled room
images_771.jpg,26,Window,A wooden dresser with a window above it
images_772.jpg,26,Bedroom,A bedroom with a bed with a pink comforter and a picture of trees on the wall
images_773.jpg,26,Living room,A large room with a wooden floor and a lamp
images_774.jpg,26,Roof,A wooden ceiling with a window and a light
images_775.jpg,26,Roof,A dark room with a window and a wooden ceiling
images_776.jpg,26,Bed,A bedroom with a bed with a black comforter and red trim
images_777.jpg,26,Construction,A wooden framed building with a window and a door
images_778.jpg,26,Living room,A living room with a brown leather couch and a rug
images_779.jpg,26,Chandelier,A large chandelier hangs from the ceiling of a room with wood walls and windows
images_780.jpg,26,Gym,A room with a brown carpet and a wooden desk
images_781.jpg,55,Boat,A wooden boat with a blue and white carpet
images_782.jpg,55,Pool table,A pool table with a blue table cloth and a pool stick on the table
images_783.jpg,55,Wall,A black and yellow tarp is being held by a person
images_784.jpg,55,Pillow,Two orange pillows on a bed with a blue comforter
images_785.jpg,55,Bedroom,"A small bedroom with two beds, one of which is a loft bed"
images_786.jpg,55,Bed,A bedroom with a red bed and a window
images_787.jpg,55,Bed,A blue and white bedspread with a pattern of anchors
images_788.jpg,55,Bed,A bed with a tan comforter and a brown headboard
images_789.jpg,55,Floor,A room with a wooden floor and a picture on the wall
images_790.jpg,55,Bed,A bed with a brown blanket and pillows
images_791.jpg,55,Bed,A bedroom with a bed and a backpack on it
images_792.jpg,55,Bed,A white bed with a brown headboard and a white comforter
images_793.jpg,55,Cabin,A wooden boat with a blue and white striped seat
images_794.jpg,55,Staircase,A view of a bathroom with a red wall and a toilet
images_795.jpg,55,Car seat,A blue leather seat with a white base
images_796.jpg,55,Bed,A wooden bed with a blue blanket on the bottom bunk
images_797.jpg,55,RV,A small camper van with a wood floor and a white and brown color scheme
images_798.jpg,55,Boat,A blue couch with a wooden frame
images_799.jpg,55,Bedroom,A bedroom with a white bed and a brown wall
images_800.jpg,55,Couch,A glass coffee table with a book on top
images_801.jpg,206,Building,A large red building with a lot of debris and junk around it
images_802.jpg,206,Trash,A pile of trash with a red flag sticking out of it
images_803.jpg,206,Trash,A pile of trash is sitting in front of a building
images_804.jpg,206,Cow,A brown and white cow with horns is eating from a pile of trash
images_805.jpg,206,Truck,A green and black four wheeler is parked on a rock
images_806.jpg,206,Trash,A pile of trash with a bird flying over it
images_807.jpg,206,Baby,A young boy wearing blue and white shorts is sitting in the sand
images_808.jpg,206,Rock,A rock with a turtle on top of it
images_809.jpg,206,Bottles,A beach scene with a man walking and a bunch of blue glass bottles on the sand
images_810.jpg,206,Building,A pile of debris and rubble with a sign on it
images_811.jpg,206,Garbage,A yellow bulldozer with a red flag on top of a pile of trash
images_812.jpg,206,Mountain,A mountain covered in snow with a building on top
images_813.jpg,206,Hikers,A man and a dog are sitting on a rocky hillside
images_814.jpg,206,Bird,A white bird stands on a dirt bank near a body of water
images_815.jpg,206,Digger,A yellow bulldozer is digging up dirt on a construction site
images_816.jpg,206,Roller coaster,"A group of people are riding a roller coaster, with the roller coaster being red and white"
images_817.jpg,206,Trash,"A pile of trash, including a box of orange juice, is sitting in a room"
images_818.jpg,206,Tile,A close up of a tile floor with a mix of orange and pink tiles
images_819.jpg,206,Hill,A black and white photo of a hillside with a building on top
images_820.jpg,206,Trash,A woman in a black jacket and sunglasses is walking through a crowd of people
images_821.jpg,238,Man,A man playing a cello in a dark room
images_822.jpg,238,Man,A man wearing headphones and a black shirt
images_823.jpg,238,Concert,A man in a black shirt and black pants is playing a keyboard in front of a crowd
images_824.jpg,238,Man,Two men in a room with a piano and a computer
images_825.jpg,238,Band,A man playing guitar in front of a crowd
images_826.jpg,238,Mixer,A close up of a soundboard with a black and yellow color scheme
images_827.jpg,238,Children,Two children wearing red shirts are playing a piano
images_828.jpg,238,Man,A man wearing sunglasses and a black hat is sitting in a chair in front of a computer
images_829.jpg,238,Drum set,"A red drum set with a black and red drum, a red cymbal, and a black and red bass drum"
images_830.jpg,238,Man,A man playing a guitar with a microphone in front of him
images_831.jpg,238,Drummer,A man wearing jeans and a white shoe is sitting in a room with a drum set
images_832.jpg,238,Man,A man wearing a black shirt with a cartoon character on it
images_833.jpg,238,Men,A group of men wearing black and white standing in front of a computer screen
images_834.jpg,238,Band,A woman singing into a microphone while a man plays a cello
images_835.jpg,238,Bike,A bicycle with a black frame and a white seat is parked in a room with a piano and drums
images_836.jpg,238,Recording studio,"A black room with a computer, two chairs, and a couch"
images_837.jpg,238,Man,A man wearing sunglasses and a white shirt stands in front of a soundboard
images_838.jpg,238,Man,A man wearing a cowboy hat and a striped shirt is playing a guitar
images_839.jpg,238,Man,A man wearing a white shirt and holding a guitar
images_840.jpg,238,Man,A man wearing a green shirt is sitting at a soundboard
images_841.jpg,188,Skater,A woman in a white dress is performing a trick on ice
images_842.jpg,188,Skateboarding,"A group of people are skating on a rink, one of them is wearing a pink shirt"
images_843.jpg,188,Ice,A large ice rink with a blue color and a white texture
images_844.jpg,188,Hockey,A hockey player wearing a blue and red jersey and a white helmet
images_845.jpg,188,Skating,A young girl wearing a blue dress and holding a blue frisbee
images_846.jpg,188,Skating,Two girls wearing skating outfits and holding pumpkins
images_847.jpg,188,Child,A young girl wearing a red shirt and a green helmet is standing on a skateboard
images_848.jpg,188,Skater,A person wearing a red and white outfit is standing on ice
images_849.jpg,188,Skateboarding,A group of people wearing helmets and knee pads are skateboarding on a rink
images_850.jpg,188,Hockey team,A group of men wearing yellow jerseys and hats pose for a picture
images_851.jpg,188,Skating,A group of people wearing yellow raincoats and red and yellow hats
images_852.jpg,188,Skateboarder,A woman wearing a blue jacket and white pants is sitting on the ice
images_853.jpg,188,Hockey,A hockey player wearing a black jersey with the number 16 on it
images_854.jpg,188,Skater,A person wearing black and gold clothing is skating on ice
images_855.jpg,188,Skateboarding,A woman wearing a black shirt and shorts is standing on a rink
images_856.jpg,188,Ice skating,"A group of women wearing dresses and skirts, with one woman wearing a dress with a floral pattern"
images_857.jpg,188,Skating,A group of children playing ice hockey on a rink
images_858.jpg,188,Hockey,A hockey player wearing a white and black jersey and holding a hockey stick
images_859.jpg,188,Ice rink,A hockey rink with a blue ice surface and red seats
images_860.jpg,188,Hockey,A hockey player in a blue uniform is getting ready to shoot the puck
images_861.jpg,245,Building,A large building with a gold dome and a cross on top
images_862.jpg,245,Building,A black and white photo of a large building with a clock tower
images_863.jpg,245,Swimming pool,A large pool with a blue tarp and a building in the background
images_864.jpg,245,Buildings,A tall building with many windows and a red brick exterior
images_865.jpg,245,Building,A large building with many windows and a blue sky in the background
images_866.jpg,245,Building,A large brick building with many windows and a yellow sign
images_867.jpg,245,Building,A large white building with many windows and a flag on top
images_868.jpg,245,Building,A large building with a glass ceiling and a large glass window
images_869.jpg,245,Building,A large white building with many windows and a black roof
images_870.jpg,245,Building,A tall building with a blue and white color scheme is surrounded by trees
images_871.jpg,245,Building,A large brown building with many windows and a clock tower
images_872.jpg,245,Building,A reflection of a building in a glass window
images_873.jpg,245,Building,A large building with many windows and a clock tower
images_874.jpg,245,Cathedral,A large building with a clock tower and a red roof
images_875.jpg,245,Building,A large building with green roofs and a clock tower
images_876.jpg,245,Fountain,A fountain with water spraying out of it in front of a tall building
images_877.jpg,245,Men,A group of men in suits and ties are standing in front of a fountain
images_878.jpg,245,Sculpture,A large blue sculpture is in front of a building
images_879.jpg,245,Building,A large building with many windows and a clock tower
images_880.jpg,245,Skyscraper,A tall building with many windows and lights on at night
images_881.jpg,333,Tree,A green plant with a face on it
images_882.jpg,333,Snow,A snowy scene with a tree covered in snow and a bench covered in snow
images_883.jpg,333,Statue,"A statue of a dog is made of a bush, with a green color and a texture of leaves"
images_884.jpg,333,Bushes,A row of hedges with green leaves and a brick wall
images_885.jpg,333,Bushes,A garden with a fence and a bench with a green plant on it
images_886.jpg,333,Bunnies,A group of bunnies laying in the grass
images_887.jpg,333,Tree,A tree with no leaves and a few branches
images_888.jpg,333,Statue,A green plant with a face and a ball in its mouth
images_889.jpg,333,Sand,A computer generated image of a beach with a small building and a tree
images_890.jpg,333,Bushes,"A group of topiary sculptures in a garden, including a green sculpture of a man and a green sculpture of a woman"
images_891.jpg,333,Palm tree,A large green palm tree with a white building in the background
images_892.jpg,333,Man holding bird,A man wearing a brown shirt with a bird of prey in his hand
images_893.jpg,333,House,A large white house with green bushes and purple flowers
images_894.jpg,333,Garden,A garden with a pond and a green bush with a cone shaped top
images_895.jpg,333,Garden,A brick archway leads to a garden with a pathway and a variety of plants
images_896.jpg,333,Garden,A beautiful garden with green grass and hedges
images_897.jpg,333,Garden,A collage of pictures of a garden with a brick building and a walkway
images_898.jpg,333,Bush,A large green bush with a hedge cut in the shape of a square
images_899.jpg,333,Monkey,A green plant sculpture with a yellow face and a gold belt
images_900.jpg,333,Cottownwood grove,A sign for Cottonwood Grove is in front of a tree
images_901.jpg,211,Women,A woman in a black shirt sitting in a red chair
images_902.jpg,211,Man,A man wearing a brown robe and a beard is sitting at a table with a laptop
images_903.jpg,211,Woman,A woman in a black suit stands in front of a red and yellow wall
images_904.jpg,211,Meeting,"A group of people sitting around a table, with a man in a black suit sitting in front of a woman in a tan jacket"
images_905.jpg,211,Man,A man in an orange shirt is playing a video game while a man in a black shirt watches
images_906.jpg,211,Lecture,"A group of people are sitting in a room, watching a presentation on a large screen"
images_907.jpg,211,Court,A group of people sitting at a table with a brown table top
images_908.jpg,211,Speaker,"A large group of people are sitting in a large auditorium, with a stage in the center"
images_909.jpg,211,Speech,Three men wearing suits and ties are sitting at a table
images_910.jpg,211,Speaker,A man wearing a suit and tie is sitting at a table with a microphone in front of him
images_911.jpg,211,Microphone,A man wearing a hat is sitting at a table with two other people
images_912.jpg,211,Speaker,A man in a suit giving a speech to a group of people
images_913.jpg,211,Speaker,A man giving a speech in front of a large crowd of people
images_914.jpg,211,Concert,A group of musicians playing on stage in front of a crowd
images_915.jpg,211,Men,A group of men wearing suits and ties are sitting around a table
images_916.jpg,211,Man,A man wearing a black suit and a blue tie is sitting at a table
images_917.jpg,211,Man,A man wearing a suit and tie is sitting at a table
images_918.jpg,211,Speaker,A man in a suit stands at a podium in front of a group of people
images_919.jpg,211,Chambers,A large room with a red carpet and wooden chairs
images_920.jpg,211,Dinner,"A large room with a long table and chairs, the table is set for a dinner"
images_921.jpg,65,Boxing,A woman wearing a red and white boxing outfit is punching another woman in a boxing ring
images_922.jpg,65,Boxing,"A boxer wearing red and white is in the ring, and the referee is wearing a white shirt"
images_923.jpg,65,Boxing,"Two boxers in a ring, one wearing a black and blue outfit and the other wearing a white and blue outfit"
images_924.jpg,65,Boxing,Two boxers wearing red gloves and black masks are hugging each other
images_925.jpg,65,Boxing,"Two men in a boxing ring, one wearing a green glove and the other wearing a yellow glove"
images_926.jpg,65,Wrestling,"A wrestler wearing a black and gold costume is in the air, performing a move"
images_927.jpg,65,Boxing,A man in a red and white shorts is boxing in a ring
images_928.jpg,65,Boxer,A man wearing a white boxing glove and white shorts is standing in a boxing ring
images_929.jpg,65,Boxing,A man wearing a black shirt and black shorts is in a boxing ring with another man
images_930.jpg,65,Boxing,"A man wearing a black and red boxing uniform stands between two women, one wearing a red, white, and blue bikini and the other wearing a red, white, and blue dress"
images_931.jpg,65,Boxing,"A man is on the ground with his hands on his face, wearing a black and white shirt"
images_932.jpg,65,Boxing,A man in a blue shirt and black pants is standing over a group of people
images_933.jpg,65,Woman,A woman wearing a red bikini and holding a sign with the number 2 on it
images_934.jpg,65,Fight,"Two men are fighting in a ring, one is wearing a red belt"
images_935.jpg,65,Boxing,"Two boxers are in the ring, one with a red and white glove and the other with a red and white glove"
images_936.jpg,65,Boxer,A woman wearing a red and yellow boxing glove
images_937.jpg,65,Party,A woman in a pink dress is sitting on a rope
images_938.jpg,65,Boxing,Two men in blue and white boxing uniforms stand with their arms around each other
images_939.jpg,65,Wrestling,A man in orange and black wrestling clothes is being held down by another man in black and white
images_940.jpg,65,Boxing,A man wearing a yellow and red shorts is being held down by another man
images_941.jpg,25,Palm tree,A green and white palm tree in a greenhouse
images_942.jpg,25,Dome,A large building with a dome ceiling and a blue and white pattern
images_943.jpg,25,Staircase,A large sculpture of a staircase is displayed in a restaurant
images_944.jpg,25,Building,A large building with a metal roof and a wooden beam
images_945.jpg,25,Plant,A large plant with green leaves and brown stems is in a room with a brown floor
images_946.jpg,25,Building,A large building with a metal frame and a wooden ceiling
images_947.jpg,25,Statue,A group of people are standing in front of a statue of a woman
images_948.jpg,25,Window,A white building with many windows and a metal structure
images_949.jpg,25,Staircase,A staircase in a building with a green railing
images_950.jpg,25,Chandelier,"A large, ornate building with a grand entrance and a large chandelier"
images_951.jpg,25,Patio,"A living room with a glass ceiling, wicker chairs, and a table with a vase of flowers"
images_952.jpg,25,Building,A large building with a green door and a yellow light shining on it
images_953.jpg,25,Staircase,A large building with a glass staircase and a large window
images_954.jpg,25,People,A group of people walking in a large building with a green tint
images_955.jpg,25,Swimming pool,"A large room with a mural on the ceiling, a pool, and a painting of a woman"
images_956.jpg,25,Mall,A large mall with a spiral staircase and a large glass ceiling
images_957.jpg,25,People,"A group of people sitting in a room, one of them is wearing a blue shirt"
images_958.jpg,25,Mall,A large mall with a spiral staircase and a lot of people
images_959.jpg,25,Chandelier,A large chandelier with many different colored lights hanging from the ceiling
images_960.jpg,25,School,A group of people walking in a hallway with a red and white color scheme
images_961.jpg,149,Football player,A football player wearing a green jersey and white pants running on the field
images_962.jpg,149,Soccer,A woman in a yellow and blue jersey is kicking a soccer ball while another woman in a white and blue jersey tries to block her
images_963.jpg,149,Football,A man in a wheelchair is being lifted by a group of cheerleaders
images_964.jpg,149,Football,A football player wearing a red jersey with the number 12 on it
images_965.jpg,149,Football field,A football field with a red and black color scheme
images_966.jpg,149,Football,A group of young boys wearing blue and white football uniforms hugging each other on a field
images_967.jpg,149,Football,A football player in a blue uniform stands on the field
images_968.jpg,149,Stadium,A man is riding a golf cart on a grassy field in front of a stadium
images_969.jpg,149,Soccer,A man wearing a white jacket and blue pants is kneeling on a field
images_970.jpg,149,Football,A football player wearing a blue and white jersey with the number 99 on it
images_971.jpg,149,Football,A man wearing a red jersey with the number 40 on it
images_972.jpg,149,Football,A group of men wearing white shirts and khaki pants are standing on a field
images_973.jpg,149,Band,A group of people holding flags in front of a crowd
images_974.jpg,149,Football,A football game is taking place on a field with players wearing blue and white uniforms
images_975.jpg,149,Cheerleaders,A group of cheerleaders in purple and white uniforms are performing on a field
images_976.jpg,149,Football,"A football team is on the field, wearing black and orange uniforms"
images_977.jpg,149,Soccer,A soccer game is being played with a man in a white jersey looking on
images_978.jpg,149,Football,A football player wearing an orange jersey with the number 22 on it
images_979.jpg,149,Stadium,Two men wearing glasses and striped shirts pose for a picture at a stadium
images_980.jpg,149,Football,A football player wearing a blue jersey with the number 44 running on the field
images_981.jpg,359,Building,A building with a curved roof and a large window
images_982.jpg,359,Grass,"A group of tall, thin, and brown stems with long, thin, and brown hairs on the top"
images_983.jpg,359,Field,A field of wheat with a blue sky above
images_984.jpg,359,Grass,A close up of a field of brown grass with a yellowish tint
images_985.jpg,359,Wheat,A field of wheat with a yellow color and a texture of a dry grass
images_986.jpg,359,Wheat,A field of wheat with a blue sky in the background
images_987.jpg,359,Grass,"A tall brown grass with a yellow tip, blowing in the wind"
images_988.jpg,359,Building,A brick chimney with a blue sky in the background
images_989.jpg,359,Grass,A tall brown grass with a yellowish tint
images_990.jpg,359,Field,A field of wheat is being plowed by a tractor
images_991.jpg,359,Bird,A bird with a brown and white color pattern is flying in the air
images_992.jpg,359,Wheat,A field of wheat with a green color and a texture of a grassy field
images_993.jpg,359,Man and girl,"A man and a girl are standing in a field, the man is wearing a green shirt and the girl is wearing a purple shirt"
images_994.jpg,359,Field,A field of purple flowers with a blue sky in the background
images_995.jpg,359,Field,A black and white photo of a field of wheat
images_996.jpg,359,Field,A field of wheat with a yellow color and a texture of a straw
images_997.jpg,359,Grass,A field of tall grass with a building in the background
images_998.jpg,359,Grass,A field of tall brown grass with a blue sky in the background
images_999.jpg,359,Field,A field of brown grass with a blue sky in the background
images_1000.jpg,359,Flowers,A field of red flowers with a mix of green and brown grass
images_1001.jpg,88,People,A group of people in lab coats and a man in a blue shirt
images_1002.jpg,88,Man,A man wearing a yellow shirt and a tie stands next to a machine with a pipe coming out of it
images_1003.jpg,88,Men,A group of people wearing suits and ties are standing in front of a machine
images_1004.jpg,88,Man,A man wearing a white shirt and looking through a microscope
images_1005.jpg,88,Lab,A room with two green chairs and a table with a microscope on it
images_1006.jpg,88,Woman,A woman in a white lab coat stands in front of a counter with various bottles and vials
images_1007.jpg,88,Glass,A glass container with a white liquid inside
images_1008.jpg,88,Cooking,"A man and woman are making something in a classroom, the woman is wearing a black jacket and blue gloves"
images_1009.jpg,88,Machine,A white machine with a lot of buttons on it
images_1010.jpg,88,Man,A man wearing a white shirt and gloves stands in front of a shelf with a variety of items on it
images_1011.jpg,88,Lab,A large room with a lot of white cabinets and a lot of windows
images_1012.jpg,88,Machine,A white machine with a blue and white label
images_1013.jpg,88,Lab,A black and white photo of three men in a lab
images_1014.jpg,88,Coffee,A kitchen counter with three glass beakers on it
images_1015.jpg,88,Woman,A woman wearing a purple shirt and blue gloves is standing in a lab
images_1016.jpg,88,Lab,"A classroom with students and a teacher, the teacher is wearing a white lab coat"
images_1017.jpg,88,Lab,Two men wearing white lab coats are working on a project
images_1018.jpg,88,Man,A man in a plaid shirt is showing a computer screen to a group of people
images_1019.jpg,88,Man,A man wearing a white lab coat and glasses is holding a test tube
images_1020.jpg,88,Clock,A display of antique clocks and other timepieces in a museum
images_1021.jpg,38,Fireplace,A large room with a fireplace and a couch
images_1022.jpg,38,Group,A group of men wearing suits and ties are standing in front of a table with food
images_1023.jpg,38,Party,A group of people are sitting at a table in a room with a red table cloth
images_1024.jpg,38,Banquet,A group of people wearing suits and ties are sitting around a table
images_1025.jpg,38,Party,A group of people are standing around a table with a white tablecloth
images_1026.jpg,38,Table,A table with a fruit platter and a coffee cup on it
images_1027.jpg,38,Wedding,A large room with a long table set for a wedding reception
images_1028.jpg,38,Banquet,A large group of people are sitting at tables in a large room with a chandelier
images_1029.jpg,38,Women,A group of women wearing pink shirts and posing for a picture
images_1030.jpg,38,Wedding,A couple dancing in a room with a red light
images_1031.jpg,38,Table,A red table with a round table cloth and black napkins
images_1032.jpg,38,Wedding,A bouquet of flowers in a vase is the main subject of the image
images_1033.jpg,38,Dining room,"A large room with red tables and chairs, and a green and white table cloth"
images_1034.jpg,38,Table,A blue table cloth with a flower centerpiece on a blue table
images_1035.jpg,38,Dining room,A large dining room with a woman in black standing in the middle of the room
images_1036.jpg,38,Party,A group of people are sitting at a table with wine glasses and candles
images_1037.jpg,38,Table,A table with a vase of flowers on it
images_1038.jpg,38,Conference,A woman in a pink shirt stands in front of a table with a sign on it
images_1039.jpg,38,Dinner,A large room with a purple table cloth and white chairs
images_1040.jpg,38,Group,A group of people are posing for a picture in front of a table with a red and green striped wallpaper
images_1041.jpg,262,Pill bottle,A bottle of pills with a white cap and a white pill inside
images_1042.jpg,262,Book store,A store with wooden doors and shelves full of books
images_1043.jpg,262,Spices,A wooden shelf with many jars of spices and herbs
images_1044.jpg,262,Paint,A large collection of paint cans are displayed on a shelf
images_1045.jpg,262,Pharmacy,A woman in a black shirt is talking to a woman in a white shirt
images_1046.jpg,262,Lab,A man in a white lab coat is working in a lab with a woman in an orange shirt
images_1047.jpg,262,Pharmacy,A wooden desk with a counter top and a drawer
images_1048.jpg,262,Medicine,A glass display case with a variety of medications and vitamins
images_1049.jpg,262,Drug store,"A black and white photo of a store front with a sign that says ""Drugs"
images_1050.jpg,262,Store,"A store with a lot of items on the shelves and a sign that says ""ship and packages here"
images_1051.jpg,262,Medicine,A white cabinet with a black and white pill dispenser
images_1052.jpg,262,Pharmacy,"A red sign that says ""ask your pharmacist"" on a wall"
images_1053.jpg,262,Pharmacy,A man in a white shirt is talking to a man in a black shirt in a pharmacy
images_1054.jpg,262,Kitchen,"A man and woman are in a kitchen, the man is wearing a white sweater and the woman is wearing a camouflage shirt"
images_1055.jpg,262,Woman,A woman in a white lab coat smiles for the camera
images_1056.jpg,262,Warehouse,A large warehouse with blue shelves and a yellow floor
images_1057.jpg,262,Medical,A man and woman in blue scrubs are standing behind a table with a bunch of bottles on it
images_1058.jpg,262,Pharmacy,A group of people in white coats and pink shirts pose for a picture
images_1059.jpg,262,Store,A store with a blue and white color scheme
images_1060.jpg,262,Fresh to go,A woman in a blue coat is shopping in a grocery store
images_1061.jpg,91,Church,A large brown building with a red roof and a clock tower
images_1062.jpg,91,Church,A large white building with a flag on top
images_1063.jpg,91,Church,A large building with a gold dome on top and a cross on top of it
images_1064.jpg,91,Tree,A large tree with a green color and a brown texture
images_1065.jpg,91,Church,A church with two towers and a fountain in front of it
images_1066.jpg,91,House,A large brick building with a white roof and a black door
images_1067.jpg,91,Castle,A large castle with a stone wall and a green tree
images_1068.jpg,91,Building,A white building with a red door and gold trim
images_1069.jpg,91,Building,A large building with a yellow and red color scheme
images_1070.jpg,91,Building,A large building with a clock tower and a cross on top
images_1071.jpg,91,Church,A black and white photo of a church with a green lawn
images_1072.jpg,91,Boat,A black and white photo of a group of people rowing in a lake in front of a large house
images_1073.jpg,91,House,A large wooden house with a black roof and a stone wall
images_1074.jpg,91,Castle,A large castle with a bridge in front of it
images_1075.jpg,91,Church,A large brick building with a cross on top of it
images_1076.jpg,91,Castle,"A large, old building with a green tree growing on the side"
images_1077.jpg,91,Building,A large stone building with a castle-like appearance
images_1078.jpg,91,Church,A blue and gold sign is in front of a church
images_1079.jpg,91,Building,A building with a blue and gold color scheme
images_1080.jpg,91,Church,A church with a brick exterior and a cross on top of the building
images_1081.jpg,299,Shed,A small green building with a white roof and a blue door
images_1082.jpg,299,Barn,A wooden shed with a shingled roof and a doorway
images_1083.jpg,299,Shed,A white shed with a black roof and a white door
images_1084.jpg,299,Barn,A wooden building with a window and a metal gate
images_1085.jpg,299,Barn,A small building with a light on top of it
images_1086.jpg,299,Yellow flowers,A red and white house sits on a hillside with yellow flowers in the foreground
images_1087.jpg,299,Building,A large brick building with many windows and a red roof
images_1088.jpg,299,Yard,A view of a yard with a wooden deck and a shed
images_1089.jpg,299,Shed,A small white shed with green trim
images_1090.jpg,299,Shed,A wooden shed with a table and chairs inside
images_1091.jpg,299,Barn,A barn with a windmill on top of it
images_1092.jpg,299,Porch,A white house with a porch and a garden with flowers and pots
images_1093.jpg,299,Shack,"A small wooden building with a purple tint, sitting on a grassy area"
images_1094.jpg,299,Shed,A man wearing a backpack is standing in front of a small wooden building
images_1095.jpg,299,Bridge,A rusty bridge with a small building on top
images_1096.jpg,299,Swimming pool,A small white building with a red roof and a red door
images_1097.jpg,299,Barn,A large brown building with a red roof and a brown tower
images_1098.jpg,299,Barn,A wooden barn with a blue sky in the background
images_1099.jpg,299,Cabin,A wooden cabin with a snow covered roof and a green container
images_1100.jpg,299,House,A small house with a chimney and a tree in front of it
images_1101.jpg,157,House,A brick house with a blue garage door and a purple fence
images_1102.jpg,157,House,A brick house with a white garage door and a green bush in front of it
images_1103.jpg,157,House,A large house with a white garage door and a brick driveway
images_1104.jpg,157,Building,A red brick building with a tree in front of it
images_1105.jpg,157,House,A large brick house with a basketball goal in the driveway
images_1106.jpg,157,House,A white house with a flag on the roof
images_1107.jpg,157,Van,A silver van is parked in a narrow alleyway
images_1108.jpg,157,House,A large house with a black roof and grey siding
images_1109.jpg,157,House,A green house with a white door and a green roof
images_1110.jpg,157,House,A yellow house with a white garage door and a tree in front of it
images_1111.jpg,157,Car,A white convertible sports car with a black top and a white interior
images_1112.jpg,157,House,A black van is parked in front of a house with a brown roof
images_1113.jpg,157,Garage,A blue garage with a white door and a green car parked in front of it
images_1114.jpg,157,House,A house with a white roof and a tree in front of it
images_1115.jpg,157,House,A house with a red roof and tan walls
images_1116.jpg,157,House,A house with a tan roof and a white garage door
images_1117.jpg,157,House,A large tree with green leaves and a brown trunk
images_1118.jpg,157,Garage,A man standing in a room with a refrigerator and a freezer
images_1119.jpg,157,House,A house with a green lawn and a palm tree in front of it
images_1120.jpg,157,Garage,A small white building with a blue roof and a white fence
images_1121.jpg,268,Playground,A playground with a red slide and a man in a blue shirt climbing the slide
images_1122.jpg,268,Swing,A man sitting on a swing in a park
images_1123.jpg,268,Slide,A little girl wearing a blue and pink jacket is sitting in a red slide
images_1124.jpg,268,Girl,A young girl with long hair is smiling at the camera
images_1125.jpg,268,Swing,A man in a red shirt is holding a little girl on a swing
images_1126.jpg,268,Slide,A woman wearing a white shirt is laying on a blue slide
images_1127.jpg,268,Train,A yellow and blue train car with a red ladder
images_1128.jpg,268,Church,A group of people are standing in front of a church with a red roof
images_1129.jpg,268,Playground,A playground with a yellow slide and a green slide
images_1130.jpg,268,Park,A black and white photo of a playground with a group of children playing
images_1131.jpg,268,Swing,"A man in a grey shirt is sitting on a swing, with a blurry background"
images_1132.jpg,268,Child,"A child is playing with a red and yellow toy, which is a bird"
images_1133.jpg,268,Playground,A group of children playing on a playground slide
images_1134.jpg,268,Snow,A playground slide covered in snow
images_1135.jpg,268,Playground,A girl in a white dress is playing with a blue ball on a playground
images_1136.jpg,268,Swing,A girl in a pink shirt is swinging on a swing set
images_1137.jpg,268,Swing,A tire swing with a green tire and a red pole
images_1138.jpg,268,Swing,A little girl sitting on a swing with a pink seat
images_1139.jpg,268,Smoke,A fireman is standing in front of a fire
images_1140.jpg,268,Swing,"A green slide is in a cemetery, surrounded by graves and a tree"
images_1141.jpg,334,Temple,A beautiful sunset with a silhouette of a temple in the background
images_1142.jpg,334,Water,A river with a bridge and a mountain in the background
images_1143.jpg,334,Building,A white building with a pointed roof and a weather vane on top
images_1144.jpg,334,Church,A large windmill with a clock tower and a church in the background
images_1145.jpg,334,People,A group of people walking in front of a building with a gold roof
images_1146.jpg,334,Clock tower,A large white building with a clock tower and a steeple
images_1147.jpg,334,Skyscraper,A tall building with a yellow and glass exterior
images_1148.jpg,334,Man on shoulders,"A man is standing on top of another man's shoulders, both wearing black and white"
images_1149.jpg,334,Building,A large brick building with a clock tower and a steeple
images_1150.jpg,334,Flowers,A bunch of red flowers in front of a building
images_1151.jpg,334,Castle,A castle with a flag on top of it
images_1152.jpg,334,Tower,A black and white photo of a large white building with a clock tower
images_1153.jpg,334,Church,A tall brick building with a cross on top and a clock on the side
images_1154.jpg,334,Building,A large building with a clock tower and a steeple
images_1155.jpg,334,Eiffel tower,"A tall, gray, and textured building with a pointed top, surrounded by trees"
images_1156.jpg,334,Castle,A group of people are standing in front of a large stone building with a clock tower
images_1157.jpg,334,Building,A large stone building with a clock tower and a steeple
images_1158.jpg,334,Skyscraper,"A tall tower with a spire on top, surrounded by clouds and fog"
images_1159.jpg,334,Building,A large building with a clock tower and a blue sky
images_1160.jpg,334,Water tower,A green and blue water tower with graffiti on it
images_1161.jpg,10,Wall,A rock wall with a brick archway and a stone bridge
images_1162.jpg,10,Building,A stone building with a vine growing on it
images_1163.jpg,10,Bridge,A black and white photo of a bridge over a field
images_1164.jpg,10,Bridge,A bridge with a metal structure and a wooden walkway
images_1165.jpg,10,Bridge,A man and woman are standing in front of a green and red bridge
images_1166.jpg,10,Arch,A brick building with arches and a flag on a pole
images_1167.jpg,10,Bridge,A bridge with arches and a car driving under it
images_1168.jpg,10,Bridge,A stone bridge with arches and a green hillside
images_1169.jpg,10,Waterfall,A view of a river with water flowing through a city
images_1170.jpg,10,Bridge,A man in a blue shirt walks on a sidewalk near a bridge
images_1171.jpg,10,Boat,A red boat with a black bottom is on a river
images_1172.jpg,10,Building,A man standing in front of a stone building with a brick archway
images_1173.jpg,10,Bridge,A stone bridge with a blue sign on it
images_1174.jpg,10,Building,A white bus is driving down a street in front of a large stone building with arches
images_1175.jpg,10,Bridge,A bridge over a valley with a metal walkway
images_1176.jpg,10,Bridge,A large stone bridge with arches and a tree in front of it
images_1177.jpg,10,City,A city skyline with a tall building and a bridge
images_1178.jpg,10,Bridge,A group of men riding bikes with red and yellow boxes on the back
images_1179.jpg,10,Beach,A beach scene with a person walking on the sand
images_1180.jpg,10,Arch,A picture of a stone archway with a bird flying over the water
images_1181.jpg,231,Hawkins motel,A Hawkins Motel sign is in front of a red building
images_1182.jpg,231,Fishing,"A group of people are standing on a pier, some of them are wearing hats"
images_1183.jpg,231,Building,A large building with a flag on top of it
images_1184.jpg,231,Motel,A motel sign is on the side of a building
images_1185.jpg,231,House,A large green house with a black roof and a white chimney
images_1186.jpg,231,Ice cream truck,A colorful ice cream truck is parked in a parking lot
images_1187.jpg,231,Hotel,A yellow building with a red roof and a clock tower
images_1188.jpg,231,Car,A white car is parked in front of a hotel
images_1189.jpg,231,Building,"A white building with green trim and a sign that says ""Sunday"" on it"
images_1190.jpg,231,Sign,A sign for a restaurant that has a picture of a ship on it
images_1191.jpg,231,Motel,A motel sign with a red and white color scheme
images_1192.jpg,231,Garden,A garden with a stone wall and a potted plant
images_1193.jpg,231,Street,A red car is parked in front of a large building
images_1194.jpg,231,Motel,A motel sign is on the side of the road
images_1195.jpg,231,Motel,A fence in front of a motel sign
images_1196.jpg,231,Swimming pool,A large pool with a blue color and palm trees surrounding it
images_1197.jpg,231,Town motel,A red and white sign for a motel
images_1198.jpg,231,Hotel,A parking lot with a silver car and a truck parked in front of a motel
images_1199.jpg,231,Cafe,"A diner with a red roof and a sign that says ""breakfast"
images_1200.jpg,231,Houses,A small wooden house with a red door and a sign on the front
images_1201.jpg,225,Karate,A man wearing a white karate uniform is standing next to a small boy wearing a karate uniform
images_1202.jpg,225,Man,A man wearing a white karate uniform with a red belt
images_1203.jpg,225,Martial arts,A man in a blue shirt is being held down by another man in a black shirt
images_1204.jpg,225,Karate,A man in a blue shirt is teaching a group of children karate
images_1205.jpg,225,Martial arts,A group of people wearing black and white karate uniforms
images_1206.jpg,225,Team,A group of men wearing black shirts and black pants pose for a picture
images_1207.jpg,225,Boxing,A man in a black shirt and black shorts is standing in front of a man in a white shirt and black shorts
images_1208.jpg,225,Fight,"Two men are fighting in a ring, one is wearing a yellow and black outfit"
images_1209.jpg,225,Dancer,A woman in a black and white outfit is performing a dance on stage
images_1210.jpg,225,Man,A man wearing a black karate uniform is holding a sword
images_1211.jpg,225,Fight,A man wearing a black tank top and red socks is hugging another man in a blue and white shirt
images_1212.jpg,225,Fencing,"Two people in white uniforms are fencing, one is wearing a white shirt and the other is wearing a white jacket"
images_1213.jpg,225,Kids,Two girls wearing white karate uniforms
images_1214.jpg,225,Skateboarding,A woman wearing a red and white shirt and black knee pads is playing roller derby
images_1215.jpg,225,Boxing,A man wearing a blue helmet is boxing in a gym
images_1216.jpg,225,Karate,"A man and woman are fighting in a room, the man is wearing a white shirt and the woman is wearing a white outfit"
images_1217.jpg,225,Boxing,A man in a white jacket shakes hands with a man in a black jacket
images_1218.jpg,225,Yoga,A group of people sitting on the floor in front of a wall with a sign on it
images_1219.jpg,225,Fight,Two men in red shirts are fighting with swords
images_1220.jpg,225,Martial arts,"A man is on the ground in a red ring, with his hands on his knees"
images_1221.jpg,77,Building,A large brick building with a green lawn in front of it
images_1222.jpg,77,Crane,A large crane is in front of a building with a windmill on top
images_1223.jpg,77,Crowd,"A large crowd of people gathered in a field, with a woman in a white shirt standing in front of them"
images_1224.jpg,77,Building,A large building with a white roof and a blue car parked in front of it
images_1225.jpg,77,Snow,A snowy sidewalk in front of a brick building with a tree in the background
images_1226.jpg,77,Graduation,A group of people wearing black caps and gowns
images_1227.jpg,77,Building,A large building with a green roof and a statue in front of it
images_1228.jpg,77,Building,A large brick building with many windows and a red roof
images_1229.jpg,77,Graduation,"A group of people, including a man in a cap and gown, pose for a picture"
images_1230.jpg,77,Tree,A statue in a park with a tree in the background
images_1231.jpg,77,Skateboarder,A young man wearing a blue sweater and khaki pants is riding a skateboard down a sidewalk
images_1232.jpg,77,Walking,"A group of people walking down a sidewalk, one of them is wearing a red dress"
images_1233.jpg,77,Building,A large building with many windows and a yellow taxi in front of it
images_1234.jpg,77,Park,A park with a green field and a tree in the middle of a city
images_1235.jpg,77,House,A large brick building with a white roof and many windows
images_1236.jpg,77,Snow,A snowy pathway with a tree in the middle and a building in the background
images_1237.jpg,77,Building,A large building with a tree in front of it
images_1238.jpg,77,Car,A man standing in front of a vintage car with a black and white color scheme
images_1239.jpg,77,Trees,"A fence surrounds a house with a brick chimney, and the sky is blue"
images_1240.jpg,77,Speaker,A man giving a speech in front of a group of people
images_1241.jpg,294,Children,"A young boy and girl are playing with sand and water, the girl is wearing a blue vest"
images_1242.jpg,294,Boy,A little boy is sitting in a colorful tent
images_1243.jpg,294,Boy,A young boy wearing a colorful swimsuit stands in front of a waterfall
images_1244.jpg,294,Woman,Two women and a baby are sitting on the sand
images_1245.jpg,294,Sand sculpture,A group of people are posing for a picture in front of a sand sculpture
images_1246.jpg,294,Girl,A young girl is kneeling in front of a statue of the American flag
images_1247.jpg,294,Soccer player,A man wearing a white shirt and blue shorts is laying on the ground
images_1248.jpg,294,Swing,A black and white photo of a group of children playing on a swing set
images_1249.jpg,294,Family,"A group of people, including a man and a woman, are standing around a table with a child"
images_1250.jpg,294,Children,A young boy is sitting on the floor next to a box of a coffee maker
images_1251.jpg,294,Baby,A young boy wearing a brown shirt and plaid shorts is sitting in a plastic container
images_1252.jpg,294,Man,A man in a green shirt is reaching into a box of chicks
images_1253.jpg,294,Girl,A young girl wearing a pink sweatshirt sits on the sand
images_1254.jpg,294,Baby,A woman in a red robe is holding a baby in a red outfit
images_1255.jpg,294,Brick,"Two people are working on a garden, one is wearing a red shirt and the other is wearing a blue shirt"
images_1256.jpg,294,Swing,"A group of children are swinging on a swing set, with one child wearing a green hat"
images_1257.jpg,294,Sand,"A woman and two boys are playing in the sand, with the woman wearing a pink shirt"
images_1258.jpg,294,Woman,A woman wearing a grey jacket and sunglasses is sitting on a blanket on the beach
images_1259.jpg,294,Child,"A young boy is sitting in a green sandbox, surrounded by various toys"
images_1260.jpg,294,Men,"Two men are sitting on the beach, one of them is wearing a striped shirt"
images_1261.jpg,264,Glass,A glass tube with a blue handle
images_1262.jpg,264,Gear,A close up of a Triaxis electronic device with a green background
images_1263.jpg,264,Boy,A young boy wearing headphones and a blue striped shirt is playing a video game
images_1264.jpg,264,French films,A man wearing black jeans and a black shirt is playing a guitar on stage
images_1265.jpg,264,Robot,A person is working on a robotic vehicle that is white and red
images_1266.jpg,264,Woman,A woman in a military uniform is sitting at a desk with a notebook and a computer
images_1267.jpg,264,Man,A man with a black shirt looking at the camera
images_1268.jpg,264,Google,A neon sign that says Google is sitting on a desk
images_1269.jpg,264,Machine,A large metal machine with a gold color and a lot of gears
images_1270.jpg,264,Bike,A close up of a yellow and black bicycle chain
images_1271.jpg,264,Machine,A white and purple machine with a green background
images_1272.jpg,264,Boy,A young boy wearing a blue shirt and plaid shorts is standing in front of a tank
images_1273.jpg,264,Drummer,A man wearing headphones and a black shirt is playing drums
images_1274.jpg,264,Wires,A close up of a machine with many wires and a silver color
images_1275.jpg,264,Man,A man in a blue uniform is working on a laptop computer
images_1276.jpg,264,Camera,A close up of a chrome collar with a red circle around the number 9
images_1277.jpg,264,Bicycle,A close up of a bicycle wheel with a yellow rim
images_1278.jpg,264,Lab,A person wearing a blue jacket is working on a machine
images_1279.jpg,264,Electronics,"A table with a computer monitor, wires, and other electronic equipment"
images_1280.jpg,264,Video game,"A man in a blue shirt is pointing at a video game, which is displayed on a large screen"
images_1281.jpg,167,Cave,A blue underwater cave with a blue line going through it
images_1282.jpg,167,Cave,A cave with a blue light shining through it
images_1283.jpg,167,Diver,A person wearing a black and green wet suit is diving into a cave
images_1284.jpg,167,Water,A blue and white ocean scene with a rocky outcropping and a blue water surface
images_1285.jpg,167,Cave,A cave with a yellowish color and a lot of stalactites
images_1286.jpg,167,Volcano,A black and white photo of a mountain with a white and black color scheme
images_1287.jpg,167,Lake,A beautiful blue lake with a forest of trees surrounding it
images_1288.jpg,167,Cave,A green waterfall with a rocky cave in the middle
images_1289.jpg,167,Rock,A rock formation with a brown color and a texture of a mushroom
images_1290.jpg,167,Woman,A woman wearing a gray hoodie and black shorts stands in front of a rocky cliff
images_1291.jpg,167,Cave,"A cave with stalactites and stalagmites, the stalactites are white and the stalagmites are brown"
images_1292.jpg,167,Rock,A rock formation with a blue ocean in the background
images_1293.jpg,167,Waterfall,"A waterfall with a white flow, surrounded by rocks and trees"
images_1294.jpg,167,People,"A group of people, including a woman in a purple jacket, are standing in a cave"
images_1295.jpg,167,Waterfall,A waterfall in a cave with a green pool and a rocky wall
images_1296.jpg,167,Cave,A blue waterway with a cave entrance and a green waterway with a cave entrance
images_1297.jpg,167,Cave,"A view of a waterfall through a cave, with a blue waterfall and a green mossy area"
images_1298.jpg,167,Bat,A dead bat is hanging from a hole in a rock wall
images_1299.jpg,167,Man,A man wearing a black hat and a grey shirt is swimming in a dirty pool
images_1300.jpg,167,Beach,A beach with a waterfall and a rocky cliff
images_1301.jpg,321,Grocery store,A woman in a blue shirt is looking at a shelf of food
images_1302.jpg,321,Jelly,A stack of white jars with a picture of a baby elephant on the front
images_1303.jpg,321,Food,"A variety of foods are displayed in plastic containers, including a mix of fruits and vegetables"
images_1304.jpg,321,Girl,A young girl wearing a pink jacket and a pink shirt is sitting in a shopping cart
images_1305.jpg,321,Rice,A bowl of rice with yellow vegetables and meat
images_1306.jpg,321,Vegetables,A display of vegetables and toys in a grocery store
images_1307.jpg,321,Shopping,A woman in a pink shirt is pushing a shopping cart in a grocery store
images_1308.jpg,321,Market,A store with a wooden counter and a woman standing in front of it
images_1309.jpg,321,Wine,A woman in a black jacket is pushing a shopping cart through a wine store
images_1310.jpg,321,Fruit,A fruit and vegetable display in a grocery store
images_1311.jpg,321,Bananas,A bunch of bananas are displayed in a store
images_1312.jpg,321,Bottles,"A store shelf with a variety of drinks, including a bottle of soda"
images_1313.jpg,321,Bottles,A display of bottles of a drink with a red and orange label
images_1314.jpg,321,Fruit,A woman is standing in front of a produce section with a variety of fruits and vegetables
images_1315.jpg,321,Vegetables,"A variety of vegetables, including broccoli, are displayed in a market"
images_1316.jpg,321,Shopping,A woman in a black coat is pushing a shopping cart in a grocery store
images_1317.jpg,321,Meat,A meat display with a variety of meats and sausages
images_1318.jpg,321,Man,A man with a beard and glasses is standing in a store with a shelf full of liquor bottles
images_1319.jpg,321,Man,A man wearing a gray suit and black shirt is smiling in front of a wine store
images_1320.jpg,321,Flowers,A bunch of pink flowers in a green basket
images_1321.jpg,223,Market,A man standing in front of a table full of food
images_1322.jpg,223,Market,A man is standing in front of a table full of spices and seasonings
images_1323.jpg,223,Jewelry,"A table full of jewelry, including necklaces, bracelets, and earrings"
images_1324.jpg,223,Chocolate,A man and woman are standing in front of a table full of chocolate products
images_1325.jpg,223,Woman,"A woman sits under a large umbrella, which is white and yellow"
images_1326.jpg,223,Woman,A woman in a red dress stands in front of a flower arrangement
images_1327.jpg,223,Market,"A wooden structure with a sign that says ""Golden Market"" on top"
images_1328.jpg,223,Plant,A sign for mint basil is displayed in a garden setting
images_1329.jpg,223,People,"A man and two women are standing around a table with various items on it, including a horse statue"
images_1330.jpg,223,Food,A man and woman are eating from a large silver container
images_1331.jpg,223,Food,A collage of photos of people selling food on the street
images_1332.jpg,223,Fruit,A box of organic pineapple is on display
images_1333.jpg,223,Street,A man in a white shirt is walking down a street with a crowd of people
images_1334.jpg,223,Chicken,A man in a red hoodie is holding a chicken in his hands
images_1335.jpg,223,Crowd,"A large group of people are gathered in a city street, with a crowd of people standing in front of a building"
images_1336.jpg,223,Man,A man wearing a striped shirt and a hat is standing in front of a group of people
images_1337.jpg,223,Street,"A street with a row of trees and a variety of food stands, including a pizza stand"
images_1338.jpg,223,Tent,A group of people standing in a field with a red tent in the background
images_1339.jpg,223,Market,A woman in a white shirt is standing in front of a table full of food
images_1340.jpg,223,Man,A man wearing a blue shirt and white pants is sitting next to a motorcycle
images_1341.jpg,293,Plane,A blue and white airplane is parked on the runway
images_1342.jpg,293,Plane,A yellow airplane with two propellers and a yellow and blue tail
images_1343.jpg,293,Helicopter,A green helicopter with a yellow blade flying over a city
images_1344.jpg,293,Plane,A black and white photo of a jet plane with a man in the cockpit
images_1345.jpg,293,Jet,A silver fighter jet with a black nose and a black wheel
images_1346.jpg,293,Plane,A large white airplane with red and blue accents is parked on the runway
images_1347.jpg,293,Highway,A view of a road from the front of a plane
images_1348.jpg,293,Airplane,A large silver airplane with a red and blue tail flying in the air
images_1349.jpg,293,Airplane,A large silver plane with a pink nose and wheels flying over a grassy field
images_1350.jpg,293,Plane,A large white and red airplane is parked on the runway
images_1351.jpg,293,Space shuttle,A group of four men wearing blue jumpsuits stand in front of a space shuttle
images_1352.jpg,293,Airplane,A large white airplane with two engines on the bottom
images_1353.jpg,293,Jet,A blue fighter jet with the number 134 on the tail
images_1354.jpg,293,Plane,A silver airplane flying over a city with a lake below
images_1355.jpg,293,Plane,A large white airplane with a blue tail on the runway
images_1356.jpg,293,Airplane,A large airplane with a blue tail and a yellow nose is on the runway
images_1357.jpg,293,Airplane,A large white airplane with red and blue stripes on the side
images_1358.jpg,293,Runway,A runway with a white line on it
images_1359.jpg,293,Plane,A large white airplane with red and white wings flying in the sky
images_1360.jpg,293,Airplane,A silver airplane with a black nose and propellers
images_1361.jpg,94,Boat,A man in a blue kayak is paddling in front of a rocky cliff
images_1362.jpg,94,Stairs,A metal railing on a stairway with a red brick wall in the background
images_1363.jpg,94,Man,A man wearing a red jacket and a black hat is standing on a rocky hillside
images_1364.jpg,94,Shore,A view of the beach with a rocky shore and a tree in the foreground
images_1365.jpg,94,Rock,A rocky cliff with a large rock and a small rock with a hole in it
images_1366.jpg,94,Lighthouse,"A lighthouse is seen in the distance, with a blue sky above"
images_1367.jpg,94,Road,A street with a white line and a blue sky
images_1368.jpg,94,Mountains,A snowy mountain with a dirt road and a power line
images_1369.jpg,94,Rock,A rock formation with a cave in the middle of the beach
images_1370.jpg,94,Ocean,A view of the ocean from a hill with a grassy area and a rocky coastline
images_1371.jpg,94,Ocean,A rocky cliff overlooking a body of water
images_1372.jpg,94,Ocean,"A view of the ocean from a cliff, with the sun shining on the water"
images_1373.jpg,94,Waterfall,"A waterfall with a green and brown color, surrounded by trees and mountains"
images_1374.jpg,94,Ocean,A rocky coastline with a blue ocean and a rocky island in the middle
images_1375.jpg,94,Shore,A rocky beach with a rocky cliff and a body of water
images_1376.jpg,94,Beach,"A beach scene with a rocky cliff, sand, and water"
images_1377.jpg,94,Cliff,A rocky cliff overlooking the ocean with a grassy area in the foreground
images_1378.jpg,94,Ocean,A beautiful view of the ocean with a cliff in the foreground
images_1379.jpg,94,Ocean,A beautiful blue ocean with a cliff overlooking the water
images_1380.jpg,94,Ocean,A rocky cliff overlooking the ocean with a rocky surface and a blue ocean
images_1381.jpg,85,Graffiti,A dark tunnel with graffiti on the walls and a light hanging from the ceiling
images_1382.jpg,85,Tunnel,A tunnel with a brick wall and a light shining through
images_1383.jpg,85,Cave,A dark cave with a light shining on the wall
images_1384.jpg,85,Stairs,A stone staircase with a brick archway above it
images_1385.jpg,85,Tunnel,A tunnel with a light shining on the wall
images_1386.jpg,85,Skulls,A wall of skulls with a yellow background
images_1387.jpg,85,Swimming pool,A man and woman are swimming in a pool under a green light
images_1388.jpg,85,Tunnel,A person is standing in a tunnel with a light on
images_1389.jpg,85,Building,A stone building with a brick wall and a stone statue of a man with a brick head
images_1390.jpg,85,Cave,"A man is standing in a dark cave, with a brown texture and a black and white photo"
images_1391.jpg,85,Tunnel,A woman in a white dress is walking down a hallway with a stone wall
images_1392.jpg,85,Cave,A dark cave with a blue light shining in the middle
images_1393.jpg,85,Woman,A woman with long hair and a necklace is standing in a dark room
images_1394.jpg,85,Building,A brown building with a window and a carved design on the wall
images_1395.jpg,85,Bridge,A stone bridge with a waterfall underneath it
images_1396.jpg,85,Man,A man in a black shirt and jeans is holding a bag while standing in a dark tunnel
images_1397.jpg,85,Tunnel,A dark tunnel with a brick wall and a metal pipe
images_1398.jpg,85,Tunnel,A dark room with a yellow brick wall and a stone archway
images_1399.jpg,85,Fireplace,A large brown pot with a fire inside of it
images_1400.jpg,85,Writing,A wall with a green color and a lot of writing on it
images_1401.jpg,37,Woman,A woman in a black shirt is standing in front of a wooden door
images_1402.jpg,37,Tunnel,A boat is traveling through a tunnel that is brown in color
images_1403.jpg,37,Man,A man wearing a gray jacket and a white shirt is holding a piece of a computer chip
images_1404.jpg,37,Vault,A large silver vault with a small window and a key slot
images_1405.jpg,37,Car,A black and yellow steering wheel with a digital display
images_1406.jpg,37,Speaker,A black speaker with a silver grill
images_1407.jpg,37,Clock,A large metal box with a clock on the side
images_1408.jpg,37,Vault,A large metal vault is sitting in a room
images_1409.jpg,37,Label,"A close up of a metal object with a label that says ""please"
images_1410.jpg,37,Speaker,A speaker is mounted on a blue wall
images_1411.jpg,37,Woman,A woman wearing a brown dress and holding a white bag
images_1412.jpg,37,Safe,A large metal box with a silver color and a key slot on the side
images_1413.jpg,37,Stairs,A man wearing a gas mask and a plaid shirt stands in front of a staircase
images_1414.jpg,37,Vault,A large silver vault with a gold interior and a keypad
images_1415.jpg,37,Graffiti,A dirty bathroom with graffiti on the walls
images_1416.jpg,37,Woman,A woman wearing a blue shirt and a white bag is standing in front of a glass door
images_1417.jpg,37,Jail,A white door with a metal gate in front of it
images_1418.jpg,37,Door,A rusty door with a keyhole and a chain on the door
images_1419.jpg,37,Door,A person in a blue shirt is walking down a staircase
images_1420.jpg,37,Mirror,A mirrored image of a room with a white wall and a blue and pink color scheme
images_1421.jpg,127,Sidewalk,A sign advertising sidewalk pavers is placed on a brick walkway
images_1422.jpg,127,Wide horizons,A sign that says Wide Horizons is in front of a house
images_1423.jpg,127,Police car,A police car is parked in front of a building
images_1424.jpg,127,Palm tree,A large tree with green leaves and a white building in the background
images_1425.jpg,127,House,A large brick house with a red roof and white trim
images_1426.jpg,127,Snow,A snowy pathway with a building in the background
images_1427.jpg,127,Drawing,"A man is kneeling on a driveway, drawing a spiral on the ground with chalk"
images_1428.jpg,127,Driveway,A picture of a house with a fence and a church in the background
images_1429.jpg,127,Cars,"Two cars are parked in a driveway, one is black and the other is silver"
images_1430.jpg,127,Tree,A tree with frozen branches and a building in the background
images_1431.jpg,127,House,A large house with a brown roof and a brick wall
images_1432.jpg,127,Driveway,A concrete slab with a black gravel surface
images_1433.jpg,127,Walkway,A house with a white door and a walkway leading to it
images_1434.jpg,127,Park,A street view of a park with a monument in the middle of the grass
images_1435.jpg,127,Car,A silver BMW car is parked in front of a wooden garage
images_1436.jpg,127,Truck,An orange truck with a wooden bed is parked on the side of the road
images_1437.jpg,127,House,A white car is parked in front of a house with a brown door
images_1438.jpg,127,For sale sign,A sign in front of a brick wall with a tree in the background
images_1439.jpg,127,Street,A street view of two houses with a white color and a black trash can
images_1440.jpg,127,Building,A large brick building with a red roof and a green roof
images_1441.jpg,19,Clothes,"A colorful garment hangs on a wall, next to a picture of a woman"
images_1442.jpg,19,Paintings,A painting of a woman in a white shirt is hanging on a wall
images_1443.jpg,19,Woman,A woman wearing sunglasses and a leather jacket
images_1444.jpg,19,Art,A white statue is displayed in a room with a blue and yellow painting on the wall
images_1445.jpg,19,Face,A large painting of a man holding a square with a face on it
images_1446.jpg,19,Woman,A woman in a black dress is standing in front of a bottle of wine
images_1447.jpg,19,Art,A white wall with red and white objects on it
images_1448.jpg,19,Photographer,A man wearing a hat and a camera around his neck is standing in front of a wall with pictures of people on it
images_1449.jpg,19,Art,A white room with a white cylinder and a white table
images_1450.jpg,19,Skateboard,A skateboard with a picture of a man on it
images_1451.jpg,19,Art,"A group of people are standing in a room, some of them are wearing black and white"
images_1452.jpg,19,Skull,A white skull with a hole in the center
images_1453.jpg,19,Woman,A woman in a blue dress is sitting in a chair outside a store
images_1454.jpg,19,Violinist,A man in a suit and tie is playing a violin
images_1455.jpg,19,Art,"A white wall with three pictures on it, one of which is a black and white picture"
images_1456.jpg,19,Art,"A man is taking a picture of a display of artwork, which includes a variety of pictures and a butterfly"
images_1457.jpg,19,Face,Two pictures of a man with a banana in his mouth
images_1458.jpg,19,Plates,A museum display of plates and bowls with a white base
images_1459.jpg,19,Woman,A woman wearing a brown jacket is sitting on the floor in front of two black and white paintings
images_1460.jpg,19,Art,"A group of people looking at a display of paintings, including a man wearing a black jacket"
images_1461.jpg,227,Arch,A group of people walking through a large archway
images_1462.jpg,227,Tunnel,A tunnel with a brick wall and a tree growing in the middle
images_1463.jpg,227,Runner,A man wearing a blue and white shirt is running down a street
images_1464.jpg,227,Arch,A sunlit alleyway with a stone wall and a stone archway
images_1465.jpg,227,People,A group of people walking down a street in front of a yellow building with a clock on it
images_1466.jpg,227,Alley,A narrow alleyway with a stone walkway and a wooden fence
images_1467.jpg,227,Horse,A horse with a brown mane and tail is standing in a narrow alleyway
images_1468.jpg,227,Archway,A large stone building with a clock on the wall
images_1469.jpg,227,Runner,A man wearing a red shirt and black shorts is standing on a sidewalk
images_1470.jpg,227,Alley,A narrow alleyway with a blue door and a light on
images_1471.jpg,227,Man,A man wearing a red and yellow hat and holding a bunch of trophies
images_1472.jpg,227,Street,A street at night with a brick sidewalk and a yellow golf cart
images_1473.jpg,227,Street,A man in a white shirt and white pants is walking down a street in a foreign country
images_1474.jpg,227,Stairs,A narrow alleyway with a white building and a green metal railing
images_1475.jpg,227,Woman,A woman with red hair wearing sunglasses and a scarf
images_1476.jpg,227,Street,A narrow alleyway with a building on the left and a building on the right
images_1477.jpg,227,Alley,"A narrow alleyway between two buildings, one of which is white"
images_1478.jpg,227,Woman,A woman in a tan shirt and red pants is standing on a tiled patio
images_1479.jpg,227,Man,A man wearing a black jacket and a black hat is standing on a street
images_1480.jpg,227,Woman,A woman in a black and white shirt stands next to a young girl in a blue shirt
images_1481.jpg,269,Floor,A large open space with a black carpet and a variety of colorful chairs and tables
images_1482.jpg,269,Toy,A red toy car with a yellow banana in it
images_1483.jpg,269,Baby,A baby sitting in a green chair with a blanket on it
images_1484.jpg,269,Toy,A toy airplane is next to a toy building with a toy person standing in front of it
images_1485.jpg,269,Child,A child is standing in a room with a white shelf and a yellow rubber duck
images_1486.jpg,269,Child,A young boy is playing with toys on the floor
images_1487.jpg,269,Bed,A bed with a blue comforter and a stuffed animal on top of it
images_1488.jpg,269,Man,A man wearing a pink shirt and a zebra print bandana
images_1489.jpg,269,Baby,A baby sitting on a carpeted floor with a toy keyboard in front of her
images_1490.jpg,269,Lego,"A Lego scene with a red building, a black and white dog, and a man in a red shirt"
images_1491.jpg,269,Christmas,A group of people are posing for a picture in front of a Christmas tree
images_1492.jpg,269,Peep,A pink box with a Peep's candy box and a pink heart shaped candy
images_1493.jpg,269,Woman,A woman wearing a striped shirt is laying on the floor
images_1494.jpg,269,Girl,A woman is sitting at a table in a cluttered room
images_1495.jpg,269,Playroom,A room with a play area and a table with chairs
images_1496.jpg,269,Craft,A table with a blue and orange bag on it
images_1497.jpg,269,Farm,A toy barn with a red and white color scheme
images_1498.jpg,269,Children,A young girl wearing a green dress is holding a colorful drum
images_1499.jpg,269,Stuffed animals,"A collection of stuffed animals, including a clownfish, are displayed on a shelf"
images_1500.jpg,269,Woman,A woman and two children are playing with a large Lego tower
images_1501.jpg,133,Machine,A red machine with a blue wheel and a red wheel
images_1502.jpg,133,Engine,"A motorcycle engine is hanging from a chain, with a blue and red color scheme"
images_1503.jpg,133,Gear,A close up of a metal gear with a yellow line
images_1504.jpg,133,Car,A car with a broken headlight and a green gas can
images_1505.jpg,133,Bottles,A red metal barrel with a silver top and a red metal barrel with a silver top
images_1506.jpg,133,Pipe,"A dark room with a light on, showing a rusty pipe and a wheel"
images_1507.jpg,133,Space,A large green machine with many gears and a clock on the side
images_1508.jpg,133,Car,A blue car with a red toolbox in front of it
images_1509.jpg,133,Engine,A close up of a car engine with a man standing behind it
images_1510.jpg,133,Laundry,A blue towel hanging on a silver pole in a room with a blue towel hanging on a silver pole
images_1511.jpg,133,Engine,A black and white photo of a large engine with many pipes and valves
images_1512.jpg,133,Car,A hand is holding a car door handle
images_1513.jpg,133,Motorcycle,A motorcycle engine with a purple sign warning people not to touch it
images_1514.jpg,133,Missile,A silver missile is being loaded into a plane
images_1515.jpg,133,Man,A man wearing a gas mask and white gloves is standing in front of a control panel
images_1516.jpg,133,Engine,A black engine with red trim and a red and white sticker
images_1517.jpg,133,Couple,"A man and woman are standing in front of a machine, the woman is wearing a purple skirt"
images_1518.jpg,133,Engine,A black engine cover with a white sticker on it
images_1519.jpg,133,Pipes,A black and white photo of a large pipe system
images_1520.jpg,133,Engine,A close up of a metal object with a silver color and a textured surface
images_1521.jpg,291,Rope bridge,A tree trunk with a rope swinging over it
images_1522.jpg,291,Bridge,A man wearing a blue shirt and blue pants is walking on a bridge
images_1523.jpg,291,Cliff,A view of the ocean with a bridge in the middle of the water
images_1524.jpg,291,Bridge,A woman wearing a white shirt and black shorts is walking on a bridge
images_1525.jpg,291,Zipline,A man is riding a zip line with a red helmet and a black and white shirt
images_1526.jpg,291,Walkway,A view of a cliff with a bridge on top of it
images_1527.jpg,291,Bridge,A bridge over a river with a man walking on it
images_1528.jpg,291,Bridge,A group of people are crossing a bridge over water
images_1529.jpg,291,Kids,"A group of children are playing on a rope bridge, with one child wearing a brown shirt"
images_1530.jpg,291,Bridge,A bridge over a river with a green and brown color scheme
images_1531.jpg,291,Bridge,"A group of people are sitting on a bridge, one of them is wearing a yellow shirt"
images_1532.jpg,291,Bridge,A bridge with a metal walkway over a forest
images_1533.jpg,291,Rope,A white rope with black ends and a blue background
images_1534.jpg,291,Bridge,A wooden bridge over a river with a metal walkway
images_1535.jpg,291,Man,A man wearing a green shirt and white shorts is walking on a rope bridge
images_1536.jpg,291,Cliff,A view of a cliff with a bridge on top of it
images_1537.jpg,291,Mountain,A boat is in the water in front of a mountain with a bridge in the background
images_1538.jpg,291,Rope,A black and white photo of a rope ladder with a wooden step
images_1539.jpg,291,Bridge,A bridge with a wooden walkway and a metal cable
images_1540.jpg,291,Man,A man wearing a black shirt and a black sweater is smiling while standing on a bridge
images_1541.jpg,304,Mountain,A group of people are standing on a snowy mountain top
images_1542.jpg,304,Ski lift,A snowy mountain town with a ski lift and a building with a red roof
images_1543.jpg,304,Church,A group of people are walking in the snow in front of a church
images_1544.jpg,304,Snow,A snowy street with cars parked in front of houses
images_1545.jpg,304,Cabin,A wooden cabin with a green door and a white roof
images_1546.jpg,304,Skier,A man wearing a red jacket is skiing down a snowy hill
images_1547.jpg,304,Skier,A man in a suit and hat is standing on skis in front of a mountain
images_1548.jpg,304,Ski lift,A white building with a red roof and a sign that says Crestar Run
images_1549.jpg,304,House,A red house with snow on the roof and trees in the background
images_1550.jpg,304,Building,A large building with a yellow facade and a red door
images_1551.jpg,304,Building,A large brown building with a white roof and a brown wooden porch
images_1552.jpg,304,Snow,"A snowy house with a blue door and a sign that says ""no"" on it"
images_1553.jpg,304,Snow,A snowy tree with a white roof and a snow covered house
images_1554.jpg,304,Barn,A red barn with a green tractor in the snow
images_1555.jpg,304,Skiing,A black and white photo of a ski slope with people skiing and snowboarding
images_1556.jpg,304,House,A large wooden house with a purple roof and a brown wooden deck
images_1557.jpg,304,House,A large brown house with a black dog standing in front of it
images_1558.jpg,304,House,A house with a gray roof and a blue door
images_1559.jpg,304,Skiing,A woman in a pink jacket is skiing down a snowy mountain
images_1560.jpg,304,Ski lift,"A group of people standing in the snow, some of them wearing black jackets"
images_1561.jpg,298,Wires,A view of a room with a box on the wall and a phone on the wall
images_1562.jpg,298,Power plant,A large room with a white floor and yellow wires
images_1563.jpg,298,Advertisement,A colorful chart with a lot of information about the ad agency
images_1564.jpg,298,Man,A man wearing a suit and tie is working on a machine in a room
images_1565.jpg,298,Menu,"A chalkboard menu with a sign that says ""Brews"" on it"
images_1566.jpg,298,Man,A man wearing a blue and white towel stands in front of a metal locker
images_1567.jpg,298,Wires,A blue metal rack with many shelves and cables
images_1568.jpg,298,Door,A black and white photo of a doorway with a movie poster on the wall
images_1569.jpg,298,Music,A collection of music CDs and a Beatles album on a wooden table
images_1570.jpg,298,Shelves,A black and white photo of a room with a red carpet
images_1571.jpg,298,Computer,A computer with a green light on the fan
images_1572.jpg,298,Computer,A computer screen displaying a program in a blue color
images_1573.jpg,298,Electronics,A computer server with a black box on top
images_1574.jpg,298,Drawer,A black filing cabinet with a tag on the door
images_1575.jpg,298,Office,"A room with a lot of computer equipment, including a lot of computers and a lot of cabinets"
images_1576.jpg,298,Table,A black table with a blue and black storage unit on top
images_1577.jpg,298,Router,A black server with many cords and wires on it
images_1578.jpg,298,Man,A man is sitting on the floor in front of a computer monitor and keyboard
images_1579.jpg,298,Man,A man in a pink shirt holding a colorful umbrella
images_1580.jpg,298,Man,A man in a black suit standing in front of a computer
images_1581.jpg,323,Lake,A serene lake with a forest in the background
images_1582.jpg,323,Trees,A forest of trees with green leaves and brown trunks
images_1583.jpg,323,Owl,A brown owl sitting in a tree with a mossy branch
images_1584.jpg,323,River,A river with a green color and a reflection of trees in the water
images_1585.jpg,323,Flood,A blue chair is reflected in the water
images_1586.jpg,323,Trees,A forest with trees and a blue sky
images_1587.jpg,323,Trees,"A forest with trees and water, the water is brown and the trees are bare"
images_1588.jpg,323,Palm tree,A black and white photo of a forest with a tree in the foreground
images_1589.jpg,323,Alligator,A person is holding a turtle in their hand
images_1590.jpg,323,Bird,A white bird with black legs and a long beak standing in a field of grass
images_1591.jpg,323,Trees,A forest with a lake and a tree with no leaves
images_1592.jpg,323,Tree,A tree with yellow leaves in a black and white photo
images_1593.jpg,323,Boat,"A group of people are on a boat in a river, with a man in a canoe in the water"
images_1594.jpg,323,Tree,A tree in the middle of a flooded area
images_1595.jpg,323,Trees,A body of water with a tree in the background
images_1596.jpg,323,Tree,A white bird perched on a tree branch
images_1597.jpg,323,Bridge,A wooden bridge with snow on it
images_1598.jpg,323,Pond,A body of water with trees reflected in it
images_1599.jpg,323,Trees,A tree with a reflection in the water
images_1600.jpg,323,Path,A dirt road with a gravel surface and a tree in the foreground
images_1601.jpg,201,Dog,A small dog is sitting in a gold cage
images_1602.jpg,201,Building,A brick building with a blue door and a window
images_1603.jpg,201,Goat,A black and white goat with a baby goat nursing from it
images_1604.jpg,201,House,A wooden house under construction with a brick wall
images_1605.jpg,201,Pen,A metal fence with a gate and a building in the background
images_1606.jpg,201,Bird,A white bird is sitting in a cage with a red tag on it
images_1607.jpg,201,Dog,A dog is sitting next to a green crate
images_1608.jpg,201,Cat,A black cat sitting in a suitcase
images_1609.jpg,201,Fence,Two people are standing in front of a chain link fence with a colorful design on it
images_1610.jpg,201,Dog house,A wooden dog house with a green roof
images_1611.jpg,201,Dog,A woman is holding a black and brown dog on a leash
images_1612.jpg,201,Cage,A green metal fence with flowers in pots on top
images_1613.jpg,201,Dog,A black dog with a shaggy coat stands in the grass
images_1614.jpg,201,House,A wooden building with a brick wall and a green roof
images_1615.jpg,201,Cage,A large metal cage with a yellow object inside
images_1616.jpg,201,Birds,A bird cage with a green bird in it
images_1617.jpg,201,Dog house,A wooden dog house with a green roof
images_1618.jpg,201,Tunnel,A view of a hallway through a metal grate
images_1619.jpg,201,Dog,A black dog with a purple collar
images_1620.jpg,201,Dog,A dog is standing in a fenced area in front of a brick building
images_1621.jpg,228,Construction,A man is working on a building with a blue shirt
images_1622.jpg,228,Chair,A wooden railing with a metal grate on top of it
images_1623.jpg,228,Staircase,A large wooden floor with a glass railing and a white table
images_1624.jpg,228,People,A large room with a lot of people in it
images_1625.jpg,228,Staircase,A model of a house with a glass staircase
images_1626.jpg,228,Staircase,A wooden staircase with a white wall and a white ceiling
images_1627.jpg,228,Staircase,A wooden staircase with a white banister
images_1628.jpg,228,Living room,"A living room with a red couch, a wooden coffee table, and a television"
images_1629.jpg,228,Trash cans,A row of colorful stools with a blue one in the front
images_1630.jpg,228,Living room,A living room with a red couch and a white rug
images_1631.jpg,228,Building,A yellow building with a balcony and a doorway
images_1632.jpg,228,Staircase,A staircase with a white railing and a plant on the balcony
images_1633.jpg,228,Shelves,A long white hallway with shelves and a person in the middle
images_1634.jpg,228,Stairs,A large white building with a circular ceiling and a staircase
images_1635.jpg,228,Sculpture,A large metal sculpture is suspended from the ceiling of a building
images_1636.jpg,228,Stairs,A staircase with a brown railing and a building with a glass roof
images_1637.jpg,228,Staircase,A staircase with a glass door and a red couch
images_1638.jpg,228,Airport,A large glass building with palm trees and a number 44 on the wall
images_1639.jpg,228,Staircase,A staircase with a white railing and a black metal staircase
images_1640.jpg,228,Staircase,A staircase with a white wall and brown steps
images_1641.jpg,89,Cars,A cake with a checkered pattern and a name on it
images_1642.jpg,89,Dog,A blue dog statue with a yellow bowl on top
images_1643.jpg,89,Tent,A toy teepee with a blanket and a carpet on the floor
images_1644.jpg,89,Living room,A room with a red wall and a heart shaped wall hanging
images_1645.jpg,89,Bedroom,"A bedroom with a bed, a chair, and a lamp"
images_1646.jpg,89,Bedroom,"A bedroom with a bed, a chair, and a pink bag"
images_1647.jpg,89,Baby,A little girl is sleeping on a bed with a book and a stuffed animal
images_1648.jpg,89,Bedroom,"A pink bedroom with a pink bed, pink walls, and pink furniture"
images_1649.jpg,89,Gym,A blue and yellow gymnastics ladder with a blue mat underneath it
images_1650.jpg,89,Bedroom,"A bedroom with a bed, a lamp, and a painting of a woman"
images_1651.jpg,89,Bed,A child's bedroom with a blue and white bed
images_1652.jpg,89,Dresser,A white dresser with a pink drawer and a mirror above it
images_1653.jpg,89,Jack in box,A Jack in the box toy with a clown face and a red and blue color scheme
images_1654.jpg,89,Cake,A cake with a white frosting and a floral plate
images_1655.jpg,89,Man,A man wearing a yellow hat and a red shirt
images_1656.jpg,89,Cake,A pink and white cake with a crown on top
images_1657.jpg,89,Baby,A baby is laying on a white couch with a toy in front of him
images_1658.jpg,89,Bird,A colorful painting of a bird with a tree in the background
images_1659.jpg,89,Bedroom,A bedroom with a pink bedspread and a white dresser
images_1660.jpg,89,Bedroom,A bedroom with a bed with a pink blanket and a yellow umbrella
images_1661.jpg,280,Bar,A bar with a red roof and a woman behind the bar
images_1662.jpg,280,Desk,"A woman in a blue shirt is standing at a counter with a sign that says ""Santitrans"
images_1663.jpg,280,Lobby,A large room with a red circular table in the center
images_1664.jpg,280,Man,A man in a suit is talking to a group of people in a restaurant
images_1665.jpg,280,Kitchen,A large kitchen with a center island and a stove top oven
images_1666.jpg,280,Counter,A large white counter with a brown wooden trim
images_1667.jpg,280,Desk,A wooden desk with a lamp on it
images_1668.jpg,280,People,A group of people are standing in a lobby with a barrier in front of them
images_1669.jpg,280,Ceiling,A large room with a marble floor and a gold ceiling
images_1670.jpg,280,Tanning salon,A woman sitting at a desk in a tanning salon
images_1671.jpg,280,Hockey,A wooden bar with a television on top of it
images_1672.jpg,280,Desk,A wooden desk with a brown color and a wooden counter with a brown color
images_1673.jpg,280,Woman,A woman is sitting at a desk in a room with a black and white color scheme
images_1674.jpg,280,Office,"A room with a wooden desk and a sign that says ""spaces free"
images_1675.jpg,280,Woman,A woman is sitting at a desk using a computer
images_1676.jpg,280,Man and woman,A man in a military uniform sits at a table with a woman
images_1677.jpg,280,Office,A computer desk with a chair and a keyboard
images_1678.jpg,280,Dog,A man in a white shirt is talking to a large brown dog
images_1679.jpg,280,Couch,"A room with a brown leather couch and a red leather chair, a table with a Coke machine, a TV, and a person in the background"
images_1680.jpg,280,Fireplace,A fireplace with a green and red color scheme
images_1681.jpg,222,Fish,A man in a white shirt and blue gloves stands behind a counter filled with fish
images_1682.jpg,222,Market,A woman in a white shirt is standing in front of a fruit stand with a variety of fruits on display
images_1683.jpg,222,Art,"A group of people are standing in a large building, some of them are wearing black"
images_1684.jpg,222,Market,A group of people are standing around a table with a variety of fruits and vegetables
images_1685.jpg,222,Man,"A man in a black shirt stands in front of a table with a sign that says ""Made in the USA"
images_1686.jpg,222,Market,A large building with a red roof and a blue floor
images_1687.jpg,222,Clock,A woman in a black shirt and jeans standing in a large building with a clock on the wall
images_1688.jpg,222,People,A group of people wearing blue shirts and blue pants are standing in a large room
images_1689.jpg,222,Market,"A store with a green and yellow sign, selling fruits and vegetables"
images_1690.jpg,222,Cafe,A man in a black shirt is standing at a coffee shop counter
images_1691.jpg,222,Market,A woman in a black shirt is shopping at a farmers market
images_1692.jpg,222,Market,A woman with a black purse is standing in front of a fruit stand
images_1693.jpg,222,Market,"A large group of people are shopping in a store with a yellow sign that says ""welcome to snack city"
images_1694.jpg,222,People,"A large group of people are standing in a room, some of them wearing ties"
images_1695.jpg,222,Chicken,A display of chicken and vegetables in a store
images_1696.jpg,222,Fruit stand,A man in a red shirt is standing in front of a fruit stand with a variety of fruits on display
images_1697.jpg,222,Teenage girl,A woman wearing a cowboy hat and a green shirt is holding a cup of coffee
images_1698.jpg,222,Market,A group of people walking down a street with a green cart in front of them
images_1699.jpg,222,People,A man in a black shirt is talking to a group of men in a room with a red table cloth
images_1700.jpg,222,Meat,"A group of people are standing in front of a meat counter, looking at the meat and other items on display"
images_1701.jpg,213,Man,A small figurine of a man in a blue uniform stands in front of a large building
images_1702.jpg,213,Building,A large building with a brown roof and a green door
images_1703.jpg,213,Building,A brown building with a brown roof and a brown door
images_1704.jpg,213,Washington monument,A large white building with columns and a statue of a man in front of it
images_1705.jpg,213,Building,A building with a blue roof and a white wall
images_1706.jpg,213,Building,A large building with many windows and a brown roof
images_1707.jpg,213,Building,A large building with many windows and a tree in front of it
images_1708.jpg,213,House,A yellow house with a white porch and a blue door
images_1709.jpg,213,Building,A yellow building with a clock on the side of it
images_1710.jpg,213,Building,A white car is parked in front of a yellow building with a red roof
images_1711.jpg,213,Building,A silver car is parked in front of a building with a large glass window
images_1712.jpg,213,Building,A black and white photo of a brick building with a yellow arrow pointing to the door
images_1713.jpg,213,Street,A large building with a sign in front of it
images_1714.jpg,213,Car,A green sports car is parked in front of a large building
images_1715.jpg,213,Bridge,A large building with a bridge overlooking it
images_1716.jpg,213,Building,A large building with many windows and a clock tower
images_1717.jpg,213,Building,A large brick building with a green vine growing up the side
images_1718.jpg,213,Building,A large building with a staircase leading up to it
images_1719.jpg,213,Painting,A painting of a castle is on the side of a building
images_1720.jpg,213,Building,A large stone building with a statue of a man in front of it
images_1721.jpg,320,People,A group of people standing on a platform under a large wooden structure
images_1722.jpg,320,Display,A long hallway with a man walking down it
images_1723.jpg,320,Flowers,A painting of flowers on a train
images_1724.jpg,320,Elevator,"A long, narrow, and brightly lit tunnel with people walking through it"
images_1725.jpg,320,Train,A man wearing a black jacket and white socks is standing on a subway platform
images_1726.jpg,320,Train,A train on a track in front of a building
images_1727.jpg,320,Subway,A group of people are standing on a subway train
images_1728.jpg,320,Train,A train track with graffiti on the wall
images_1729.jpg,320,Train,Two green trains are parked next to each other
images_1730.jpg,320,Tunnel,A black and white photo of a train track
images_1731.jpg,320,Train station,"A train station with a train on the tracks and a sign that says ""Clybourn"
images_1732.jpg,320,Woman,A woman wearing a dress and holding a purse
images_1733.jpg,320,Train station,A colorful subway train with people walking on the platform
images_1734.jpg,320,Bench,A group of people are standing in front of a bench with a circular sign on it
images_1735.jpg,320,Train station,A train station with a bench and a group of people sitting on it
images_1736.jpg,320,Subway,A man in a black jacket is talking on his cell phone in a subway station
images_1737.jpg,320,Train station,A man in a black jacket and a white bag is standing on a platform waiting for a train
images_1738.jpg,320,Train,A train with a cat face on the side of it
images_1739.jpg,320,People,A group of people walking on a subway platform
images_1740.jpg,320,Train,A red and white train is parked at a station
images_1741.jpg,175,Road,A tree-lined road with a blue sky and a body of water in the distance
images_1742.jpg,175,Road,A road with a yellow line and a bridge in the background
images_1743.jpg,175,Highway,A red semi truck is driving down a snowy road
images_1744.jpg,175,Highway,"A green sign with stickers on it that says ""extra terrestrial highway"
images_1745.jpg,175,Highway,A freeway with cars driving under a bridge with a green sign that says MacArthur Blvd
images_1746.jpg,175,Road,A road with a white line in the middle of a forest
images_1747.jpg,175,Road,"A curvy road with a yellow line, surrounded by trees and mountains"
images_1748.jpg,175,Sign,"A brown sign with white text that says ""Mount Mitchell Restaurant"" on a green background"
images_1749.jpg,175,Bridge,A bridge over a river with a sunset in the background
images_1750.jpg,175,Car,A car driving on a highway with a blue sky above
images_1751.jpg,175,Road,A yellow line on a road with a blue sky above
images_1752.jpg,175,City,A cityscape with a large building and a highway with cars driving on it
images_1753.jpg,175,Highway,A highway sign that says Broken Hill 6
images_1754.jpg,175,Grave,A cemetery cross with flowers on it
images_1755.jpg,175,Highway,A highway with a white line and a truck driving on it
images_1756.jpg,175,Woman,A woman in a blue shirt and shorts is standing on a street
images_1757.jpg,175,Highway,A highway with a green sign that says Dumont
images_1758.jpg,175,Road,A yellow line on a road with a green hillside in the background
images_1759.jpg,175,Highway,A red car is driving on a highway under a blue sky
images_1760.jpg,175,Road,A black and white photo of a road with a white line down the middle
images_1761.jpg,265,Picnic table,A wooden picnic table with a bench seat is located in a park with a tree in the background
images_1762.jpg,265,Table,A white table with graffiti on it is sitting in a park
images_1763.jpg,265,Girl,A girl in a green shirt is standing next to a statue of a chair
images_1764.jpg,265,Golf,A man in a blue shirt and black shorts is standing next to a man in a tan shirt and black shorts
images_1765.jpg,265,Runner,A woman running in a forest with a timer on the side
images_1766.jpg,265,Man,A man in a kilt is sitting at a picnic table in a park
images_1767.jpg,265,Bench,A black and white photo of a bench in a park
images_1768.jpg,265,Tree,A large tree with green leaves and a small building in the background
images_1769.jpg,265,Park,A concrete walkway with a tree in the background
images_1770.jpg,265,Swimming pool,A wooden picnic table with a black top and a white bench
images_1771.jpg,265,Camping,"A family is sitting around a fire pit in the woods, with a man and a woman sitting on a log and a child sitting on a stroller"
images_1772.jpg,265,Beach,A beach scene with a blue ocean and a rocky cliff
images_1773.jpg,265,Picnic table,A wooden picnic table with a bench and a backpack on it
images_1774.jpg,265,Tree,A large tree with green leaves and a brown trunk
images_1775.jpg,265,Lake,A green picnic shelter overlooking a lake with a mountain in the background
images_1776.jpg,265,Tree,A tree with green leaves and branches
images_1777.jpg,265,Patio,A man in a red shirt stands on a grassy hillside with a view of the ocean
images_1778.jpg,265,Trees,A park with a bench and a tree with green leaves
images_1779.jpg,265,Tree,A tree with green leaves and a red bench in front of it
images_1780.jpg,265,Tree,A wooden building with a red roof and a blue roof
images_1781.jpg,297,Computer,"A computer screen with a colorful display of red, blue, and yellow"
images_1782.jpg,297,Woman,A woman wearing a blue shirt is painting a glass sculpture
images_1783.jpg,297,Machine,A wooden box with a gold colored object inside
images_1784.jpg,297,Slide,A purple and green slide with a boy on it
images_1785.jpg,297,Art,"A collage of various art pieces, including a mannequin, a dinosaur, and a skyscraper"
images_1786.jpg,297,Crowd,A large group of people wearing suits and ties are standing in a room
images_1787.jpg,297,Valve,A black and white photo of a pipe with a silver cap
images_1788.jpg,297,Engine,A black and white engine with a white base
images_1789.jpg,297,Skeleton,"A skeleton of a large animal is displayed in a museum, with its mouth open"
images_1790.jpg,297,Statue,A statue of liberty is displayed in a museum
images_1791.jpg,297,Train,A green and red train engine with a red and green caboose
images_1792.jpg,297,Rock,A rock with red jasper on top of it
images_1793.jpg,297,Dinosaur,"A man is standing in front of a skeleton with antlers, which is on display in a museum"
images_1794.jpg,297,Dinosaur,A large dinosaur skeleton is on display in a museum
images_1795.jpg,297,Pipe,Two boys are playing in a room with a large pipe structure
images_1796.jpg,297,Machine,A green machine with a green wheel and a green metal part
images_1797.jpg,297,Dinosaur,A skeleton of a dinosaur with a long beak and a long neck
images_1798.jpg,297,Plane,A blue and white airplane with a propeller on display
images_1799.jpg,297,Bones,"A display of animal bones, including a skull and a rib cage, with a sign that says ""Paleontology"
images_1800.jpg,297,People,A group of people are gathered around a table with a TV on it
images_1801.jpg,162,Cake,A pink cake with a red ladybug theme on top
images_1802.jpg,162,Skateboard,A store with a lot of skateboards and snowboards
images_1803.jpg,162,Christmas,A small wooden toy is sitting on a Christmas gift
images_1804.jpg,162,Lamp,A colorful lamp with a red background and a colorful lamp with a red background
images_1805.jpg,162,Bike shop,A man in a red shirt and a young man in a green shirt are standing in front of a bike shop
images_1806.jpg,162,Table,A table with a black and white tablecloth and a black and white chair
images_1807.jpg,162,Hat,"A store with a variety of colorful items, including a hat, a bird, and a cat"
images_1808.jpg,162,Woman,A woman in a brown shirt holding a book
images_1809.jpg,162,Man,A man in a plaid vest is holding a green object
images_1810.jpg,162,Clothing,A store display of Halloween shirts and other items
images_1811.jpg,162,Shelf,"A shelf with a variety of items including a vase, a clock, and a red box"
images_1812.jpg,162,Flower,A pink and white bag with a flower pattern on it
images_1813.jpg,162,Christmas tree,"A colorful tree with blue, purple, and green decorations"
images_1814.jpg,162,Pouch,"A pink and green polka dot bag with a tag that says ""Terry Rockers"
images_1815.jpg,162,Store,"A store front with a yellow sign that says ""What's New"" and a checkered floor"
images_1816.jpg,162,Stuffed animals,A table with a hat on it and a bunch of stuffed animals
images_1817.jpg,162,Gift shop,A yellow building with a gift shop sign on top
images_1818.jpg,162,Chandelier,"A room filled with various items, including a lamp, a chair, and a table"
images_1819.jpg,162,Cake,"A store with a lot of chairs and tables, and a lot of plates and cakes"
images_1820.jpg,162,Wedding,A table with a blue tablecloth and white flowers
images_1821.jpg,11,Woman,A woman in a black dress stands on a red carpet in front of a crowd of people
images_1822.jpg,11,Church,A long hallway with a row of windows and doors
images_1823.jpg,11,Arch,A long hallway with arches and a dark tunnel
images_1824.jpg,11,Shopping,A group of people walking down a hallway in a mall
images_1825.jpg,11,Man,A man wearing a brown coat and a hat is standing on a street
images_1826.jpg,11,Bridge,A black and white photo of a bridge with a person walking under it
images_1827.jpg,11,Shopping,A busy city street at night with people walking and shopping
images_1828.jpg,11,Street,A busy city street with a large glass building and a man with a bald head
images_1829.jpg,11,Arch,A black and white photo of a hallway in a building
images_1830.jpg,11,Mall,A large glass building with a skylight and a glass ceiling
images_1831.jpg,11,Staircase,A red and gold tapestry hangs from the ceiling of a building
images_1832.jpg,11,Airport,A large building with a blue roof and a lot of windows
images_1833.jpg,11,Stadium,A large stadium with a blue and white color scheme
images_1834.jpg,11,Church,A large cathedral with a stained glass window and a person walking in the hallway
images_1835.jpg,11,Man,A man in a white shirt and blue jeans is walking down a street at night
images_1836.jpg,11,People,"A group of people walking in front of a building with a sign that says ""welcome to the city"
images_1837.jpg,11,Cathedral,A large cathedral with a stone floor and arched windows
images_1838.jpg,11,Patio,A long hallway with blue walls and a red roof
images_1839.jpg,11,Arch,A large stone building with a checkered floor and arched doorways
images_1840.jpg,11,People,A large glass ceiling in a building with a lot of people under it
images_1841.jpg,151,People,A man and a dog walking on a dirt path in the woods
images_1842.jpg,151,Trailhead,A sign on a pole in the woods with a trail head sign
images_1843.jpg,151,Road,A dirt road in a forest with trees and greenery
images_1844.jpg,151,Path,A pathway in a forest with a wooden fence and a bridge
images_1845.jpg,151,People,"A group of people walking down a path in the woods, with one person holding a flag"
images_1846.jpg,151,Trees,A group of people walking on a trail in the woods
images_1847.jpg,151,Road,A dirt road in a forest with trees and a cloudy sky
images_1848.jpg,151,Path,A wooden pathway in a forest with greenery and trees
images_1849.jpg,151,Path,A black and white photo of a dirt road with trees in the background
images_1850.jpg,151,Walkway,A tree-lined street with people walking down the middle of the road
images_1851.jpg,151,Path,A blue pathway in a forest with a blue sky above
images_1852.jpg,151,Fire,A red truck is parked on a dirt road next to a forest
images_1853.jpg,151,Path,A dirt pathway in a forest with green leaves and a sunny day
images_1854.jpg,151,Path,A tree-lined pathway with a shadowy appearance
images_1855.jpg,151,Bicycle,A man wearing a green jacket and a helmet is riding a bicycle
images_1856.jpg,151,Stairs,A pathway in a forest with a dirt road and a lot of trees
images_1857.jpg,151,Sunset,A sunset on a country road with a tree in the foreground
images_1858.jpg,151,Building,A large building with a lot of greenery and a lot of windows
images_1859.jpg,151,Road,A roadway with trees and yellow leaves
images_1860.jpg,151,Man and dog,A man and his dog walking down a path in the woods
images_1861.jpg,69,Door,A red building with a red door and a red wall
images_1862.jpg,69,Walking,A man and woman walking down a dirt road in front of a cabin
images_1863.jpg,69,Tunnel,A black gun with a red dot on the screen
images_1864.jpg,69,Stone,A white sign on a stone wall
images_1865.jpg,69,Woman,A woman in a white dress is standing in front of a rock formation
images_1866.jpg,69,Statue,A statue of a person is standing in front of a castle with a yellow glow
images_1867.jpg,69,Tomb,A large stone sarcophagus with Egyptian hieroglyphics on it
images_1868.jpg,69,Rock,A rock formation with a large rock in the middle and a smaller rock on the right
images_1869.jpg,69,Tunnel,A small statue of a man is sitting on a pedestal in a dark tunnel
images_1870.jpg,69,Egypt,A colorful painting of Egyptian hieroglyphics
images_1871.jpg,69,Jesus,A statue of a man holding a baby
images_1872.jpg,69,Man,A man in a red and silver suit stands in front of a stone building
images_1873.jpg,69,Street sign,A sign on a building that says Felzazabalas U
images_1874.jpg,69,Tunnel,A dark hallway with a brick wall and a white door
images_1875.jpg,69,Dome,A brick dome with a round window in the center
images_1876.jpg,69,Religious,A painting of a group of people with green robes
images_1877.jpg,69,Statue,A stone statue with a gold pole in front of it
images_1878.jpg,69,Theater,A black and white photo of a building with a window and a door
images_1879.jpg,69,Woman,A woman in a white dress is laying on a stone bench
images_1880.jpg,69,Writing,A stone tablet with a carving of a man and the date 1817
images_1881.jpg,120,People,"A man and woman sit at a table, enjoying a meal together"
images_1882.jpg,120,Table,"A large room with a long table and chairs, a green tree, and a fire alarm"
images_1883.jpg,120,Woman,"A woman in a black dress stands at a table with a sign, surrounded by people"
images_1884.jpg,120,Table,A table with a brown tablecloth and white chairs
images_1885.jpg,120,People,A group of people sitting at a table in a restaurant
images_1886.jpg,120,Dining room,"A dining room with a wooden table and chairs, a wine rack, and a vino sign"
images_1887.jpg,120,People,A group of people sitting around a table in a restaurant
images_1888.jpg,120,Dining room,A large room with a red rug and a table with chairs
images_1889.jpg,120,Restaurant,"A restaurant with wooden tables and chairs, and a purple and green color scheme"
images_1890.jpg,120,Dining room,A large dining room with a table and chairs
images_1891.jpg,120,Kitchen,"A large kitchen with wooden cabinets, a black stove, and a yellow stool"
images_1892.jpg,120,Speaker,A man in a suit is giving a presentation to a group of people
images_1893.jpg,120,Restaurant,A restaurant with a wooden floor and tables with chairs
images_1894.jpg,120,Restaurant,A woman in a black shirt and white pants is standing in a restaurant
images_1895.jpg,120,Restaurant,A restaurant with a large window and a view of the city
images_1896.jpg,120,Classroom,"A classroom with yellow curtains, white tables, and chairs"
images_1897.jpg,120,Restaurant,"A restaurant with blue chairs and tables, and a fireplace"
images_1898.jpg,120,People,A group of people sitting around a table with a man in a yellow shirt smiling
images_1899.jpg,120,Restaurant,A restaurant with a green wall and a long table with wine glasses and a vase
images_1900.jpg,120,People,A group of people are standing in a room with a lot of tables and chairs
images_1901.jpg,122,Man,A man wearing a black shirt and singing into a microphone
images_1902.jpg,122,Man singing,A man in a blue shirt is singing into a microphone
images_1903.jpg,122,Singer,A woman wearing a black shirt and singing into a microphone
images_1904.jpg,122,Band,A man wearing a blue shirt and shorts is playing a guitar
images_1905.jpg,122,Man,A man with a beard and a guitar is playing on stage
images_1906.jpg,122,Band,A man and woman playing music in a dark room
images_1907.jpg,122,Party,A man wearing a black jacket and a white hat is sitting on a bus
images_1908.jpg,122,Party,A woman wearing a mask and a feather boa is talking to another woman
images_1909.jpg,122,Band,"A group of men in a dark room with red lights, playing instruments"
images_1910.jpg,122,Man,A man wearing a black jacket with a yellow and red design on the back is playing a drum set
images_1911.jpg,122,Man,A man in a white shirt and black vest stands in a crowded bar
images_1912.jpg,122,Man,A man wearing a black shirt and jeans stands in front of a colorful light display
images_1913.jpg,122,Party,A group of people are standing in a dark room with a DJ playing music
images_1914.jpg,122,Dance,"A group of people dancing in a room, with a boy wearing a tie and a girl wearing a purple dress"
images_1915.jpg,122,Legs,A colorful image of a pair of legs with two glasses of colored liquid
images_1916.jpg,122,Eye,A colorful bird with a yellow beak and black wings
images_1917.jpg,122,Party,A group of people are dancing in a dark room with a blue light
images_1918.jpg,122,Man,A man wearing a red jacket and a shirt with a picture of a woman on it
images_1919.jpg,122,Man,A man with a black shirt and a man with a blue shirt are posing for a picture
images_1920.jpg,122,Man,A man wearing a black shirt and blue jeans is playing a guitar
images_1921.jpg,118,Biker,A man wearing a red shirt and white shorts rides a bicycle through a desert landscape
images_1922.jpg,118,Desert,A field of brown grass with a few trees and a rock formation in the background
images_1923.jpg,118,Cactus,"A trail is surrounded by cactus trees, with a blue sky above"
images_1924.jpg,118,Cactus,A cactus with a yellow color and a brown texture
images_1925.jpg,118,Mountain,A mountain with a rocky terrain and a blue sky
images_1926.jpg,118,Dirt,A large open field with a dirt road and a few people
images_1927.jpg,118,Cactus,A field of cactus with a mountain in the background
images_1928.jpg,118,Mountain,A pathway in a mountainous area with a blue sky above
images_1929.jpg,118,Car,A white car is driving down a dirt road in a field with a mountain in the background
images_1930.jpg,118,Palm tree,A group of palm trees with a blue sky in the background
images_1931.jpg,118,Grass,"A hillside with a brown and green color scheme, with a tree in the foreground"
images_1932.jpg,118,Mountains,A fence is in front of a field with a mountain range in the background
images_1933.jpg,118,Cactus,A cactus with a green stem and a brown branch
images_1934.jpg,118,Tree,A tree with green leaves and brown branches is in front of a mountain
images_1935.jpg,118,Rocks,A rocky area with a mix of rocks and dirt
images_1936.jpg,118,Mountain,A picture of a mountain with a blue sky and green trees
images_1937.jpg,118,Tree,A tree with green leaves and branches in the middle of a field
images_1938.jpg,118,Mountain,A view of a mountain with a tree in the foreground
images_1939.jpg,118,Cactus,A cactus with a brown color and a spiky texture
images_1940.jpg,118,Tree,A small tree with green leaves and red berries
images_1941.jpg,259,Patio,"A patio with a purple wall, a black table, and a black chair"
images_1942.jpg,259,Patio,A patio table with blue and white plates and cups on it
images_1943.jpg,259,Patio,A man and woman sit at a table in a restaurant
images_1944.jpg,259,Patio,A patio with a brick walkway and a variety of potted plants
images_1945.jpg,259,Restaurant,"A restaurant with a blue and red sign, a red building, and a red and white umbrella"
images_1946.jpg,259,Patio,A small garden area with a brown pot and a small tree
images_1947.jpg,259,Patio,A garden with a table and chairs in the middle of it
images_1948.jpg,259,Patio,A black and white photo of a large house with a patio and a fireplace
images_1949.jpg,259,Patio,A wooden deck with a black chair and a black lamp
images_1950.jpg,259,Patio,A 3D model of a house with a patio and a blue umbrella
images_1951.jpg,259,Patio,A white patio set with a white table and chairs
images_1952.jpg,259,Tree,A tree with green leaves and branches
images_1953.jpg,259,Patio,"A backyard with a fire pit, chairs, and a grill"
images_1954.jpg,259,Bar,"A group of people are sitting under a red and white canopy, enjoying a meal together"
images_1955.jpg,259,Patio,A patio with a glass door and a table with chairs
images_1956.jpg,259,Swimming pool,A large pool with a brown ball in the middle and a hotel in the background
images_1957.jpg,259,Patio,"A patio with a blue chair, a white table, and a green plant"
images_1958.jpg,259,Patio,"A patio with a table and chairs, and a red car in the background"
images_1959.jpg,259,Patio,A patio table with chairs and a view of a lake
images_1960.jpg,259,Patio,"A patio with a table and chairs, a potted plant, and a lamp"
images_1961.jpg,244,Office,A wooden desk with a silver metal desk top
images_1962.jpg,244,Man,"Two men in a room, one wearing a pink shirt and the other wearing a white shirt"
images_1963.jpg,244,Desk,"A computer desk with a computer, keyboard, and mouse on it"
images_1964.jpg,244,Woman,A woman in a white shirt and brown jacket is holding a book in front of her face
images_1965.jpg,244,Lego,A Lego model of a man holding a sword and a briefcase
images_1966.jpg,244,Typewriter,A blue typewriter sits on a desk with a cup of coffee and a pencil
images_1967.jpg,244,Man,A man is sitting in a chair in front of a desk with a computer and a keyboard
images_1968.jpg,244,Computer,"Two women sitting at a computer, one with a black shirt and the other with a gray shirt"
images_1969.jpg,244,Woman,A woman in a blue jacket is sitting at a table with a laptop and a cell phone
images_1970.jpg,244,Office,A wooden desk with a computer monitor and keyboard on it
images_1971.jpg,244,Man and woman,"A man and woman are sitting at a desk, the man is wearing a black suit and the woman is wearing a red shirt"
images_1972.jpg,244,Man,A man in a pink shirt is sitting in an office with a stack of papers on his desk
images_1973.jpg,244,Computer,A computer desk with a black computer monitor and a keyboard
images_1974.jpg,244,Chair,A brown leather chair with a jacket on the back of it
images_1975.jpg,244,Desk,"A computer desk with a laptop, keyboard, and monitor"
images_1976.jpg,244,Party,"A man and two women are posing for a picture, the man is wearing a red shirt with a black and white design"
images_1977.jpg,244,Office,A black office chair with a blue cushion in front of a computer monitor
images_1978.jpg,244,Woman,A woman with blonde hair is sitting in front of a computer
images_1979.jpg,244,Kitchen,A kitchen with red cabinets and a red and white color scheme
images_1980.jpg,244,Woman,A woman in a pink shirt is typing on a computer
images_1981.jpg,9,Starfish,A close up of a starfish with a yellow and brown color
images_1982.jpg,9,Aquarium,A glass case with a plant in it
images_1983.jpg,9,Fish,A group of colorful fish swimming in a coral reef
images_1984.jpg,9,Tree,A tree trunk in a fish tank with a green plant
images_1985.jpg,9,Jellyfish,A group of jellyfish in a dark blue water
images_1986.jpg,9,Fish,A large fish is swimming in a tank with other fish
images_1987.jpg,9,Aquarium,A black tank with a fish in it
images_1988.jpg,9,Rock,"A rock with a face on it, surrounded by plants and algae"
images_1989.jpg,9,Jellyfish,A jellyfish with a red and orange color is floating in the blue ocean
images_1990.jpg,9,Shell,A piece of a dead fish on the beach
images_1991.jpg,9,Rock,A close up of a rock with purple and green colors and a white triangle shape
images_1992.jpg,9,Aquarium,A computer monitor with a fish tank image on it
images_1993.jpg,9,Aquarium,"A man in a black wetsuit is diving into a tank of water, while a child watches"
images_1994.jpg,9,Shark,"A group of people are sitting in a circle, watching a shark swim by in a blue aquarium"
images_1995.jpg,9,Jellyfish,A close up of a yellow and green mushroom with long hairs
images_1996.jpg,9,Aquarium,A fish tank with a green plant and a red plant
images_1997.jpg,9,Fish,A school of yellow and black striped fish swimming in the ocean
images_1998.jpg,9,Fish,A black and yellow fish with a pink tail swims in front of a blue and yellow fish
images_1999.jpg,9,Jellyfish,A close up of a blue and red jellyfish with a pink background
images_2000.jpg,9,Dolphin,A dolphin is painted on the wall of a building
images_2001.jpg,165,Flowers,A pink flower with green leaves in a black pot
images_2002.jpg,165,Plant,A green plant with purple flowers is in a brown basket
images_2003.jpg,165,Building,A large building with a green roof and a white dome
images_2004.jpg,165,Plants,A green tree in a pot with a brown dirt ground
images_2005.jpg,165,Plant,A green bean plant with green beans and a leafy plant
images_2006.jpg,165,Garden,A row of green plants with a brown dirt ground
images_2007.jpg,165,Woman,A woman in a blue jacket is holding a large white vegetable
images_2008.jpg,165,Shed,A blue house with a green roof and a blue door
images_2009.jpg,165,Greenhouse,A greenhouse with a clear plastic roof and a water hose attached to it
images_2010.jpg,165,Plant,A greenhouse filled with many potted plants and flowers
images_2011.jpg,165,Palm tree,A green leafy plant with a red flower in the center
images_2012.jpg,165,Flowers,A blue flowering plant with purple flowers
images_2013.jpg,165,Plants,A plant with green leaves and brown stems
images_2014.jpg,165,Doll,A large wooden doll with a green dress and a red bow
images_2015.jpg,165,Plants,A greenhouse filled with various plants and a green watering can
images_2016.jpg,165,Plants,A close up of a plant with a green leaf and a brown pot
images_2017.jpg,165,Water,A group of people are standing in a large greenhouse with a waterfall
images_2018.jpg,165,Flowers,"A variety of flowers are displayed in a greenhouse, with a focus on the pink flowers"
images_2019.jpg,165,Tree,A tree with a curved trunk and a green leafy top
images_2020.jpg,165,Plants,A green plant with red flowers in a garden
images_2021.jpg,337,Train station,A train station with a sign that says departures
images_2022.jpg,337,Train,A train with a white color and red stripe is traveling down the tracks
images_2023.jpg,337,Train,A train with the number 9277 on the side
images_2024.jpg,337,Train,A red and white train with a yellow front is traveling down the tracks
images_2025.jpg,337,Train,A yellow and blue train with a yellow front
images_2026.jpg,337,Train,A red train with yellow trim and the number 722 on the side
images_2027.jpg,337,Train,A train with a blue and black color scheme is traveling down the tracks
images_2028.jpg,337,Train,A black and white photo of a train with the number 1419 on the front
images_2029.jpg,337,Train station,A black and white photo of a train station with a train on the tracks
images_2030.jpg,337,Train,A green and yellow train on the tracks
images_2031.jpg,337,Boats,A group of people standing in front of a boat sign
images_2032.jpg,337,Train,A black train with the number 9382 on the front
images_2033.jpg,337,Train,A train station with a mural on the wall and a tree in front of a building
images_2034.jpg,337,Train,A red and yellow train on a track
images_2035.jpg,337,Train,A blue and yellow train with the word Metro on the side
images_2036.jpg,337,Train,A green and yellow train is on the tracks
images_2037.jpg,337,Train,A train with a blue and white color scheme is parked at a train station
images_2038.jpg,337,Bench,A man sitting on a green bench in front of a building
images_2039.jpg,337,People,A black and white photo of a crowded subway station
images_2040.jpg,337,Train,"A red, white, and blue train is parked at a station"
images_2041.jpg,307,Skyscraper,A tall building with many windows and a blue sky in the background
images_2042.jpg,307,Building,A tall brick building with a blue sky in the background
images_2043.jpg,307,Skyscraper,A white car is driving on a street in front of a tall building
images_2044.jpg,307,Building,A tall building with a gold roof and a large dome on top
images_2045.jpg,307,City,A black and white photo of a city at night with a large building in the foreground
images_2046.jpg,307,Clouds,A large building with a yellow sign and a large clock tower
images_2047.jpg,307,City,"A cityscape with a crane in the sky, a red car, and a white tent"
images_2048.jpg,307,City,A city skyline with a cloudy blue sky
images_2049.jpg,307,City,A large building with a clock tower and a bridge over a river
images_2050.jpg,307,Skyscraper,A large green building with many windows and a tall antenna
images_2051.jpg,307,Skyscraper,A tall building with a large antenna on top of it
images_2052.jpg,307,Building,A large white building with many windows and a clock tower
images_2053.jpg,307,Christmas,A city street at night with a lit up statue of a man in a yellow jacket
images_2054.jpg,307,City,A large building with a reflective surface is the main subject in the image
images_2055.jpg,307,City,"A cityscape with a large building in the center, surrounded by other buildings"
images_2056.jpg,307,Christmas tree,A large Christmas tree is being decorated in a city square
images_2057.jpg,307,Building,A large building with a lot of windows and a brick exterior
images_2058.jpg,307,Building,A large white building with many windows and a tree in front of it
images_2059.jpg,307,Skyscraper,A black and white photo of a city with a tall building in the center
images_2060.jpg,307,Crane,"A large crane is in the middle of a city, surrounded by buildings and a busy street"
images_2061.jpg,306,Sheep,"A herd of sheep is walking in the snow, with a tree in the foreground"
images_2062.jpg,306,Power lines,A dirt road with power lines above it
images_2063.jpg,306,Sunset,A sunset with a tree and a car in the foreground
images_2064.jpg,306,Rock,"A rock is sitting in the water, surrounded by a few other rocks"
images_2065.jpg,306,Clouds,A beautiful sunset with a cloudy sky and a pink hue
images_2066.jpg,306,Sun,A sunset with a blue sky and clouds
images_2067.jpg,306,Sunset,A sunset with a yellow sky and a silhouette of a car
images_2068.jpg,306,Sun,A snowy mountain with a sun shining through the clouds
images_2069.jpg,306,Yellow post,A yellow and black pole with a yellow top is sitting on a cobblestone street
images_2070.jpg,306,Clouds,A cloudy blue sky with a white cloud in the middle
images_2071.jpg,306,Balcony,A black and white photo of a building with a balcony and a view of the city
images_2072.jpg,306,Sun,"A sunbeam shines through the clouds, illuminating the sky"
images_2073.jpg,306,Trees,A tree with green leaves and branches against a cloudy sky
images_2074.jpg,306,Ocean,A nighttime view of the ocean with a starry sky above
images_2075.jpg,306,Clouds,A black and white photo of a cloudy sky with a few trees in the foreground
images_2076.jpg,306,Plane,A red and white airplane flying in the blue sky
images_2077.jpg,306,Road,A dark cloudy sky with a sunset in the background
images_2078.jpg,306,Clouds,A blue sky with white clouds and a green field with a white sheep
images_2079.jpg,306,Clouds,A blue sky with white clouds and a blue sky with white clouds
images_2080.jpg,306,Lightning,A purple lightning bolt in the sky with a green umbrella on the beach
images_2081.jpg,139,Restaurant,A restaurant with a wooden counter and green stools
images_2082.jpg,139,Bar,A bar with a man sitting at the counter and a green color scheme
images_2083.jpg,139,Restaurant,A restaurant with a man standing behind the counter
images_2084.jpg,139,Mcdonald's,A McDonald's restaurant with a red roof and a red sign
images_2085.jpg,139,Restaurant,A restaurant with a menu board and a man standing behind the counter
images_2086.jpg,139,Food,A man in a white shirt is standing in front of a food stand
images_2087.jpg,139,McDonald's,A colorful playground with a yellow slide and a McDonald's restaurant in the background
images_2088.jpg,139,Restaurant,"A restaurant with a sign that says ""Home Hong Kong"" on the door"
images_2089.jpg,139,Asian,"A woman in a white shirt is walking past a store with a sign that says ""Chinese"
images_2090.jpg,139,Restaurant,A restaurant with a buffet line and a woman preparing food
images_2091.jpg,139,Fries,A sandwich with chicken and fries on a table
images_2092.jpg,139,Mcdonald's,A McDonald's restaurant with a yellow and red sign
images_2093.jpg,139,Food,A man in a blue shirt is eating a sandwich in front of a food stand
images_2094.jpg,139,Food,A group of people are standing in line at a restaurant
images_2095.jpg,139,Counter,A man in a blue shirt stands behind a counter in a restaurant
images_2096.jpg,139,Store,Two women walking in front of a store with a yellow sign that says ichiban boshii
images_2097.jpg,139,American flag,A man wearing a white shirt and a white hat is talking on a cell phone
images_2098.jpg,139,Food,A group of people are standing in front of a restaurant that has a neon sign on top
images_2099.jpg,139,Restaurant,A restaurant with a group of people sitting at tables
images_2100.jpg,139,Restaurant,A yellow and green restaurant with a yellow awning and a sign that says Burger Mister
images_2101.jpg,147,Christmas tree,A large red poinsettia tree with green leaves and red flowers
images_2102.jpg,147,Leaves,A red leaf with water droplets on it
images_2103.jpg,147,Flowers,A pink flower with a green stem and a yellow butterfly on it
images_2104.jpg,147,Vase,A vase of flowers with red and green flowers
images_2105.jpg,147,Plant,A plant with a pink flower and green leaves
images_2106.jpg,147,Plants,A large collection of potted plants with a variety of colors and textures
images_2107.jpg,147,Flowers,A field of red and yellow tulips with green stems
images_2108.jpg,147,Cake,A white table with a white cake on top
images_2109.jpg,147,Flowers,A yellow flower with a green stem and yellow petals
images_2110.jpg,147,Flower,A bouquet of flowers with a white rose and yellow lilies
images_2111.jpg,147,Flower,A large floral arrangement in a glass vase with a green base
images_2112.jpg,147,Flowers,A pink flower arrangement in a vase
images_2113.jpg,147,Flowers,A purple flower with green leaves and a purple center
images_2114.jpg,147,Hand,A hand with pink fingernails and a pinky finger holding a green leaf
images_2115.jpg,147,Flower,A purple flower with yellow pollen sits in a pond surrounded by green leaves
images_2116.jpg,147,Flower,A purple flower with a green center
images_2117.jpg,147,Patio,A group of people sitting on a patio with a brick floor and a water feature
images_2118.jpg,147,Woman,A woman wearing a green dress and holding a bouquet of flowers
images_2119.jpg,147,Flowers,A bouquet of yellow flowers in a glass vase
images_2120.jpg,147,Flowers,A red flower stands out in a field of green grass and yellow flowers
images_2121.jpg,212,Bookshelf,"A bookshelf with a variety of books, including a collection of books on the top shelf"
images_2122.jpg,212,Shelf,A black bookshelf with a helmet on top of it
images_2123.jpg,212,Woman,A woman wearing a red dress and a necklace stands in front of a bookshelf
images_2124.jpg,212,Library,A library with yellow tables and chairs
images_2125.jpg,212,Bookshelf,A red bookshelf with a face on it
images_2126.jpg,212,Woman,A woman wearing a pink dress and a hat is standing in a library
images_2127.jpg,212,Book,A woman in a blue jacket and blue skirt is reading a book
images_2128.jpg,212,Library,"A library filled with people and books, the people are sitting at tables and the tables are brown"
images_2129.jpg,212,Santa,A man in a yellow shirt is sitting next to a woman in a red dress and a man in a red and white suit
images_2130.jpg,212,Table,A laptop computer is sitting on a table in a library
images_2131.jpg,212,Restaurant,A large restaurant with a lot of windows and a lot of tables
images_2132.jpg,212,Man,A man wearing a purple shirt is sitting in a chair in front of a bookcase
images_2133.jpg,212,Man,A man in a black shirt and black pants standing in a large room with a red box on the floor
images_2134.jpg,212,Store,"A large building with a staircase and a sign that says ""welcome"
images_2135.jpg,212,Fireplace,A large room with wooden furniture and a fireplace
images_2136.jpg,212,Restaurant,A restaurant with a piano and chairs
images_2137.jpg,212,Men,A group of men wearing suits and ties are sitting around a table
images_2138.jpg,212,Window,"A room with a table and chairs, a potted plant, and a window"
images_2139.jpg,212,Library,A large wooden bookshelf filled with books and a table with chairs and a potted plant
images_2140.jpg,212,Meeting,"A group of people sitting around a table, with a woman in a blue shirt and a man in a red shirt"
images_2141.jpg,230,Taj mahal,A white marble building with a dome on top
images_2142.jpg,230,Building,A large building with a white dome on top
images_2143.jpg,230,Mosque,A large brown building with two towers and a dome on top
images_2144.jpg,230,Mosque,A white building with a blue roof and a large dome
images_2145.jpg,230,Building,A white building with a gold roof and a blue sky in the background
images_2146.jpg,230,Building,A large building with a blue roof and white walls
images_2147.jpg,230,Building,A yellow building with a blue roof and a white dome
images_2148.jpg,230,Fountain,A statue of a person is standing in front of a fountain
images_2149.jpg,230,Building,A large building with a green roof and a flag on top
images_2150.jpg,230,Tower,Two towers with a blue sky in the background
images_2151.jpg,230,Mosque,A beautiful mosque with a blue dome and a reflection of the mosque in the water
images_2152.jpg,230,Mosque,A large mosque with a white dome and many lights on
images_2153.jpg,230,Building,A pink and white building with a tall tower and a large dome
images_2154.jpg,230,Big ben,A nighttime view of the Big Ben clock tower and the Houses of Parliament
images_2155.jpg,230,Bridge,A group of people walking on a bridge at night
images_2156.jpg,230,Taj mahal,A white and tan building with a dome on top
images_2157.jpg,230,Building,A large brick building with a white roof and a blue sky above
images_2158.jpg,230,Fog,A man walking on a foggy street with a statue of a man in the background
images_2159.jpg,230,Building,A large building with a green roof and a clock tower
images_2160.jpg,230,Tower,"A tall, blue and green tower with a clock on top"
images_2161.jpg,109,Castle,A tree with green leaves is in front of a brick building
images_2162.jpg,109,Cat,A statue of a cat is sitting on a stone pedestal
images_2163.jpg,109,Grass,A green field with trees and a building in the background
images_2164.jpg,109,Castle,A castle with a red roof and a red flower garden in front of it
images_2165.jpg,109,Building,A large building with a grey roof and a stone facade
images_2166.jpg,109,Arch,A black and white photo of a building with a sunbeam coming through the arches
images_2167.jpg,109,Building,A group of people walking in front of a large stone building
images_2168.jpg,109,Arch,A white building with a black door and a statue of a bird
images_2169.jpg,109,Building,A yellow and black building with a red roof
images_2170.jpg,109,Building,A woman in a black shirt stands in front of a red building
images_2171.jpg,109,Street,A group of people walking on a brick road in front of a building
images_2172.jpg,109,Building,A statue of a man in a building with a yellow roof
images_2173.jpg,109,Party,A group of people are standing in front of a building with a blue and yellow roof
images_2174.jpg,109,Birds,A flock of birds flying over a building with a large clock tower
images_2175.jpg,109,Patio,A view of a building from the outside with a patio area in front of it
images_2176.jpg,109,Building,A large stone building with a clock tower and a tree in front of it
images_2177.jpg,109,Building,A building with many red and yellow lanterns hanging from the roof
images_2178.jpg,109,Building,A view of a building with a brick archway and a baseball diamond in the foreground
images_2179.jpg,109,Fountain,A fountain in front of a white building with a pink sign
images_2180.jpg,109,Statue,A stone monument with a statue of a man on top of it
images_2181.jpg,130,People,A large building with a glass ceiling and many people walking around
images_2182.jpg,130,Building,A large building with many windows and a tan color
images_2183.jpg,130,Door,A glass door with a reflection of a man in a black suit
images_2184.jpg,130,Train,A man sitting in a red and blue train
images_2185.jpg,130,Elevator,"A black and white photo of a subway station with a sign that says ""Elevation to Silver Line"
images_2186.jpg,130,Man,A man wearing a black jacket with a white and orange design on the front
images_2187.jpg,130,Man,A man wearing an orange jacket and a black hat is holding a camera
images_2188.jpg,130,Elevator,A silver elevator button with a triangle on it
images_2189.jpg,130,Door,A white door with a gold frame and a red sign on it
images_2190.jpg,130,Staircase,A group of people walking up a staircase in a building
images_2191.jpg,130,Balloons,A black and yellow balloon display in a room
images_2192.jpg,130,Fireplace,A gold and marble fireplace with a gold and marble door
images_2193.jpg,130,Lounge,A large room with a lot of windows and a red bench
images_2194.jpg,130,Floor,A large room with a wooden floor and a black and white color scheme
images_2195.jpg,130,Wall,A wall with a green plant on it
images_2196.jpg,130,Elevator,A large white room with a black plant in a black pot
images_2197.jpg,130,Elevator,A large room with a white floor and a large archway
images_2198.jpg,130,Door,A black door with yellow lighting and a sign on the wall
images_2199.jpg,130,Elevator,A hallway with a yellow and blue checkered floor
images_2200.jpg,130,Expanding,A large poster with a picture of a building on it
images_2201.jpg,31,Bread,"A bakery with a sign that says ""The Cheong Bakery"" and a window with people inside"
images_2202.jpg,31,Birthday,A birthday cake with a dinosaur theme and a 5 candle
images_2203.jpg,31,Food,A piece of meat is on a plate next to a bowl of grapes
images_2204.jpg,31,House,A black and white photo of a house with a tree in front of it
images_2205.jpg,31,Cake,A cake in a white bowl with a brown crust
images_2206.jpg,31,Fish,A plate of fish and chips with a lemon wedge on top
images_2207.jpg,31,Cake,A slice of pumpkin pie on a plate with a fork and a cup of coffee
images_2208.jpg,31,Cake,A plate of raspberry flavored cookies
images_2209.jpg,31,Dessert,A table with a plate of food and a cup of drinks
images_2210.jpg,31,Cake,A blueberry cake is on a plate with a fork next to it
images_2211.jpg,31,Cake,A glass dish filled with a casserole dish with a white towel on top
images_2212.jpg,31,Refrigerator,A refrigerator with a lot of food in it
images_2213.jpg,31,Cupcake,A woman in a yellow shirt is standing behind a display case filled with cupcakes
images_2214.jpg,31,Cake,A white and pink cake with a crown on top
images_2215.jpg,31,Cookies,"A sign on a metal pole with a sign that says ""City Bakery Cookies"" on it"
images_2216.jpg,31,Grocery store,A man in a blue shirt is standing in front of a deli counter with a variety of food items displayed
images_2217.jpg,31,Food,"A table with a bowl of olives, bread, and a book"
images_2218.jpg,31,Pie,A slice of pumpkin pie on a plate
images_2219.jpg,31,Cereal,A display of various foods in a container
images_2220.jpg,31,Food,A tray of food with a tin of meat and a cup of coffee
images_2221.jpg,344,Trees,A green forest with a building in the background
images_2222.jpg,344,Mountain,A mountain with a blue sky above it
images_2223.jpg,344,Horses,A group of horses grazing on a grassy hillside
images_2224.jpg,344,Women,A group of women wearing colorful dresses and head dresses
images_2225.jpg,344,Mountain,A mountain range with a yellow line on the road
images_2226.jpg,344,Hill,A beautiful sunset over a lush green hillside
images_2227.jpg,344,Bird,A bald eagle is perched on a grassy field with a green background
images_2228.jpg,344,City,A mountain town with green grass and a large mountain in the background
images_2229.jpg,344,Mountains,A mountain range with a cloudy sky above
images_2230.jpg,344,Mountain,A large blue house with a white roof and a mountain in the background
images_2231.jpg,344,Volcano,A black and white photo of a volcano with steam coming out
images_2232.jpg,344,Man,A man wearing a tan hat and a white shirt is standing on a mountain top
images_2233.jpg,344,Lake,A beautiful blue lake with a cloudy sky above it
images_2234.jpg,344,Hikers,A group of people walking on a trail with a mountain in the background
images_2235.jpg,344,Snow,A snowy mountain with a building and a group of people
images_2236.jpg,344,Mountain,A lush green hillside with a blue sky above
images_2237.jpg,344,Mountain,A mountain with snow on it and a blue sky
images_2238.jpg,344,Mountains,A mountain range with a cloudy sky in the background
images_2239.jpg,344,Lake,A serene mountain lake with a reflection of the surrounding trees and mountains
images_2240.jpg,344,House,A large green field with a house in the background and a fence
images_2241.jpg,178,Building,A large building with a green and blue color scheme
images_2242.jpg,178,Hospital,A large white building with blue trim and a blue and white sign on the side
images_2243.jpg,178,Building,A large building with many windows and a large sign on top
images_2244.jpg,178,Building,A building with a lot of windows and a green plant growing on the side
images_2245.jpg,178,Man,A man wearing a white lab coat is sitting at a table
images_2246.jpg,178,Building,A large white building with a black roof
images_2247.jpg,178,Building,A large building with many windows and a blue sky
images_2248.jpg,178,Building,A large white building with many windows and a blue fence
images_2249.jpg,178,Building,A large brick building with a red roof and a clock tower
images_2250.jpg,178,Building,A tall building with many windows and a large antenna on top
images_2251.jpg,178,Building,A large building with a flag on top and a circular window
images_2252.jpg,178,Building,A large white building with many windows and a tree in front of it
images_2253.jpg,178,Building,A large white building with many windows and a large glass dome on top
images_2254.jpg,178,Person,A person holding a black umbrella on a rainy day
images_2255.jpg,178,Hospital,A sign for a hospital is in front of a building
images_2256.jpg,178,Building,A large building with a red fire hydrant in front of it
images_2257.jpg,178,Hospital,A group of people are standing outside of a red building
images_2258.jpg,178,Building,A large white building with many windows and a blue roof
images_2259.jpg,178,Building,A black car is driving down a street in front of a large building
images_2260.jpg,178,Building,A building with a blue roof and a silver wall
images_2261.jpg,180,Swimming pool,A blue pool of water with a greenish tint
images_2262.jpg,180,Fire,"A forest fire is burning in the mountains, with the smoke rising high into the sky"
images_2263.jpg,180,Swimming,A man wearing a hat and shorts is sitting in a pool with three other people
images_2264.jpg,180,Waterfall,"A waterfall with a misty appearance, surrounded by greenery"
images_2265.jpg,180,Man,A man wearing a green jacket and sunglasses is standing in a hot spring
images_2266.jpg,180,Waterfall,A group of people are standing on a boardwalk near a waterfall
images_2267.jpg,180,Island,A blue and white ocean with a small island in the middle
images_2268.jpg,180,Waterfall,A waterfall with a rocky wall and a small waterfall
images_2269.jpg,180,Mountain,A mountain with a river flowing through it
images_2270.jpg,180,Water,A blue and white waterfall with a blue and white waterfall in the background
images_2271.jpg,180,Dog,A dog is standing in the middle of a muddy area
images_2272.jpg,180,Waterfall,A painting of a waterfall with a yellowish color and a white and brown texture
images_2273.jpg,180,Dirt,A muddy ground with a white object in the middle
images_2274.jpg,180,Steam,"A hot spring with steam and water, with a blue sky in the background"
images_2275.jpg,180,Rainbow,"A rainbow appears over a rocky landscape, with a fence and a green field in the foreground"
images_2276.jpg,180,Mountain,"A small wooden cabin is located in a forest, surrounded by large rocks and trees"
images_2277.jpg,180,Crater,A large blue pool with a yellow rim and a blue water hole in the middle of a forest
images_2278.jpg,180,Geysir,"A hot spring with a blue and yellow color, and a white and yellow color"
images_2279.jpg,180,Rock,A rocky mountain with a waterfall and a bird on a rock
images_2280.jpg,180,Yellow,A yellow and white rock formation with a tree in the foreground
images_2281.jpg,43,Bar,A bar with a green counter and a red floor
images_2282.jpg,43,Living room,"A living room with a brick fireplace, a flat screen TV, a coffee table, and a couch"
images_2283.jpg,43,Bike,A blue bicycle with a white basket is propped up on a wooden table
images_2284.jpg,43,Concert,A man in a black shirt is playing a guitar in front of a crowd of people
images_2285.jpg,43,Tunnel,A stone archway with a stone vat in the middle
images_2286.jpg,43,Office,"A cluttered room with a yellow box, a black box, a green box, a red box, a blue box, a white box, a black box, a yellow box, a black box, a green box, a red box, a blue box, a white box, a black"
images_2287.jpg,43,Wall,A wall with a red light hanging from the ceiling
images_2288.jpg,43,Book,A view of a bookshelf with books and a light on
images_2289.jpg,43,Bedroom,A white dresser with a mirror on top of it
images_2290.jpg,43,Dog,A woman in a striped shirt is standing in front of a camera
images_2291.jpg,43,Pipes,A view of a pipe under a wooden floor
images_2292.jpg,43,Sign,A sign that says authorized personnel only
images_2293.jpg,43,Bathroom,A bathroom with a white bathtub and a marble countertop
images_2294.jpg,43,Concert,A man in a black shirt and shorts is playing a guitar in a dark room
images_2295.jpg,43,Party,A man in a white shirt is dancing in front of a group of people
images_2296.jpg,43,Oven,A white stove with a black door and a green chair with a yellow seat
images_2297.jpg,43,Construction,A room with a lot of construction work being done
images_2298.jpg,43,Construction,A room with a wooden staircase and a man standing on the stairs
images_2299.jpg,43,Chairs,A room with a long hallway with chairs and tables
images_2300.jpg,43,Pool table,A pool table with a black pool table top and a yellow wall
images_2301.jpg,123,Stairs,A woman in a pink shirt is standing in front of a white house with a green awning
images_2302.jpg,123,Door,Two old doors with a cross on top of them
images_2303.jpg,123,Door,A large brick building with a brown roof and many windows
images_2304.jpg,123,Door,A wooden door with a glass window and a green plant in front of it
images_2305.jpg,123,Door,A green door with a gold trim and a gold and blue plaque on the side
images_2306.jpg,123,Graffiti,A colorful mural on a building with a black and yellow color scheme
images_2307.jpg,123,Door,A large doorway with a plaque on the wall above it
images_2308.jpg,123,Barn,A man is standing in front of a barn with a blue tarp
images_2309.jpg,123,Door,A black door with a sign on it
images_2310.jpg,123,Door,A black door with a white flower pot in front of it
images_2311.jpg,123,Man,A man in white pants is standing on a red staircase
images_2312.jpg,123,Building,A pink building with a gold door and a sign that says National Tobacco Company Limited
images_2313.jpg,123,Door,A black door with a window in the middle of it
images_2314.jpg,123,Dress,A white dress is hanging in front of a doorway
images_2315.jpg,123,Door,A black door with a window in front of a brick house
images_2316.jpg,123,Building,"A brick building with a white archway and a sign that says ""Sacred Heart of Jesus"
images_2317.jpg,123,Swimming pool,A large house with a wooden deck and a pool
images_2318.jpg,123,Door,A man wearing a blue hat and blue jacket is standing in front of a green door
images_2319.jpg,123,Patio,A wooden table with a chair in front of a glass door
images_2320.jpg,123,Window,A blue window with a red flower box in front of it
images_2321.jpg,170,Plane,Two men standing in front of a white airplane
images_2322.jpg,170,Plane,A blue and white airplane is parked on the tarmac
images_2323.jpg,170,Space ship,A group of people are standing in front of a large grey space ship
images_2324.jpg,170,Pilot,A man wearing a green helmet is sitting in the cockpit of a fighter jet
images_2325.jpg,170,Plane,A large silver and black airplane with a yellow nose
images_2326.jpg,170,Plane,A small white and blue airplane is parked in front of a building
images_2327.jpg,170,Plane,A large airplane is flying over a runway with two men standing under it
images_2328.jpg,170,Car,A small orange car is parked in a parking lot
images_2329.jpg,170,Car,A yellow car with green stripes is parked in front of a building
images_2330.jpg,170,Plane,A plane with a skull and crossbones on the tail
images_2331.jpg,170,Barn,A large green building with a white roof
images_2332.jpg,170,Plane,A green and brown airplane is hanging from the ceiling
images_2333.jpg,170,Building,A large white building with a blue sky above it
images_2334.jpg,170,Air force museum,A red and white building with a yellow eagle on the roof
images_2335.jpg,170,Plane,A large silver airplane is parked on a runway
images_2336.jpg,170,Building,A large white building with a white roof and a large white dome
images_2337.jpg,170,Garage,A large building with a black door and a tree in front of it
images_2338.jpg,170,Jet,A man standing in front of a fighter jet
images_2339.jpg,170,Stadium,A large stadium with a blue roof and a yellow crane
images_2340.jpg,170,Plane,A small white airplane with the letters G-AJJ on the side
images_2341.jpg,7,Roller coaster,"A man and woman are riding a roller coaster, with the man wearing a blue shirt and the woman wearing a blue shirt and green pants"
images_2342.jpg,7,Water slide,A water slide with a blue dragon on top of it
images_2343.jpg,7,Ladder,"A red, white, and blue tower with a ladder on the side"
images_2344.jpg,7,Ferris wheel,A large blue and yellow carnival ride with a colorful wheel
images_2345.jpg,7,Carousel,A colorful carousel with a yellow top and a blue sky in the background
images_2346.jpg,7,Carnival,A woman in a cowboy hat and a man in orange shorts are standing in front of a carnival ride
images_2347.jpg,7,Water slide,A blue and white sign with a water slide on top of it
images_2348.jpg,7,Ride,"A colorful, blurry image of a carousel with a person riding it"
images_2349.jpg,7,Ride,A man wearing a yellow shirt and a black helmet is sitting in a go-cart
images_2350.jpg,7,Ferris wheel,A Ferris wheel with a star on top and a carousel with a star on top
images_2351.jpg,7,Race,A group of miniature cars driving on a track
images_2352.jpg,7,Carnival,A carnival ride with a green and pink color scheme
images_2353.jpg,7,Lego,A model of a building with a red roof and white trim
images_2354.jpg,7,Water slide,"A person is riding a water raft in a water park, with the raft being orange and black"
images_2355.jpg,7,Roller coaster,A roller coaster with a train on top of it
images_2356.jpg,7,Ferris wheel,A Ferris wheel with a red and yellow color scheme
images_2357.jpg,7,Carousel,A small building with a yellow roof and a red door
images_2358.jpg,7,Carnival,A carnival ride with a red and white color scheme
images_2359.jpg,7,Dinosaur,A large robot with a metal texture and a black color is sitting in front of a building
images_2360.jpg,7,Palm tree,A large building with a gold roof and a sun on top
images_2361.jpg,362,Girl,A little girl wearing a pink tank top and black shorts is holding a green leaf
images_2362.jpg,362,Grill,A man wearing a hat and a vest is cooking food on a grill
images_2363.jpg,362,Woman,A woman wearing a blue shirt and black pants stands on a sidewalk
images_2364.jpg,362,Deer,A deer is walking in the snow in front of a white house
images_2365.jpg,362,Building,A brick building with a tree growing out of it
images_2366.jpg,362,People,"A group of people posing for a picture, with one of the women wearing a yellow shirt"
images_2367.jpg,362,House,A large green lawn with a house in the background
images_2368.jpg,362,Tent,A green tent with a blue roof is surrounded by green plants and a wooded area
images_2369.jpg,362,Statue,A white sculpture of a flower is in a field with a red building in the background
images_2370.jpg,362,Deer,A tree with two deer standing in front of it
images_2371.jpg,362,Girl,A young girl is sitting on the ground with a basket and a tennis racket
images_2372.jpg,362,Bird feeder,A bird feeder with a clear glass container and a wooden pole
images_2373.jpg,362,Grave,A small figurine of a man on a horse is in a field of graves
images_2374.jpg,362,Plants,A close up of a plant with green leaves and brown stems
images_2375.jpg,362,Bird,A colorful bird with a blue head and red body perched on a stone bird bath
images_2376.jpg,362,Patio,A house with a brick exterior and a garden with a potted plant and a bird feeder
images_2377.jpg,362,Patio,A brick wall with a red roof and a metal awning
images_2378.jpg,362,House,A large red brick house with white trim and a green tree in front
images_2379.jpg,362,Gate,A green gate with a fence in front of a house
images_2380.jpg,362,Garden,"A garden with a variety of plants, including a potted plant with a white vase"
images_2381.jpg,197,Pond,"A serene garden with a pond, greenery, and a pagoda"
images_2382.jpg,197,Garden,A statue of a man sitting on a stone pedestal
images_2383.jpg,197,Garden,A large green bush with a small tree in the middle of a field
images_2384.jpg,197,Pond,A red and orange oriental style gate is reflected in a pond
images_2385.jpg,197,Bride,A woman in a white dress is sitting on a bridge
images_2386.jpg,197,Pond,"A serene park scene with a bridge, water, and greenery"
images_2387.jpg,197,Pond,A black bird statue stands in a garden near a pond
images_2388.jpg,197,Waterfall,A waterfall in a forest at night
images_2389.jpg,197,Waterfall,A waterfall with a green mossy background and a rocky waterfall
images_2390.jpg,197,Pond,A pond with a waterfall and a rock wall with a potted plant on top
images_2391.jpg,197,Fish,A group of orange and white fish swimming in a pond
images_2392.jpg,197,Trees,A purple flower bush with a tree in the background
images_2393.jpg,197,Pond,A large green tree with a pagoda in the middle of a garden
images_2394.jpg,197,Pond,A pond with a variety of fish swimming in it
images_2395.jpg,197,Pond,A serene pond with a small house and a garden in the background
images_2396.jpg,197,Party,"A group of people are sitting around a table with candles lit, and balloons are floating in the air"
images_2397.jpg,197,Tree,A tree with purple flowers in front of a stone arch
images_2398.jpg,197,Pond,A group of people are watching fish in a pond
images_2399.jpg,197,Garden,A large bush with purple leaves and a staircase in the background
images_2400.jpg,197,Bridge,A red bridge with a red fence and a red roof
images_2401.jpg,343,Laundry,A white washer and dryer in a kitchen
images_2402.jpg,343,Laundry,"A kitchen with a washer and dryer, wooden cabinets, and a red countertop"
images_2403.jpg,343,Clutter,A messy room with a lot of books and a green shelf
images_2404.jpg,343,Kitchen,A kitchen with a stainless steel refrigerator and a washer and dryer
images_2405.jpg,343,Kitchen,A kitchen with white cabinets and a window
images_2406.jpg,343,Laundry,A white washing machine with a basket of cleaning supplies on the floor
images_2407.jpg,343,Shelf,A blue cabinet with a blue shelf and blue and yellow bottles
images_2408.jpg,343,Washer,Two white washing machines with blue lids
images_2409.jpg,343,Laundry,A white washer and dryer in a kitchen
images_2410.jpg,343,Kitchen,A kitchen with a pink wall and a green counter
images_2411.jpg,343,Washing machine,A white washer and dryer in a kitchen
images_2412.jpg,343,Kitchen,"A kitchen with a washer and dryer, a refrigerator, and a sink"
images_2413.jpg,343,Kitchen,A kitchen with white cabinets and a washer dryer
images_2414.jpg,343,Washing machine,A white washer and dryer with a green basket in front of them
images_2415.jpg,343,Washing machine,A blue washing machine with a blue basket on top
images_2416.jpg,343,Washer,A white washing machine with a dryer on top
images_2417.jpg,343,Washing machine,A washer and dryer in a laundry room
images_2418.jpg,343,Sink,A green sink with a window above it
images_2419.jpg,343,Furnace,A large white heater sits in a room with steel walls
images_2420.jpg,343,Kitchen,A small kitchen with white appliances and a window
images_2421.jpg,158,Gas station,A gas station with a 66 sign on top
images_2422.jpg,158,Gas station,A gas station with a yellow roof and a black car parked in front
images_2423.jpg,158,Gas station,A gas station with a red car parked in front of it
images_2424.jpg,158,Gas station,A gas station with a white roof and a red sign
images_2425.jpg,158,Beverage,A vending machine with a green bottle and a red can
images_2426.jpg,158,Car,A red car is parked in front of a Peugeot dealership
images_2427.jpg,158,Gas station,A red vintage car is parked next to a yellow gas pump
images_2428.jpg,158,Car,A silver car is parked in front of a green and yellow building
images_2429.jpg,158,Gas station,A gas station with a red and white gas pump
images_2430.jpg,158,Gas station,A gas station with a red roof and a blue car
images_2431.jpg,158,Gas station,A gas station with graffiti on the side of the building
images_2432.jpg,158,Gas pump,"A gas pump with a sign that says ""active cleans for better performance"
images_2433.jpg,158,Gas station,A man in a blue hat is pumping gas into a white car
images_2434.jpg,158,Gas station,A gas station with a red truck and a red building
images_2435.jpg,158,Gas station,A black car is parked at a gas station
images_2436.jpg,158,Gas station,A gas station with a blue roof and a red sign
images_2437.jpg,158,American flag,A small building with a red roof and a flag on the side
images_2438.jpg,158,Gas station,"A man is pumping gas into a car, and the gas station is reflected in a mirror"
images_2439.jpg,158,Gas station,A gas station with a green roof and a red car
images_2440.jpg,158,Gas station,A woman in a black shirt and black pants is standing in front of a gas pump
images_2441.jpg,6,Video game,A brightly lit arcade game with a woman on the screen
images_2442.jpg,6,Arcade,A Pac-Man arcade machine with a yellow and blue color scheme
images_2443.jpg,6,Arcade,A black and blue video game machine with a dragon on the front
images_2444.jpg,6,Arcade,A colorful video game machine with a colorful game on the screen
images_2445.jpg,6,Video game,A small television is mounted on a wooden shelf
images_2446.jpg,6,Arcade,A video game machine with a green light on the front
images_2447.jpg,6,Arcade,"A collection of old arcade games, including a Pac-Man machine, are displayed in a room"
images_2448.jpg,6,Arcade,"A room with a lot of arcade games, including a game with a blue and yellow color scheme"
images_2449.jpg,6,Video game,A man wearing a blue jacket is playing a video game
images_2450.jpg,6,Stuffed animals,"A large group of stuffed animals, including a green stuffed animal, are piled up in a machine"
images_2451.jpg,6,Woman,A woman with red hair and a plaid shirt is laughing and pointing at a screen
images_2452.jpg,6,Baseball,A woman wearing a white shirt and blue jeans is sitting in front of a TV
images_2453.jpg,6,Arcade,A collection of arcade games with a colorful and vibrant display
images_2454.jpg,6,Video game,Two video game machines with red and blue colors
images_2455.jpg,6,Arcade,A black arcade machine with a blue and white game screen
images_2456.jpg,6,Pool table,A computer generated image of a pool room with a pool table and a yellow and black color scheme
images_2457.jpg,6,Arcade,A black and white game machine with a colorful game on the screen
images_2458.jpg,6,Carousel,"A woman and a boy are sitting on a merry go round, the woman is wearing a blue jacket"
images_2459.jpg,6,Arcade,A row of arcade games with a green one in the middle
images_2460.jpg,6,Bookshelf,A colorful diagram of a room with a yellow circle on the left side
images_2461.jpg,93,Lab,A group of people wearing blue suits and masks are working in a lab
images_2462.jpg,93,Factory,A man wearing a white mask and white clothing is working on a machine
images_2463.jpg,93,Car,Two men wearing white suits are working on a silver car
images_2464.jpg,93,Hospital,A woman in a blue shirt pushing a cart with a man walking behind her
images_2465.jpg,93,Office,A large white room with a lot of windows and a long table
images_2466.jpg,93,Kitchen,A room with a large metal sink and a white counter
images_2467.jpg,93,Workers,Three men wearing white suits are standing in a clean room
images_2468.jpg,93,Machine,A machine with a red button on it
images_2469.jpg,93,Man,A man wearing a white lab coat is working on a machine
images_2470.jpg,93,Office,A long hallway with a row of desks and chairs
images_2471.jpg,93,Bicycle,A man in a red shirt is holding a bike up to a storage area
images_2472.jpg,93,Medical,Three people wearing white coats and hats are standing in a room
images_2473.jpg,93,Space,A large white building with a man walking in the middle
images_2474.jpg,93,Vacuum,A blue container with a blue lid and a blue base
images_2475.jpg,93,Space,A man in a blue space suit stands in front of a large white spacecraft
images_2476.jpg,93,Classroom,A blue chalkboard with a green frame is in a room with a blue carpet
images_2477.jpg,93,Medical,A group of people wearing white suits and masks are standing in front of a table
images_2478.jpg,93,Space,A window view of a space station with a large silver object in the foreground
images_2479.jpg,93,Space,A white and black spacecraft on a black surface
images_2480.jpg,93,Glass,A large room with a white floor and a blue wall
images_2481.jpg,209,Walkway,A sign on a pathway with a tree in the background
images_2482.jpg,209,People,A large group of people are standing in a grassy area near a lake
images_2483.jpg,209,Tree,A large tree with green leaves and branches
images_2484.jpg,209,Tree,A tree with green leaves and branches in a park
images_2485.jpg,209,Motorcycle,A brown motorcycle with a black seat and chrome accents
images_2486.jpg,209,Tent,A green carpet with white vases on it
images_2487.jpg,209,City,A large green field with a city skyline in the background
images_2488.jpg,209,Grass,A lush green field with a tree in the background
images_2489.jpg,209,Park,A park with a large green field and a blue sky
images_2490.jpg,209,Sign,A sign for a university is in front of a tree
images_2491.jpg,209,Flowers,A white flower with pink petals and green leaves
images_2492.jpg,209,Yard,A beautiful garden with a fence and a bench
images_2493.jpg,209,House,A house with a red roof and a green roof
images_2494.jpg,209,Birds,A large tree with a group of birds standing around it
images_2495.jpg,209,Grass,A person is taking a picture of a green field
images_2496.jpg,209,Man,A man in a blue shirt is throwing a frisbee in front of a large building
images_2497.jpg,209,House,A white house with a red roof and a garden of flowers in front of it
images_2498.jpg,209,Statue,A statue of a bird is sitting on a concrete base in a park
images_2499.jpg,209,Wall,A green field with a stone wall and a tree in the middle
images_2500.jpg,209,Road,A dirt road with trees on both sides
images_2501.jpg,59,Building,A large building with a pagoda roof and a pond in front of it
images_2502.jpg,59,Mountain,A mountain is in the background of a city with a large building and a boat in the water
images_2503.jpg,59,Boats,A red and white house with a dock in front of it
images_2504.jpg,59,Boats,A city waterway with boats and a bridge in the background
images_2505.jpg,59,Boats,"A group of people are sailing in the water, with a blue sailboat in the foreground"
images_2506.jpg,59,Canoe,A group of people in yellow and blue kayaks on a river
images_2507.jpg,59,Swimming pool,A wooden fence surrounds a green pond with a white building in the background
images_2508.jpg,59,House,A red house with a white roof is situated on a dock
images_2509.jpg,59,Houseboat,A houseboat with a brown wooden exterior and a white roof
images_2510.jpg,59,Gazebo,"A small wooden structure with a bench and a table under a canopy, surrounded by a forest"
images_2511.jpg,59,Boats,A white house with a brown roof and a tree in front of it
images_2512.jpg,59,Boat,A blue and white boat with a red flag on the back
images_2513.jpg,59,House,A red house with a tree in front of it
images_2514.jpg,59,Hut,A group of huts on stilts with a blue sky in the background
images_2515.jpg,59,Boats,"A city skyline is reflected in the water, with boats docked in the harbor"
images_2516.jpg,59,Boat,A white boat is docked in front of a red house
images_2517.jpg,59,Building,A large building with a metal roof is under construction
images_2518.jpg,59,Dam,A large body of water with a dam and a bridge in the background
images_2519.jpg,59,Boat,A boat with the name Bass Tracker on it
images_2520.jpg,59,Ocean,A pier with a boat on the water
images_2521.jpg,326,Swimming pool,A pool with a blue color and a reflection of a building in the water
images_2522.jpg,326,Swimming pool,A woman in a blue tank top is laying on a tiled poolside
images_2523.jpg,326,Swimming pool,A blue swimming pool with a blue and white design
images_2524.jpg,326,Swimming pool,A red rose is sitting on a table next to a pool
images_2525.jpg,326,Swimming pool,A large pool with a house in the background
images_2526.jpg,326,Swimming pool,"A large building with many windows and balconies, and a pool in front of it"
images_2527.jpg,326,Swimming pool,"A backyard with a pool, a patio set, and a fence"
images_2528.jpg,326,Swimming pool,A swimming pool with a blue color and a white pole in the middle
images_2529.jpg,326,Swimming pool,A blue swimming pool with a wooden deck and a view of the ocean
images_2530.jpg,326,Swimming pool,A large swimming pool with a blue color and a reflection of the sunset
images_2531.jpg,326,Swimming pool,A large pool with a waterfall and a blue color
images_2532.jpg,326,Swimming pool,A large pool with a waterfall and a stone wall with a house in the background
images_2533.jpg,326,Fountain,A purple fountain with a blue reflection in a pool
images_2534.jpg,326,Swimming pool,A large swimming pool with a blue color and a white deck
images_2535.jpg,326,Swimming pool,A large blue swimming pool with a building in the background
images_2536.jpg,326,Swimming pool,A blue swimming pool with a blue tarp on the ground
images_2537.jpg,326,Swimming pool,A swimming pool with a thatched roof and a palm tree
images_2538.jpg,326,Swimming pool,A large swimming pool with blue tiles and a blue and white color scheme
images_2539.jpg,326,Swimming pool,A pool with a blue tarp and a wooden deck with a bench and chairs
images_2540.jpg,326,Swimming pool,A large swimming pool with a blue tiled floor and a blue tiled ceiling
images_2541.jpg,173,Grass,A large green field with a white building in the distance
images_2542.jpg,173,Hill,A sunset view of a hillside with a yellowish hue and a cloudy sky
images_2543.jpg,173,Rock,A group of stone pillars on a grassy hillside
images_2544.jpg,173,Trees,A tree with a cloudy sky in the background
images_2545.jpg,173,Field,A view of a field with a fence and a building in the background
images_2546.jpg,173,Hay,A large brown bale of hay is sitting in a field
images_2547.jpg,173,Hay,A large bale of hay is in a field with a sunny sky
images_2548.jpg,173,Field,A field of grass with a blue sky above
images_2549.jpg,173,Clouds,A white building with a red roof is situated in a field with a blue sky and clouds
images_2550.jpg,173,Car,A black car with the number 32 on the side is driving on a dirt track
images_2551.jpg,173,Mountain,A large rock in a field with a foggy mountain in the background
images_2552.jpg,173,Sheep,A herd of sheep grazing in a lush green field
images_2553.jpg,173,Hay,A field of grass with a few hay bales scattered throughout
images_2554.jpg,173,Sky,A blue sky with white clouds and a field of tall grass
images_2555.jpg,173,Path,A painting of a dirt road with trees and grass on either side
images_2556.jpg,173,Clouds,A cloudy day with a mountain in the background
images_2557.jpg,173,Trees,A tree with no leaves in a field with a blue sky
images_2558.jpg,173,Hay,A field of hay with a mountain in the background
images_2559.jpg,173,Buffalo,A brown buffalo standing in a field with other buffalo
images_2560.jpg,173,Hill,A green hillside with a small village at the bottom
images_2561.jpg,90,Church,A large cathedral with a wooden floor and a stained glass window
images_2562.jpg,90,Statue,A statue of a woman is in a room with a red color scheme
images_2563.jpg,90,Church,A man wearing a black jacket and glasses stands in front of a cross
images_2564.jpg,90,Church,A church with a white altar and a large stained glass window
images_2565.jpg,90,Candle,A statue of a man holding a book is lit by candles
images_2566.jpg,90,Stained glass,A stained glass window of a man holding a cross
images_2567.jpg,90,Church,A large cathedral with a long hallway and a large archway
images_2568.jpg,90,Church,A large cathedral with a vaulted ceiling and stained glass windows
images_2569.jpg,90,Church,A person wearing a black shirt and white pants is standing in front of a church
images_2570.jpg,90,Wedding,"A bride and groom are walking down the aisle, the bride is wearing a white dress and the groom is wearing a black suit"
images_2571.jpg,90,Church,"A church with a yellow and green color scheme, a stained glass window, and a painting of a man on the wall"
images_2572.jpg,90,Church,"A group of men in white robes are standing in front of a cross, holding a wine glass"
images_2573.jpg,90,Couple,A man and woman in a green dress and black suit walking together
images_2574.jpg,90,Window,A church with a stained glass window and a stone bench
images_2575.jpg,90,Church,A painting of a church with a large group of people sitting in the pews
images_2576.jpg,90,Photo,"A light shines on a framed picture of a woman, and the picture is in a brown frame"
images_2577.jpg,90,Church,A church with a large stained glass window and a wooden pew
images_2578.jpg,90,Church,A woman in a purple coat is walking through a large cathedral with a wooden floor
images_2579.jpg,90,Church,A church with a large stained glass window and a wooden pew
images_2580.jpg,90,Cathedral,A large cathedral with a stained glass window and a stone arch
images_2581.jpg,328,Tv,A wooden dresser with a television on top
images_2582.jpg,328,Living room,"A living room with a red couch, a flat screen TV, and a red lamp"
images_2583.jpg,328,Living room,"A living room with a fireplace, a couch, and a chair"
images_2584.jpg,328,Kitchen,"A kitchen with a white refrigerator, a stove, and a rug"
images_2585.jpg,328,Tv,A flat screen television is mounted on a wall above a wooden entertainment center
images_2586.jpg,328,Bedroom,"A bedroom with a bed, a surfboard, a TV, and a window"
images_2587.jpg,328,Computer,A computer monitor with a blue screen and a red and green logo
images_2588.jpg,328,Tv,"A flat screen TV is mounted on a wooden wall, with a wooden stand below it"
images_2589.jpg,328,Children's room,A room with a white wall and a blue chair
images_2590.jpg,328,Hair salon,A woman is getting her hair blow dried in a salon
images_2591.jpg,328,Baby,"A baby is sitting in a high chair in a room with a television, a bed, and a window"
images_2592.jpg,328,Living room,"A small living room with a flat screen TV, a wooden table, and a chair"
images_2593.jpg,328,Tv,A black television sits on a black stand in a living room
images_2594.jpg,328,Tv,A wooden television stand with a flat screen TV on top
images_2595.jpg,328,Dining room,"A living room with a fireplace, a table with a white tablecloth, and a TV"
images_2596.jpg,328,Fireplace,"A living room with a red couch, a television, a fireplace, and a bookshelf"
images_2597.jpg,328,Tv,A large wooden cabinet with a flat screen TV and a shelf with a collection of knick knacks
images_2598.jpg,328,Bedroom,"A hotel room with two beds, a chair, a desk, a TV, and a window"
images_2599.jpg,328,Bedroom,"A bedroom with a bed, a television, and a desk"
images_2600.jpg,328,Living room,"A living room with a fireplace, a wooden table, and a brown rug"
images_2601.jpg,143,Staircase,A black and white photo of a building with a ladder on the side
images_2602.jpg,143,Building,A large white building with green trim and a traffic light
images_2603.jpg,143,Staircase,A brick building with a fire escape ladder
images_2604.jpg,143,Building,A yellow building with many balconies and a black and white photo
images_2605.jpg,143,Stairs,A white building with a black railing and a blue sky
images_2606.jpg,143,Building,A brick building with a metal roof and a window
images_2607.jpg,143,Building,A tall building with a lot of windows and a sign that says Dallas-Parker
images_2608.jpg,143,Tennis,A man in a white shirt and black pants is holding a tennis racket
images_2609.jpg,143,Building,A black and white photo of a building with a ladder on the side
images_2610.jpg,143,City,A cityscape at night with a lit up building and a lit up sky
images_2611.jpg,143,Building,A woman is walking on a sidewalk in front of a colorful building with a yellow and orange facade
images_2612.jpg,143,Graffiti,A building with a lot of graffiti on it
images_2613.jpg,143,Stairs,A building with a staircase and a window
images_2614.jpg,143,Building,A brick building with a fire escape ladder and a window
images_2615.jpg,143,Street,A city street with a blue sign and a black car
images_2616.jpg,143,Stairs,A building with a staircase and a camera on the side
images_2617.jpg,143,Building,A black and white photo of a building with a staircase and a light pole
images_2618.jpg,143,Fire escape,A black and white photo of a fire escape ladder on a building
images_2619.jpg,143,Staircase,A black and white photo of a fire escape with a brick wall in the background
images_2620.jpg,143,Building,A building with a moon in the sky and a window with a view of the moon
images_2621.jpg,256,Apartment,A large building with a lot of windows and a balcony
images_2622.jpg,256,Building,A large brick building with many windows and a black roof
images_2623.jpg,256,Bus,A blue bus with yellow writing on the side is driving down a street
images_2624.jpg,256,Truck,A large truck with a yellow and blue color scheme is parked on the side of a road
images_2625.jpg,256,House,A large brown house with many windows and a black roof
images_2626.jpg,256,Parking garage,A parking garage with a red and white color scheme
images_2627.jpg,256,Store,A blue and white building with a blue sign on the door
images_2628.jpg,256,Building,A tall building with many windows and lights on the outside
images_2629.jpg,256,Building,A city street with a large building and a tree
images_2630.jpg,256,Street,A large building with a blue awning and a green sign
images_2631.jpg,256,Building,A tall building with many windows and balconies
images_2632.jpg,256,Building,A large building with a green and orange color scheme
images_2633.jpg,256,Building,A large building with a brown roof and white trim
images_2634.jpg,256,Bus stop,A bus stop with a green metal roof and a sign on the side of the road
images_2635.jpg,256,Parking garage,A motorcycle is parked in front of a parking garage
images_2636.jpg,256,Building,A large white building with many windows and a green tree in front of it
images_2637.jpg,256,Building,A large building with a parking garage in front of it
images_2638.jpg,256,People,A man sitting on a brick stairway with a blue shirt and jeans
images_2639.jpg,256,Building,A large building with many windows and a green roof
images_2640.jpg,256,Building,A large brick building with many windows and a sign on the sidewalk
images_2641.jpg,48,Mountain,"A beach scene with a rocky cliff, a mountain in the background, and a person standing on the beach"
images_2642.jpg,48,Beach,A beach scene with a sunset in the background
images_2643.jpg,48,Doll,A doll with a pink dress and a white bow is hanging from a string
images_2644.jpg,48,Sunset,A sunset over the ocean with a cloudy sky
images_2645.jpg,48,Sunset,Two people walking on a beach at sunset
images_2646.jpg,48,Beach,A man in a green shirt and white shorts is standing on a beach
images_2647.jpg,48,Beach,"Two women sitting on the beach, one wearing a blue dress and the other wearing a yellow dress"
images_2648.jpg,48,Beach,A beach scene with a cloudy sky and a sandy beach
images_2649.jpg,48,Ducks,A group of geese are standing on a beach near a body of water
images_2650.jpg,48,Bird,A bird with a long beak standing in the water
images_2651.jpg,48,Island,A lone tower stands on a small island in the middle of the ocean
images_2652.jpg,48,Surfer,"A surfer is in the air above a wave, with the wave being white and the surfer wearing a black wetsuit"
images_2653.jpg,48,Ocean,A beach scene with a palm tree and a white sandy beach
images_2654.jpg,48,Surfer,A black and white photo of a beach with a person in the water and a rock in the foreground
images_2655.jpg,48,Beach,"A group of people are sitting on the beach, wearing red and white clothing"
images_2656.jpg,48,Ocean,A beach scene with a blue sky and white clouds
images_2657.jpg,48,Lighthouse,"A lighthouse stands in the water, with a purple sky in the background"
images_2658.jpg,48,Person,A person standing on a beach with the sun shining on them
images_2659.jpg,48,Beach,A single leaf on a beach with a blue sky and ocean in the background
images_2660.jpg,48,Beach,A beach scene with a blue ocean and white sand
images_2661.jpg,104,Tractor,A green tractor is pulling a white trailer with a yellow wheel
images_2662.jpg,104,Corn,A field of green corn with a yellowish tint
images_2663.jpg,104,Soldier,A man in a camouflage uniform is holding a gun
images_2664.jpg,104,Field,A field of tall brown grass with a tractor in the distance
images_2665.jpg,104,Corn,A corn plant with green leaves and yellow flowers
images_2666.jpg,104,Wheat,A field of wheat with red flowers
images_2667.jpg,104,Field,A large field of green plants with a road in the middle
images_2668.jpg,104,Corn,A woman wearing glasses is standing in a field of tall green corn
images_2669.jpg,104,Field,A field of crops with a sunset in the background
images_2670.jpg,104,Trees,A green field with a tree in the background
images_2671.jpg,104,Corn,A black and white photo of corn stalks with a blue sky in the background
images_2672.jpg,104,Grass,A field of dry grass with a yellowish color and a texture of straw
images_2673.jpg,104,Tractor,A tractor is plowing a field with a man on it
images_2674.jpg,104,Field,A field of green grass with a blue sky above
images_2675.jpg,104,Corn,A field of corn with a house in the background
images_2676.jpg,104,Clouds,A large field with a blue sky above it
images_2677.jpg,104,Clouds,A cloudy blue sky with white clouds and a field of yellow corn
images_2678.jpg,104,Bicycle race,A group of bicyclists wearing black and white jerseys riding down a road
images_2679.jpg,104,Grass,A close up of a green plant with a blue sky in the background
images_2680.jpg,104,Field,A field of green grass with a cloudy sky above
images_2681.jpg,322,Dessert,A glass bowl of ice cream with chocolate and whipped cream toppings
images_2682.jpg,322,Bar,A bar with wooden walls and a long row of stools
images_2683.jpg,322,Sushi,A man in a black shirt is sitting at a sushi bar with a variety of sushi dishes in front of him
images_2684.jpg,322,Woman,A woman in a yellow shirt holding a sword
images_2685.jpg,322,People,"A group of men sitting at a table, with one man wearing a white shirt"
images_2686.jpg,322,Restaurant,A restaurant with a large circular table and a chandelier
images_2687.jpg,322,Bar,A bar with a red counter top and a piano in the background
images_2688.jpg,322,Restaurant,"A restaurant with wooden tables and chairs, and a large number of wine bottles on the walls"
images_2689.jpg,322,Dinner,A wooden table with a bowl of fruit on it
images_2690.jpg,322,Bar,A man sitting at a bar with a glass of wine
images_2691.jpg,322,Cook,A man wearing a white shirt and a green apron is cooking hamburgers on a grill
images_2692.jpg,322,Wine,A doorway with a picture of a man on it
images_2693.jpg,322,Restaurant,A woman is cooking food in a restaurant
images_2694.jpg,322,Pool table,A woman in a black shirt is sitting at a pool table in a bar
images_2695.jpg,322,Restaurant,"A restaurant with a red curtain and a sign that says ""Titanic"
images_2696.jpg,322,Chef,A man in a red shirt stands in front of a large table with a grill on it
images_2697.jpg,322,Kitchen,A restaurant with a bar and a woman standing behind it
images_2698.jpg,322,Restaurant,A woman is sitting on a wooden chair at a table with a menu in front of her
images_2699.jpg,322,Chef,A man wearing a white shirt and a white hat is sitting at a counter in a restaurant
images_2700.jpg,322,Bar,A bar with a black counter and a white and black color scheme
images_2701.jpg,62,Park,A park with a large stone in the center and a large tree in the background
images_2702.jpg,62,Tree,A tree with a yellow circle in the middle of it
images_2703.jpg,62,Garden,A garden pathway with a red bridge and a variety of flowers and plants
images_2704.jpg,62,Plants,A green plant with red stems and blue flowers
images_2705.jpg,62,Garden,A painting of a garden with a pond and a building in the background
images_2706.jpg,62,Flowers,A close up of a red flower with green leaves
images_2707.jpg,62,Man,A man wearing a black shirt and jeans stands next to a fountain
images_2708.jpg,62,Stairs,"A tropical garden with palm trees, a stone path, and a stone wall"
images_2709.jpg,62,Flower,A purple flower with yellow and orange accents
images_2710.jpg,62,Tree,A large tree with a trunk that is brown and white
images_2711.jpg,62,Garden,"A garden with a variety of plants, including a green leafy plant, a tree, and a bush"
images_2712.jpg,62,Mushroom,"A brown mushroom with a hole in the center, growing on a tree branch"
images_2713.jpg,62,Bird,A bird perched on a tree branch with green leaves
images_2714.jpg,62,Tree,A close up of a leafy green tree with red stems
images_2715.jpg,62,Flowers,A close up of yellow flowers with a green background
images_2716.jpg,62,Bee,A purple flower with a bee on it
images_2717.jpg,62,Trees,A tree with a green leaf and a brown branch
images_2718.jpg,62,Pond,A view of a lake with a city in the background
images_2719.jpg,62,Flowers,A red flower bush with yellow flowers in the middle of a path
images_2720.jpg,62,Leaf,"A leaf with a yellow and red color, and a texture of a leaf"
images_2721.jpg,179,Baby,A woman wearing a green shirt is holding a baby
images_2722.jpg,179,Baby,A woman is holding a baby in a hospital bed
images_2723.jpg,179,Hospital,A woman in a white dress is sitting in a hospital bed
images_2724.jpg,179,Bathroom,A black and white photo of a hallway with a blue tiled floor
images_2725.jpg,179,Woman,A woman in a brown dress is being held by a man in a white shirt
images_2726.jpg,179,Baby,A baby with a yellow bow on its head
images_2727.jpg,179,Bedroom,A room with a bed and a desk with a green door
images_2728.jpg,179,Baby,A baby incubator with a black suitcase next to it
images_2729.jpg,179,Hospital,A man is lying in a hospital bed with a white sheet and a black and white photo
images_2730.jpg,179,Building,A black and white photo of a large building with a tree in front of it
images_2731.jpg,179,Surgeons,A group of doctors wearing blue scrubs are gathered around a patient
images_2732.jpg,179,Hospital,A man in a blue shirt is standing next to a woman in a hospital bed
images_2733.jpg,179,Baby,A baby is wrapped in a white blanket and is wearing a pink and white outfit
images_2734.jpg,179,Crane,A large crane is in front of a building with a large M on the side
images_2735.jpg,179,Baby,A baby wearing a blue hat and a yellow shirt
images_2736.jpg,179,Man,A man with a tattooed arm is lying on a stretcher with a yellow blanket
images_2737.jpg,179,Polar bear,"A group of people, including a boy in a wheelchair, pose with a polar bear statue"
images_2738.jpg,179,Doctor,A man in a blue shirt is standing next to a man in a blue shirt and blue pants
images_2739.jpg,179,Man and child,A man wearing a blue shirt and a blue hat is holding a child
images_2740.jpg,179,Face,A woman wearing a green hat and a white mask
images_2741.jpg,275,Horse racing,A magazine cover featuring a computer game with horses and jockeys
images_2742.jpg,275,Horse,A white horse with a blue blanket on its back
images_2743.jpg,275,Horse,A group of men riding horses in a field
images_2744.jpg,275,Woman on horse,A woman wearing a pink shirt rides a brown horse
images_2745.jpg,275,Horse,A man is walking a brown horse on a dirt field
images_2746.jpg,275,Stadium,A large building with many windows and a large crowd of people walking around
images_2747.jpg,275,Girl and dog,A woman wearing a black jacket is sitting on the grass with a black dog
images_2748.jpg,275,Horse,A woman in a white shirt is leading a brown horse
images_2749.jpg,275,Horse,A brown horse running through a field with green grass
images_2750.jpg,275,Horse race,A black and white photo of a group of horses running
images_2751.jpg,275,Horse,A man riding a horse on a snowy road
images_2752.jpg,275,Horse,A woman wearing a red jacket walks a horse that is wearing a red blanket
images_2753.jpg,275,Horse race,A group of jockeys riding horses on a dirt track
images_2754.jpg,275,Horse,A woman riding a horse in front of a crowd of people
images_2755.jpg,275,Horse,A man riding a brown horse with a black mane
images_2756.jpg,275,Horse race,A man riding a white horse in front of a group of people
images_2757.jpg,275,Horse,A horse race track with a horse and jockey riding around the track
images_2758.jpg,275,Horse,A black horse with a white spot on its back is being walked by a man and a woman
images_2759.jpg,275,Horse,A brown horse with a rider on its back is running on a dirt track
images_2760.jpg,275,Men,A group of men in suits and ties are standing next to horses
images_2761.jpg,171,Boat,A white boat with blue seats is docked at a pier
images_2762.jpg,171,Bridge,A bridge over water with a yellow building in the background
images_2763.jpg,171,City,A city skyline at night with a blue light
images_2764.jpg,171,Sailboat,A sailboat with a white sail and a man in a black shirt on it
images_2765.jpg,171,Boats,A black and white photo of a boat in the water
images_2766.jpg,171,Boat,A blue boat with a red stripe is reflected in the water
images_2767.jpg,171,Boats,A black and white photo of a boat docked in a harbor
images_2768.jpg,171,Boat,A large red and yellow boat with a red roof is floating on the water
images_2769.jpg,171,Train,A purple sky with a boat and a train in the foreground
images_2770.jpg,171,Boats,A beautiful blue ocean with a few boats sailing in it
images_2771.jpg,171,Navy,A blue ocean with a fleet of boats sailing in formation
images_2772.jpg,171,Building,A large building with a dome roof and a clock tower
images_2773.jpg,171,City,A large white ship with a red cross on it sits in a harbor
images_2774.jpg,171,Ship,A large blue and white ship with a red top
images_2775.jpg,171,Cruise ship,"A large white cruise ship is docked in a harbor, with a small building in front of it"
images_2776.jpg,171,Boat,A large blue boat with a yellow bridge above it
images_2777.jpg,171,Boats,A black and white photo of a marina with many boats
images_2778.jpg,171,Ship,"A large sailboat is docked at a pier, with a green railing and a red flag"
images_2779.jpg,171,Ship,A large white battleship is docked at a pier
images_2780.jpg,171,Boats,A large body of water with a boat in the middle and a city in the background
images_2781.jpg,364,Bird,A dead bird is sitting on a sandy surface
images_2782.jpg,364,Rock,A rock garden with a rock in the center and a tree in the background
images_2783.jpg,364,Stone,A stone statue is surrounded by a circle of stones in a forest
images_2784.jpg,364,Rock,A large rock sits in a sandy area with a stone pathway
images_2785.jpg,364,Zen garden,A stone circle with a stone in the center and a stone on the left
images_2786.jpg,364,Cat,A leopard is walking on a dirt ground
images_2787.jpg,364,Tree,A small tree in a planter box with yellow flowers
images_2788.jpg,364,Waterfall,A beautiful garden with a waterfall and a pond
images_2789.jpg,364,Pavement,A large paved area with a gravel surface and a small pond in the background
images_2790.jpg,364,Rock,A black and white photo of a rocky surface
images_2791.jpg,364,Tree,A small tree with green leaves and a brown trunk
images_2792.jpg,364,Shadow,A shadow of a person holding hands with another person
images_2793.jpg,364,Pond,A rocky pathway with a pond in the background
images_2794.jpg,364,Garden,"A garden with a pond, a fountain, and a rock wall"
images_2795.jpg,364,Roof,A red building with a black roof and a white door
images_2796.jpg,364,Dog,A black dog is laying on a cobblestone walkway
images_2797.jpg,364,Shelter,A wooden shelter with a bench and a stone wall
images_2798.jpg,364,Waterfall,A white waterfall with a green forest in the background
images_2799.jpg,364,Rock,A rock with moss on it sits in a circle of stones
images_2800.jpg,364,Rocks,A rocky area with a rock and a small white object on the ground
images_2801.jpg,261,Bird,A black and white bird with a white tail is perched on a metal cage
images_2802.jpg,261,Cake,A window display of cakes and candies with pink and purple colors
images_2803.jpg,261,Shirt,A blue shirt with a cartoon on it hangs on a rack with other shirts
images_2804.jpg,261,Rats,Two brown rats in a cage with a purple background
images_2805.jpg,261,Spices,A table full of spices and condiments
images_2806.jpg,261,Stuffed animals,"A display of stuffed animals, including a blue teddy bear, are arranged on a table"
images_2807.jpg,261,Birds,A woman is standing in front of a bird cage with a blue shirt and a pink bird cage
images_2808.jpg,261,Bar,A bar with a glass jar of beads and a glass jar of beads
images_2809.jpg,261,Books,A bookshelf with books and magazines on it
images_2810.jpg,261,Bird cage,A man and a woman are standing in front of a bird cage
images_2811.jpg,261,Bird,Two birds are sitting in a cage with blue and white decorations
images_2812.jpg,261,Cat,A cat with a dirty coat is sitting in a room next to a metal trash can
images_2813.jpg,261,Cage,A white cage with a blue blanket in it
images_2814.jpg,261,Animals,A small animal in a cage with a blue background
images_2815.jpg,261,Shelf,A store shelf with a variety of products including a bottle of juice
images_2816.jpg,261,Pet store,"A store with a lot of pet supplies, including a lot of dog food"
images_2817.jpg,261,Crafts,A store with a lot of paper and cardboard
images_2818.jpg,261,Bird,A green parrot with yellow feathers perched on a curtain
images_2819.jpg,261,Cat,A cat is sitting in a blue and white cage
images_2820.jpg,261,Cage,A cage with two white animals in it
images_2821.jpg,266,Boats,A boat in the water with a reflection of lights on the water
images_2822.jpg,266,Dock,A wooden pier with a blue umbrella on it
images_2823.jpg,266,Man,A man wearing glasses and a yellow shirt is sitting on a bench
images_2824.jpg,266,People,"A group of people are standing on a dock, looking at the water"
images_2825.jpg,266,Boats,A dock with boats and a sign that says private only
images_2826.jpg,266,Dock,A dock with a boat on it and a green roof
images_2827.jpg,266,Lighthouse,A white lighthouse with a black and white stripe on top of a dock
images_2828.jpg,266,Dock,A house with a red roof and a white railing
images_2829.jpg,266,Water,A nighttime view of a city with a river and a bridge
images_2830.jpg,266,Ship,A large grey ship with the number 793 on the side
images_2831.jpg,266,Pier,A black and white photo of a pier with a bench and a light post
images_2832.jpg,266,Man,A man wearing a hat and holding a fish is standing on a dock
images_2833.jpg,266,Pier,A pier with a blue sky above and a boat in the water
images_2834.jpg,266,Children,"A group of people, including a boy in a black shirt, are looking at a fish"
images_2835.jpg,266,Life ring,A white life ring with the word Isles written on it
images_2836.jpg,266,Boat,"A small boat is docked at a pier, with a wooden dock and a foggy sky in the background"
images_2837.jpg,266,Lake,A person standing on a beach with a mountain in the background
images_2838.jpg,266,Dock,A dock with a yellow boat and a pier with a dock and a boat
images_2839.jpg,266,Cruise ship,A large white cruise ship is docked at a tropical island
images_2840.jpg,266,People,"Three men are sitting on a dock, looking out over the water"
images_2841.jpg,60,Library,A book store with a large collection of books
images_2842.jpg,60,Women,A woman in a blue shirt is speaking into a microphone while a group of women sit around her
images_2843.jpg,60,Man,A man in a grey sweater is standing in front of a screen that is projecting a picture of a bookshelf
images_2844.jpg,60,Library,A book store with a purple and blue color scheme
images_2845.jpg,60,Book,"A bookshelf with a book titled ""Destined"" and a book titled ""Unusually Stupid Celebrities"" on it"
images_2846.jpg,60,Man,A man wearing a pink shirt is sitting at a table with a book in front of him
images_2847.jpg,60,Bookstore,A black and white photo of a book store with a table full of books
images_2848.jpg,60,Books,"A bookshelf with a variety of books, including a book titled Kentucky"
images_2849.jpg,60,Bookshelf,"A bookshelf with books and a sign that says ""Miscellaneous, I Don't Know Where Else to Put It"
images_2850.jpg,60,Books,"A bookshelf with a variety of books, including a red book"
images_2851.jpg,60,Book,A collection of books with the main subject being a blue book
images_2852.jpg,60,Bookstore,A woman in a red shirt is walking through a bookstore
images_2853.jpg,60,Bookshelf,A wooden chair is in a library with a lot of books
images_2854.jpg,60,Book,"A group of people sitting in a library, with a man in a red shirt sitting in the front"
images_2855.jpg,60,Dog,A white dog statue is sitting on a bookshelf next to a book
images_2856.jpg,60,Man,A man in a black shirt is kneeling in front of a bookshelf
images_2857.jpg,60,Library,"A room with a large bookshelf, a table, chairs, and a computer"
images_2858.jpg,60,Library,A black and white photo of a library with a ladder in the middle of the bookshelves
images_2859.jpg,60,Book,A wooden bookshelf filled with books of various colors and sizes
images_2860.jpg,60,Bookstore,A woman in a black dress is walking through a bookstore with a large collection of books
images_2861.jpg,131,Eiffel tower,"A view of the Eiffel tower from below, with a metal structure and a wooden structure"
images_2862.jpg,131,Garage,A dark room with a door and a clock on the wall
images_2863.jpg,131,Elevator,A woman in a black dress is walking down a long escalator
images_2864.jpg,131,Elevator,A tall building with a glass staircase and a glass elevator
images_2865.jpg,131,Tube,A black and white photo of a building with a pipe going up the side
images_2866.jpg,131,Bridge,A view of a metal structure with a chain link fence
images_2867.jpg,131,Tunnel,A man and a woman are walking through a tunnel
images_2868.jpg,131,Window,A dark room with a window and a door
images_2869.jpg,131,Airplane,A black and white photo of a large airplane hangar with a large airplane in the center
images_2870.jpg,131,Glass,A building with many windows and a blue sky in the background
images_2871.jpg,131,Staircase,A view of a building with a yellow light on the ground
images_2872.jpg,131,Skyscraper,"A view of a city from the top of a building, with a green roof and a white building"
images_2873.jpg,131,Car,A black car engine with a lot of wires and pipes
images_2874.jpg,131,Window,A black and white photo of a building with a window and a ladder
images_2875.jpg,131,Tunnel,A tunnel with a metal ladder and a metal pipe
images_2876.jpg,131,Staircase,A view of a staircase from the top of the stairs
images_2877.jpg,131,Trailer,A wooden crate with a metal roof and a white interior
images_2878.jpg,131,Tunnel,A person walking on a road in a tunnel with a bright light shining through
images_2879.jpg,131,Skyscraper,A black and white photo of a building with many windows
images_2880.jpg,131,Elevator,A view of a building with a yellow and white color scheme
images_2881.jpg,198,Store,A store with a large pillar and a clock on the wall
images_2882.jpg,198,Fashion,A black counter with a sign that says Vogue Fashion's Night Out 2018
images_2883.jpg,198,Necklaces,A display of jewelry on a white mannequin with a cross necklace
images_2884.jpg,198,Display,"A display case with a variety of items including a colorful blanket, a pair of shoes, and a pair of sandals"
images_2885.jpg,198,Jewelry store,A woman is walking into a jewelry store with a blue rug
images_2886.jpg,198,Christmas,"A Christmas display with a church, a tree, and a train"
images_2887.jpg,198,Jewelry,"A collection of jewelry, including a gold ring, is displayed in a case"
images_2888.jpg,198,Display,A display of glassware and jewelry with a white background
images_2889.jpg,198,Jewelry,A display of jewelry and clothing with a black mannequin and a brown wooden board
images_2890.jpg,198,Picture,A picture of three women in a frame with a brown frame
images_2891.jpg,198,Jewelry,A display of beads and jewelry on a table
images_2892.jpg,198,Necklace,A white mannequin with a necklace on it
images_2893.jpg,198,Buffet,A large circular display of food in a restaurant
images_2894.jpg,198,Shop,A man in a white robe stands in front of a store with a blue door
images_2895.jpg,198,Necklace,A yellow frame with a display of beads and jewelry
images_2896.jpg,198,Jewelry,"A collection of jewelry, including a variety of bracelets, is displayed in a glass case"
images_2897.jpg,198,Jewelry,"A collection of gold and red jewelry, including a crown, is displayed in a store"
images_2898.jpg,198,Store,A store with a large display of jewelry and a television on the wall
images_2899.jpg,198,Man,A man wearing a hat and a blue jacket is sitting in front of a table with various items on it
images_2900.jpg,198,Store,"A jewelry store with a sign that says ""jewelry"" on the window"
images_2901.jpg,84,Bridge,A view of a mountain with a bridge and a castle in the background
images_2902.jpg,84,Castle,"A large, old building with a steeple and a chimney"
images_2903.jpg,84,People,A woman and two children walking on a sidewalk near a fountain
images_2904.jpg,84,Castle,A castle with a stone wall and a brick wall
images_2905.jpg,84,Clock tower,A large brick building with a clock tower and a steeple
images_2906.jpg,84,Men,Two men standing in front of a statue in a city square
images_2907.jpg,84,Castle,A large castle with a green roof and a stone wall
images_2908.jpg,84,Church,A church with a steeple and a clock tower
images_2909.jpg,84,Clock tower,A large clock tower with a steeple and a clock on the side of a building
images_2910.jpg,84,Building,A large building with a clock tower and a blue sky
images_2911.jpg,84,Women,Two women are posing for a picture in front of a castle
images_2912.jpg,84,Lighthouse,A view of a building with a lighthouse in the distance
images_2913.jpg,84,Castle,A black and white photo of a castle with a tree in front of it
images_2914.jpg,84,Bike,A bicycle is parked in front of a small building with a red and black color scheme
images_2915.jpg,84,Woman,A woman sits on a grassy area in front of a stone wall with a tree in the background
images_2916.jpg,84,Castle,A large castle with a black and white color scheme
images_2917.jpg,84,Castle,A stone building with a tree in front of it
images_2918.jpg,84,Church,A large building with a clock tower and a green roof
images_2919.jpg,84,Castle,A black and white photo of a castle with a clock tower
images_2920.jpg,84,Castle,"A large, white, and brown building with a castle-like appearance"
images_2921.jpg,8,Hotel,A yellow taxi is parked in front of a large white building
images_2922.jpg,8,People,A group of people are sitting on the grass in front of a red building
images_2923.jpg,8,Swimming pool,A man is laying on a pool float in a swimming pool
images_2924.jpg,8,Building,A large building with many windows and a stone design
images_2925.jpg,8,Church,A large brick church with a pointed roof and a cross on top
images_2926.jpg,8,Building,A large building with a blue sign on the side
images_2927.jpg,8,Building,A large red brick building with many windows and a sign on the side
images_2928.jpg,8,Building,A large white building with many windows and balconies
images_2929.jpg,8,Building,A building under construction with a blue fence around it
images_2930.jpg,8,Tree,A tree with no leaves in front of a building
images_2931.jpg,8,Building,A tall building with many windows and balconies
images_2932.jpg,8,Buildings,A tall building with many windows and a green roof
images_2933.jpg,8,Building,A black and white photo of a building with a clock tower and a fire escape
images_2934.jpg,8,Building,A large building under construction with a yellow crane
images_2935.jpg,8,Building,A large building with a star on the side and a flag on top
images_2936.jpg,8,Building,A large white building with many windows and a brown roof
images_2937.jpg,8,Statue,A statue of a man is in front of a building
images_2938.jpg,8,Road,A pile of rocks and debris in front of a building
images_2939.jpg,8,Hotel,A large building with a green roof and palm trees in front of it
images_2940.jpg,8,Street,A man in a grey shirt is walking in front of a red car
images_2941.jpg,263,Phone booth,A silver payphone is located on the sidewalk
images_2942.jpg,263,Telephone,A telephone booth with a telephone and a sign on it
images_2943.jpg,263,Phone booth,A woman in a black shirt is standing next to a pay phone
images_2944.jpg,263,Woman,A woman in a tan jacket and black boots stands in front of a red telephone booth
images_2945.jpg,263,Phone booth,A colorful photo of a person on a phone booth
images_2946.jpg,263,Woman,A woman in a black coat is standing next to a red telephone booth
images_2947.jpg,263,Phone booth,A red telephone booth with a tree in the background
images_2948.jpg,263,Phone booth,A red phone booth with a black chair inside
images_2949.jpg,263,Motorcycle,A motorcycle is parked next to a red and white ice cream truck
images_2950.jpg,263,Phone,A telephone booth with a blue and black color scheme
images_2951.jpg,263,Phone booth,A black and white photo of a pay phone with a brick wall in the background
images_2952.jpg,263,Phone booth,"A phone booth with a mossy roof and a sign that says ""Phone"" on it"
images_2953.jpg,263,Car,A blue car is parked in front of a red telephone booth
images_2954.jpg,263,Phone booth,A red telephone booth with a brick wall in the background
images_2955.jpg,263,Phone booth,A red telephone booth is located in front of a large building
images_2956.jpg,263,Phone booth,A red telephone booth with a clock on the side
images_2957.jpg,263,Phone booth,A blue and silver phone booth with graffiti on the side
images_2958.jpg,263,Woman,A woman wearing a black shirt and jeans is leaning against a red telephone booth
images_2959.jpg,263,Phone,A man is standing in front of a row of red telephone booths
images_2960.jpg,263,Man,A man wearing sunglasses and a white shirt stands in front of a blue and white police station sign
images_2961.jpg,154,Fountain,A statue of a man holding a globe is in front of a large building
images_2962.jpg,154,Fountain,A black and white photo of a courtyard with a fountain
images_2963.jpg,154,Fountain,"A group of people sitting on a fountain, with one person wearing a red scarf"
images_2964.jpg,154,Fountain,A fountain in front of a building with a water spout
images_2965.jpg,154,Fountain,A fountain with a gold and brown color scheme
images_2966.jpg,154,Fountain,A fountain with a blue and white sign on top of it
images_2967.jpg,154,Fountain,"Two people are standing in front of a fountain, one of them is wearing a black shirt"
images_2968.jpg,154,Snow,A row of glowing balls with a yellowish color and a frothy texture
images_2969.jpg,154,Fountain,A group of people are sitting on a stone wall in front of a fountain
images_2970.jpg,154,Fountain,A statue of a person is standing next to a fountain that is spraying water
images_2971.jpg,154,Swimming pool,A red stuffed dragon toy is sitting on a pool deck
images_2972.jpg,154,Waterfall,A water fountain with a brick wall and a waterfall
images_2973.jpg,154,Fountain,A black car is driving down a street with a fountain in the background
images_2974.jpg,154,Fountain,A large stone fountain with a brown color and a stone texture
images_2975.jpg,154,Swimming pool,A fountain with a water spout in the middle of a pool
images_2976.jpg,154,Couple,A man and woman dressed in red and white posing for a picture
images_2977.jpg,154,Fountain,A statue of a man holding a torch is the main subject of the image
images_2978.jpg,154,Fountain,A statue of a woman is surrounded by water fountains
images_2979.jpg,154,Fountain,"A fountain with a bird on top, surrounded by greenery and palm trees"
images_2980.jpg,154,Child,A little girl in a green and white bathing suit is playing in the water
images_2981.jpg,350,Volcano,A volcano with a red glow and a mountain in the background
images_2982.jpg,350,Volcano,A volcano with a fire burning on the side of the mountain
images_2983.jpg,350,Mountain,A mountain with a pink sunset in the background
images_2984.jpg,350,Volcano,A volcano with smoke coming out of it
images_2985.jpg,350,Volcano,A volcano with a blue pool of water and a green pool of water
images_2986.jpg,350,Lightning,A volcano with red and yellow lightning shooting out of it
images_2987.jpg,350,Volcano,A volcano spewing smoke and ash
images_2988.jpg,350,Crater,A man is sitting on a rocky mountain with a red lava pit in front of him
images_2989.jpg,350,Volcano,A man wearing a silver suit is standing on a rocky cliff overlooking a lava flow
images_2990.jpg,350,Fire,A large fire in the mountains with a cloud of smoke and ash
images_2991.jpg,350,Mountain,A black and white photo of a mountain with a cloudy sky above it
images_2992.jpg,350,Volcano,A cloud of smoke is billowing upwards from a volcano
images_2993.jpg,350,Volcano,A volcano with a cloud of smoke on top of it
images_2994.jpg,350,Roller coaster,A roller coaster with a man on top of it
images_2995.jpg,350,Volcano,A volcano with a red lava flow and smoke coming out of it
images_2996.jpg,350,Volcano,A volcano with a red flame and smoke coming out of it
images_2997.jpg,350,Volcano,"A volcano is erupting, with a cloud of smoke and ash billowing upwards"
images_2998.jpg,350,Mountain,A mountain with a cloudy sky above it
images_2999.jpg,350,Volcano,A volcano with a red glow and smoke coming out of it
images_3000.jpg,350,Mountain,A mountain with a waterfall and a forest of trees
images_3001.jpg,18,Woman,A woman wearing a blue jacket and a black and white shirt
images_3002.jpg,18,Soldiers,Two men in military uniforms shake hands
images_3003.jpg,18,Man,"A man in a camouflage uniform is talking to a group of people, including a soldier"
images_3004.jpg,18,Military,Two men in military uniforms are working on a machine
images_3005.jpg,18,Military,A man in a military uniform is handing a certificate to a woman in a military uniform
images_3006.jpg,18,Military,A group of men wearing camouflage uniforms and holding papers
images_3007.jpg,18,Men,A group of men wearing camouflage and white clothing are standing together
images_3008.jpg,18,Flag,A group of soldiers in camouflage uniforms stand in front of a flag
images_3009.jpg,18,Military,A man in a military uniform is being awarded a medal
images_3010.jpg,18,Soldier,A man wearing a green helmet and sunglasses is holding a black dog
images_3011.jpg,18,Helicopter,A green helicopter with a man in the doorway
images_3012.jpg,18,Speaker,A man in a military uniform stands at a podium
images_3013.jpg,18,Soldiers,Three men in camouflage uniforms are standing on a hill
images_3014.jpg,18,Hat,A black hat with a gold star on it sits on top of a backpack
images_3015.jpg,18,Soldiers,A group of soldiers in camouflage uniforms stand in a line
images_3016.jpg,18,Man,A man in a black jacket is kneeling down next to a white sheet
images_3017.jpg,18,Soldier,A man in a camouflage uniform is walking down a street with children
images_3018.jpg,18,Military,Two men in military uniforms shake hands in front of flags
images_3019.jpg,18,Men,A group of men in camouflage uniforms are standing around a table
images_3020.jpg,18,Soldiers,A group of soldiers in camouflage uniforms are standing in a room
images_3021.jpg,1,Airport,"A group of people standing in front of a plane, one of them is wearing a tie"
images_3022.jpg,1,Airplane,"A group of people are sitting in a plane, with the seats being red and the walls being yellow"
images_3023.jpg,1,Women,"Two women sitting on a plane, one is wearing a green shirt and the other is wearing a grey shirt"
images_3024.jpg,1,Airplane,A man in a brown shirt is sitting in a blue seat on an airplane
images_3025.jpg,1,Man,A man wearing glasses and a blue shirt is sitting in a seat on an airplane
images_3026.jpg,1,Boat,A boat with a black and white color scheme
images_3027.jpg,1,Helicopter,A cockpit of a helicopter with a brown seat and a black and white seat
images_3028.jpg,1,Man,A man wearing a black jacket and jeans is sitting on the ground
images_3029.jpg,1,Airplane,A red seat on a plane with a blue seat in front of it
images_3030.jpg,1,Airplane,A view of the inside of a plane with yellow seats
images_3031.jpg,1,Airplane,A blue airplane seat with a white pillow
images_3032.jpg,1,Airplane,A white airplane with a grey interior
images_3033.jpg,1,Woman,A woman wearing a yellow jacket is sitting in an airplane
images_3034.jpg,1,Airplane,A view of the inside of a plane with orange seats
images_3035.jpg,1,Airplane,A blue and white airplane with a person in the middle of the cabin
images_3036.jpg,1,Television,A television screen is mounted on the wall of a plane cabin
images_3037.jpg,1,Airplane,A man sitting in a plane with a newspaper in front of him
images_3038.jpg,1,Plane,"Two women sitting in a plane, one wearing a black shirt and the other wearing a white shirt"
images_3039.jpg,1,Airplane,A large airplane with many rows of seats and many TV screens
images_3040.jpg,1,Woman,A woman in a yellow shirt and striped pants is walking down the aisle of a plane
images_3041.jpg,271,Flowers,A field of red flowers with green grass and mountains in the background
images_3042.jpg,271,Birds,"A group of ducks are standing in a pond, with one of them being black"
images_3043.jpg,271,Geese,A group of Canadian geese are standing in a grassy field
images_3044.jpg,271,Swan,A white swan swimming in a pond with green water and a forest in the background
images_3045.jpg,271,Boat,A woman in a boat on a river with a green tree in the background
images_3046.jpg,271,Bird,A large bird with a long beak and long legs standing in a body of water
images_3047.jpg,271,Girl,A girl in a purple jacket is holding a fishing pole
images_3048.jpg,271,Duck,A white bird with a black tail is standing in the water
images_3049.jpg,271,Tree,A tree with purple flowers and a body of water in the background
images_3050.jpg,271,Man,A man in a white shirt stands on a rock near a body of water
images_3051.jpg,271,Lake,A large building with a brown roof is reflected in a lake
images_3052.jpg,271,Pond,A small pond with a tree branch in it
images_3053.jpg,271,Trees,A foggy day at a lake with a tree line in the background
images_3054.jpg,271,Boat,A man and a girl are in a small boat on a lake
images_3055.jpg,271,Boat,Two men in a boat on a lake
images_3056.jpg,271,Swan,A white swan swimming in a body of water
images_3057.jpg,271,Lake,A tree with a blue sky in the background
images_3058.jpg,271,Dog,A black dog is jumping in the air to catch a frisbee
images_3059.jpg,271,Windmill,A windmill with a green background and a pond with a green background
images_3060.jpg,271,Pond,A blue pond with green grass and blue water
images_3061.jpg,156,Car,A white car with a black tire and a license plate on the front
images_3062.jpg,156,Bike,A blue bicycle with a black seat and a black bag attached to the back
images_3063.jpg,156,Fireplace,A black and white photo of a brick wall with a cup on it
images_3064.jpg,156,Floor,A dirty room with a black and blue pot on the floor
images_3065.jpg,156,Motorcycle,An orange motorcycle with a yellow frame and a black seat
images_3066.jpg,156,Kitchen,A kitchen with white cabinets and a black table
images_3067.jpg,156,Water tank,A large gray box with a can of beer on the ground
images_3068.jpg,156,Car,A blue car with a red spoiler is parked in a garage
images_3069.jpg,156,Car,A blue convertible car with a white top is parked in a garage
images_3070.jpg,156,Bikes,A garage with a car and bikes in it
images_3071.jpg,156,Garage,A white car is parked in a garage with a white door
images_3072.jpg,156,Heater,A large white heater is sitting in a room with a door
images_3073.jpg,156,Pole,A black metal stand with a yellow bag on the floor
images_3074.jpg,156,Garage,A garage with a blue car and a blue cabinet
images_3075.jpg,156,Car,A white car is parked in a white room with a white background
images_3076.jpg,156,Desk,A red and silver metal desk with a red drawer
images_3077.jpg,156,Construction,A construction worker is standing on a ladder in a room with a yellow caution tape
images_3078.jpg,156,Garage,A garage with a concrete floor and a yellow object on the ground
images_3079.jpg,156,Car,A black sports car with a yellow sticker on the windshield
images_3080.jpg,156,Car,A silver Mercedes Benz is parked on a red carpet
images_3081.jpg,58,Boat,A white boat with a black top and a man and two women on it
images_3082.jpg,58,Boat,A white boat with a blue canopy and an American flag on the front
images_3083.jpg,58,Boat,"A boat with two men in it, one wearing a hat, and a dog in the back"
images_3084.jpg,58,Boat,A boat with a canopy and a cooler on the back of it
images_3085.jpg,58,Boat,A man is working on a boat that is painted black and red
images_3086.jpg,58,Man,A man wearing a green vest and sunglasses is sitting in a boat
images_3087.jpg,58,Sailboat,A white sailboat with a blue canopy sails on a blue ocean
images_3088.jpg,58,Boat,"A boat is being built in a workshop, with a wooden frame and a white hull"
images_3089.jpg,58,Boat,Two men in red hats are on a boat in the water
images_3090.jpg,58,Boat,A blue and white boat is on a trailer
images_3091.jpg,58,Boat,A yellow and blue boat with a yellow top and blue bottom is speeding through the water
images_3092.jpg,58,Boat,A white and black boat with a black and white color scheme
images_3093.jpg,58,Boat,A black and white photo of a boat with a silver wheel
images_3094.jpg,58,Boats,A white sailboat with blue trim and a red ball on the bow
images_3095.jpg,58,Sailboat,A white sailboat with a blue sail and a number 193 on the sail
images_3096.jpg,58,Boat,A white boat with a black top sits on the water
images_3097.jpg,58,Boats,A boat with a red hull is docked at a pier
images_3098.jpg,58,Boat,A white boat with a wooden deck
images_3099.jpg,58,Boat,A white boat with two people on it
images_3100.jpg,58,Boat,A white sailboat with a blue stripe on the side is floating on a body of water
images_3101.jpg,240,Baby,"A dollhouse with a baby crib, a chair, and a window"
images_3102.jpg,240,Kite,A colorful kite with a pink and green design hangs from the ceiling
images_3103.jpg,240,Bed,A bed with a striped comforter and pillows
images_3104.jpg,240,Nursery,"A nursery room with a wooden crib, a star-themed wallpaper, and a ceiling fan"
images_3105.jpg,240,Bed,A bed with a colorful blanket and pillows
images_3106.jpg,240,Crib,A black baby crib with pink walls and a pink blanket
images_3107.jpg,240,Baby crib,A white baby crib with a tree painted on the wall
images_3108.jpg,240,Baby,A baby crib with a stuffed dog and a child's clothing hanging on a closet door
images_3109.jpg,240,Crib,A baby crib with a green blanket and a teddy bear
images_3110.jpg,240,Baby,"A nursery room with a yellow table, a baby crib, and a yellow teddy bear"
images_3111.jpg,240,Baby,A nursery room with a tree painted on the wall
images_3112.jpg,240,Crib,A white baby crib with a green wall and a pink blanket
images_3113.jpg,240,Crib,A baby crib with a pink and green blanket and a teddy bear
images_3114.jpg,240,Baby room,"A nursery room with a blue rug, a white dresser, and a blue and white checkered curtain"
images_3115.jpg,240,Owl,A colorful and textured wall hanging of an owl and a fish
images_3116.jpg,240,Baby,A baby's room with a pink bedspread and a giraffe toy
images_3117.jpg,240,Nursery,A baby's room with a purple wall and a white door
images_3118.jpg,240,Nursery,A nursery room with a pink color scheme and a window
images_3119.jpg,240,Baby,A black baby crib with a blue blanket and a yellow toy
images_3120.jpg,240,Crib,A white crib with a blue blanket and a brown bear on the wall
images_3121.jpg,311,Horse,A brown and white horse with a yellow tag on its ear
images_3122.jpg,311,Horse,A white horse standing in a stall
images_3123.jpg,311,Building,A building with blue doors and a light on the side
images_3124.jpg,311,Horse,A woman wearing a blue shirt riding a black horse
images_3125.jpg,311,Horse,A brown horse with a white stripe on its face
images_3126.jpg,311,Horse,A brown horse with a white nose and brown mane
images_3127.jpg,311,Horse,A brown horse with a blonde mane and brown hair
images_3128.jpg,311,Hallway,A dark room with a staircase and a wooden door
images_3129.jpg,311,Barn,A rustic building with a wooden fence and a cat sitting on the fence
images_3130.jpg,311,Horse,A black horse standing in a dirt area
images_3131.jpg,311,Horse,A man is working on a horse in a barn
images_3132.jpg,311,Horse,A man in a blue jacket is standing next to a horse that is wearing a harness
images_3133.jpg,311,Building,A wooden building with a blue roof and a green field
images_3134.jpg,311,Wood,A wooden plank with writing on it
images_3135.jpg,311,Horse,A black and white horse with a white nose and mouth
images_3136.jpg,311,Wood,A wooden building with a white door and a black door
images_3137.jpg,311,Hay,A barn with a straw bale and a black metal fence
images_3138.jpg,311,Stairway,A black and white photo of a hallway with a brown and white checkered floor
images_3139.jpg,311,Horse,A brown horse with a rider on top of it is jumping over a bar
images_3140.jpg,311,Horse,A horse with a white nose and brown mane sticks its head through a fence
images_3141.jpg,5,Ruins,A man and woman walking on a stone walkway in front of a stone building
images_3142.jpg,5,People,A group of people are standing on a stairway in a stadium
images_3143.jpg,5,Stadium,A black and white photo of an empty stadium
images_3144.jpg,5,Statue,A stone monument in the middle of a circular area with a bench around it
images_3145.jpg,5,Colosseum,A large stone building with a large open area in the center
images_3146.jpg,5,Theater,A large stone amphitheater with a stone wall and a stone staircase
images_3147.jpg,5,Stairs,A stone staircase with a green and brown color scheme
images_3148.jpg,5,Crack,A crack in the ground with a green color and a texture of concrete
images_3149.jpg,5,Skate park,A view of a building with a garbage can in front of it
images_3150.jpg,5,Steps,A stone wall with a grassy area in between
images_3151.jpg,5,Stage,A group of people are sitting on the steps of a building
images_3152.jpg,5,Theater,A view of a city from the top of a large stone building
images_3153.jpg,5,Stadium,A woman in a black dress is standing on the steps of an empty stadium
images_3154.jpg,5,People,"A group of people sitting on a bench, with a woman in black sitting next to a woman in a green shirt"
images_3155.jpg,5,Concert,"A large crowd of people are sitting on the bleachers, with some of them wearing black shirts"
images_3156.jpg,5,Colosseum,A woman in a red shirt is standing in front of a large stone amphitheater
images_3157.jpg,5,Colosseum,A group of people standing in front of a large stone building
images_3158.jpg,5,Colosseum,A large stone building with a blue sky above
images_3159.jpg,5,Graffiti,A building with graffiti on the walls and a black door
images_3160.jpg,5,Ancient ruins,A view of a building with a blue sky in the background
images_3161.jpg,86,Grave,A cemetery with a green tree and a stone monument
images_3162.jpg,86,Grave,A cemetery with many crosses and a green field
images_3163.jpg,86,Grave,A cemetery headstone for George W. Jr
images_3164.jpg,86,Grave,A headstone for Hughealan Jordan is shown in a cemetery
images_3165.jpg,86,Grave,A brick monument with a white stone marker on top
images_3166.jpg,86,Grave,A row of white gravestones with a metal pole in the middle
images_3167.jpg,86,American flag,A flag on a pole in front of a stone wall
images_3168.jpg,86,Cemetery,A black and white photo of a cemetery with a metal gate
images_3169.jpg,86,Grave,A leaf on a tombstone with the name Thomage
images_3170.jpg,86,Grave,"A headstone for John R.D. Densmore, who passed away in 1879"
images_3171.jpg,86,Stop sign,A man in a suit stands next to a stop sign
images_3172.jpg,86,Grave,A cemetery with a statue of an angel and a cross
images_3173.jpg,86,Cemetery,A sign on a tree in a cemetery with a fence around it
images_3174.jpg,86,Cross,A cross made of stone is in a field with a cloudy sky
images_3175.jpg,86,Cemetery,A man wearing a grey sweater is standing on a headstone in a cemetery
images_3176.jpg,86,Cemetery,A cemetery entrance with a metal gate and a blue trash can
images_3177.jpg,86,Angel,A statue of an angel with a cross on its chest
images_3178.jpg,86,Statue,A statue of a man sitting on a stone bench
images_3179.jpg,86,Grave,A gray stone marker with a cross on it
images_3180.jpg,86,Cemetery,"Two men standing in front of a tree, one wearing a red jacket"
images_3181.jpg,247,Oil rig,A large orange structure with a white top sits on a body of water
images_3182.jpg,247,Ship,A large cargo ship with a red hull and a white top
images_3183.jpg,247,Ship,A large ship with a red flag on the top of the mast
images_3184.jpg,247,Oil rig,A helicopter flying over the ocean with a red and white color scheme
images_3185.jpg,247,Crane,A large orange crane is lifting a black boat
images_3186.jpg,247,Ship,A blue ship with a yellow front and a black and white bottom
images_3187.jpg,247,Pipes,A large number of pipes are sitting on a dirt ground
images_3188.jpg,247,Boat,A white sailboat with a black sail and a yellow life preserver
images_3189.jpg,247,Crane,A blue crane is next to a boat on the water
images_3190.jpg,247,Oil rig,A fire is burning on a platform in the ocean
images_3191.jpg,247,Shipping,A large blue and red shipping container is parked in a lot
images_3192.jpg,247,Oil rig,A large oil rig is floating on the water
images_3193.jpg,247,Boat,A boat is docked in front of a building with a statue on top
images_3194.jpg,247,Boat,A yellow boat with a green trailer on the back
images_3195.jpg,247,Boat,A large white and yellow ship with a yellow bow sailing on the water
images_3196.jpg,247,Ship,"A large black and red ship with the name ""Caledonian Macbrayne"" on the side"
images_3197.jpg,247,Helicopter,A helicopter is flying over a body of water at night
images_3198.jpg,247,Crane,A large crane with a yellow and white color scheme
images_3199.jpg,247,Boats,A sunset with a group of sailboats in the water
images_3200.jpg,247,Statue,A statue of a ship on a pedestal in the water
images_3201.jpg,363,Bunk bed,A room with bunk beds and a backpack on the floor
images_3202.jpg,363,Bedroom,A bedroom with a white dresser and a pink bed
images_3203.jpg,363,Women,"A group of women sitting on the floor, one of them is wearing a red scarf"
images_3204.jpg,363,Bedroom,A room with a white wall and a bed with a white sheet
images_3205.jpg,363,Girl,"A woman is laying on a table, which is brown in color"
images_3206.jpg,363,Dog,A dog is standing in a room with a green wall and a box on the floor
images_3207.jpg,363,Bedroom,"A bedroom with a bed, a baby crib, and a green blanket"
images_3208.jpg,363,Bed,A wooden bunk bed with a blue blanket on the bottom bunk
images_3209.jpg,363,Woman,A woman in a black shirt and black pants is holding a hula hoop
images_3210.jpg,363,Bunk bed,A bunk bed with a black metal frame and blue sheets
images_3211.jpg,363,Bedroom,A small room with a wooden bed and a green leather chair
images_3212.jpg,363,Bunk bed,A bedroom with two bunk beds and a striped wall
images_3213.jpg,363,Game,Two men are playing a board game in a living room
images_3214.jpg,363,Woman,A woman wearing a red and black jacket and black boots
images_3215.jpg,363,Bedroom,A small bedroom with a blue bed and a brick wall
images_3216.jpg,363,Bed,A white bed with a white comforter and pillows
images_3217.jpg,363,Bedroom,"A bedroom with a bed, a mirror, and a picture on the wall"
images_3218.jpg,363,Sunset,"A bedroom with a bed, a lamp, and a view of the ocean"
images_3219.jpg,363,Hotel room,A bedroom with a bed and a sign on the wall
images_3220.jpg,363,Bed,A man is laying on a bed with a black shirt and blue jeans
images_3221.jpg,315,Man,A man wearing a black shirt and holding a microphone
images_3222.jpg,315,Theater,"A man and woman in a play, the man is wearing a suit and tie, the woman is wearing a red hat"
images_3223.jpg,315,Dancer,A woman in a green dress is dancing on stage with a man in a green dress
images_3224.jpg,315,Lecture,A man in a white shirt is giving a presentation in front of a group of people
images_3225.jpg,315,Man,A man wearing a black shirt and jeans is playing a guitar
images_3226.jpg,315,Musician,A man wearing a black shirt and holding a microphone
images_3227.jpg,315,Singer,A man wearing a red shirt and a black necklace is singing into a microphone
images_3228.jpg,315,Woman,A woman in a purple dress is standing on a wooden stage
images_3229.jpg,315,Man,A man playing a guitar with a yellow color and a wooden texture
images_3230.jpg,315,Concert,A man with a guitar is on stage at a music festival
images_3231.jpg,315,Singer,A man wearing a black hat and a black shirt is singing into a microphone
images_3232.jpg,315,Man,"A man wearing a leather jacket and pants with the word ""P"" on them"
images_3233.jpg,315,Men,A group of men wearing suits and ties are sitting on chairs
images_3234.jpg,315,Band,A group of people are playing music in a dark room with a green curtain
images_3235.jpg,315,Man,A man wearing a plaid shirt is singing into a microphone
images_3236.jpg,315,Man,"A man in a red robe stands in the center of a circle of people, all holding lit candles"
images_3237.jpg,315,Stage,A large building with a blue counter and a man standing in front of it
images_3238.jpg,315,Band,A woman wearing a black shirt and a scarf is singing into a microphone
images_3239.jpg,315,Thomas,A group of people are performing in front of a train that is blue and red
images_3240.jpg,315,Singer,A man wearing a blue shirt and jeans is singing into a microphone
images_3241.jpg,30,Rock,A field of tall grass with a mountain range in the background
images_3242.jpg,30,Road,A road with a yellow line and a mountain range in the background
images_3243.jpg,30,Rock formation,"A large rock formation with a pointed top, surrounded by a field of tall grass"
images_3244.jpg,30,Rock,"A rock formation with a white and brown color, and a texture of a mountain"
images_3245.jpg,30,Rock,A view of the Grand Canyon with a mountain in the background
images_3246.jpg,30,Rock formation,A rocky mountain with a lot of rock formations
images_3247.jpg,30,Mountain,A person is standing on a rocky hillside with a mountain in the background
images_3248.jpg,30,Campsite,A white RV parked in a campground with a red picnic table nearby
images_3249.jpg,30,Rocks,A rocky hillside with a mix of brown and red rocks
images_3250.jpg,30,Rock formation,A picture of a mountain with a blue sky and green grass
images_3251.jpg,30,Mountain,A view of a mountain with a rocky terrain and a blue sky
images_3252.jpg,30,Plane,A plane flying over a snowy mountain
images_3253.jpg,30,Horses,A field of green grass with horses grazing
images_3254.jpg,30,Woman,A woman wearing a red shirt and a hat is standing in a field of white flowers
images_3255.jpg,30,Mountain,A mountain with a rocky terrain and a white sky
images_3256.jpg,30,Desert,A desert landscape with a rocky mountain in the background
images_3257.jpg,30,Lake,A beautiful blue lake with mountains in the background
images_3258.jpg,30,Mountain,A mountain with a red and green color scheme
images_3259.jpg,30,Tree,A tree with green leaves and branches in a field
images_3260.jpg,30,Mountains,A mountain range with a red and white color scheme
images_3261.jpg,115,Shoes,A shoe store with a large display of shoes
images_3262.jpg,115,Sunglasses,A display of sunglasses with a white background
images_3263.jpg,115,Christmas,"A display of Christmas decorations, including a Santa Claus figurine, a church, and a city"
images_3264.jpg,115,Store,A store with a large display of perfume and cologne
images_3265.jpg,115,Man and woman,"A man and woman standing in a store, the man is wearing a blue sweater and the woman is wearing a black shirt"
images_3266.jpg,115,Table,A man and woman are standing in front of a table with a red bowl of candy on it
images_3267.jpg,115,Ducks,A woman in a white jacket is looking at a claw vending machine with a bunch of rubber ducks in it
images_3268.jpg,115,Store,A store with a pink color scheme and a lot of merchandise
images_3269.jpg,115,Store,"A large store with a circular display and a sign that says ""Beauty"
images_3270.jpg,115,School,A woman in a red shirt stands in a large room with a lot of chairs
images_3271.jpg,115,Mall,A large building with a colorful ceiling and a large sign that says Camera Lucida
images_3272.jpg,115,Man,A man wearing a white hat and a white jacket stands in front of a store
images_3273.jpg,115,Music,A store with a red table and a sign that says free
images_3274.jpg,115,Woman,A woman in a black shirt is taking a picture of a woman in a yellow shirt
images_3275.jpg,115,Shopping,A woman in a black jacket is walking through a store with a pink floor
images_3276.jpg,115,Clothing,A store with a lot of yellow clothing
images_3277.jpg,115,Swimming pool,A group of people are playing in a large inflatable ball in a mall
images_3278.jpg,115,Tent,"A colorful tent with a red and yellow striped canopy, a table with a variety of items on it, including wine bottles, champagne glasses, and a candy bar"
images_3279.jpg,115,Shop,"A store with a sign that says ""The Shops"" and a sign that says ""The Webster"
images_3280.jpg,115,Store,A store with a colorful sign and a yellow and red wall
images_3281.jpg,132,Hotel,A large white hotel with a red roof and green trees
images_3282.jpg,132,Guards,A group of men wearing red coats and black hats
images_3283.jpg,132,Castle,"A large stone building with a castle-like appearance, surrounded by a lush green field"
images_3284.jpg,132,Stadium,A large group of people walking on a street in front of a stadium
images_3285.jpg,132,Building,A red car is parked in front of a building with a flag on top
images_3286.jpg,132,Car,A black car is driving down a street in front of a building
images_3287.jpg,132,Tank,"A man and woman are standing on a tank, the woman is wearing black lingerie and the man is wearing a green jacket"
images_3288.jpg,132,Street,A red tram is driving down a street with a building in the background
images_3289.jpg,132,People,A mural of people on horses is painted on the side of a building
images_3290.jpg,132,Reflection,A man in a white shirt and khaki pants is standing in front of a building with a large window
images_3291.jpg,132,Police,Two police officers on horses in front of a stadium
images_3292.jpg,132,Building,A large white building with a blue sky above it
images_3293.jpg,132,Building,A tall building with a black and white striped design
images_3294.jpg,132,Man,A man wearing a black jacket and jeans stands in front of a building
images_3295.jpg,132,Parade,A man in a yellow and red costume walks down a street with a group of people
images_3296.jpg,132,Building,A tree in front of a building with a white door
images_3297.jpg,132,Building,A woman and a child are standing in front of a building with a clock on the side
images_3298.jpg,132,Building,A black building with many windows and a large glass door
images_3299.jpg,132,Building,A large building with a white facade and a blue roof
images_3300.jpg,132,Taxi,A black and yellow taxi cab is parked in front of a building
images_3301.jpg,260,Pavilion,A large pavilion with a brown roof and a green roof
images_3302.jpg,260,Gazebo,A wooden garden shed with a glass roof and a garden full of flowers and plants
images_3303.jpg,260,Building,A green building with a metal roof is under construction
images_3304.jpg,260,Stairs,A group of people are standing in front of a building with statues on top
images_3305.jpg,260,Shelter,"A small wooden hut with a red roof, surrounded by green plants and rocks"
images_3306.jpg,260,Man,A man in a blue jacket stands under a black and white umbrella
images_3307.jpg,260,Bridge,A bridge with a gray color and a metal texture
images_3308.jpg,260,Picnic,A wooden shelter with a green roof and benches underneath
images_3309.jpg,260,Patio,A white pillar with a black fireplace and a white chair with a brown cushion
images_3310.jpg,260,Group,A group of people posing for a picture in front of a building
images_3311.jpg,260,Shelter,A green umbrella with a bike symbol on it
images_3312.jpg,260,Arch,A black and white photo of a building with a green plant in front of it
images_3313.jpg,260,Steps,A stone monument with a red sign on it
images_3314.jpg,260,Tomb,A black and white photo of a monument with a tree in the foreground
images_3315.jpg,260,Patio,A view of a building with a round window and a pipe going up to the ceiling
images_3316.jpg,260,Shelter,A white sculpture of a boat is lit up at night
images_3317.jpg,260,Hut,A woman is standing in front of a hut with a thatched roof
images_3318.jpg,260,Hut,A wooden structure with a thatched roof and a bench made of sticks
images_3319.jpg,260,Gazebo,A large yellow structure with a blue sky in the background
images_3320.jpg,260,Swimming pool,A blue swimming pool with a blue tiled roof and a patio set on the edge of the pool
images_3321.jpg,277,Boat,A group of people in red life jackets are riding a raft in a river
images_3322.jpg,277,Boat,A white boat with a blue stripe is on the water
images_3323.jpg,277,Kayak,A group of people wearing yellow helmets are riding in rafts on a river
images_3324.jpg,277,Kayak,A man in a red kayak is riding a wave
images_3325.jpg,277,Raft,A group of people wearing life jackets and holding paddles are riding a raft down a river
images_3326.jpg,277,Canoe,A group of people in a blue raft on a river
images_3327.jpg,277,Kayak,A group of people wearing black and blue wet suits are posing for a picture
images_3328.jpg,277,River,"A man in a blue shirt is kayaking down a river, surrounded by rocks and trees"
images_3329.jpg,277,Kayak,A woman wearing a blue helmet and a blue jacket is smiling while riding a raft
images_3330.jpg,277,Boat,"A group of people in a raft, wearing red life jackets and yellow hats"
images_3331.jpg,277,Canoe,A man in a red kayak is paddling through a river with a group of people in red kayaks behind him
images_3332.jpg,277,Canoe,"A group of people in a raft on a river, wearing life jackets and holding paddles"
images_3333.jpg,277,Boat,A group of people in a red raft are being pulled through the water
images_3334.jpg,277,Canoe,A group of people in yellow rafts on a river
images_3335.jpg,277,Man,A man wearing a blue vest and a hat is sitting in a boat
images_3336.jpg,277,Boat,A family is sitting in a blue inflatable raft
images_3337.jpg,277,Group,"A group of people are sitting on a log, with a woman in a pink shirt sitting in the middle"
images_3338.jpg,277,Kayak,A group of people in a blue raft on a river
images_3339.jpg,277,Boat,Two men in a white boat with red paddles
images_3340.jpg,277,Boat,Two blue rafts with people on them are on a river
images_3341.jpg,312,Baseball,A baseball game is being played in a stadium with a large crowd watching
images_3342.jpg,312,Baseball,A baseball game is being played in a stadium with a large crowd of people watching
images_3343.jpg,312,Baseball,A baseball game is taking place with a man standing on the pitcher's mound
images_3344.jpg,312,Baseball field,A baseball field with a large stadium in the background
images_3345.jpg,312,Baseball,A black and white photo of a baseball game with a man wearing a black shirt and a baseball glove
images_3346.jpg,312,Pitcher,"A baseball player wearing a red and blue uniform, with a red hat, is in the process of throwing a baseball"
images_3347.jpg,312,Baseball,A baseball field with a green field and a blue sky
images_3348.jpg,312,Baseball field,A baseball field with a green field and a dugout
images_3349.jpg,312,Stadium,A stadium with blue seats and a logo of the Detroit Tigers
images_3350.jpg,312,Baseball,A baseball game is being played in front of a large crowd
images_3351.jpg,312,Baseball,A stadium full of people watching a baseball game
images_3352.jpg,312,Baseball,A baseball game is taking place with a group of men playing
images_3353.jpg,312,Baseball,A baseball player wearing a blue shirt and white pants stands on a green field
images_3354.jpg,312,Pitcher,A baseball player in a red and white uniform is pitching a ball on a baseball field
images_3355.jpg,312,Baseball,A baseball player in a blue and white uniform is swinging a bat
images_3356.jpg,312,Baseball,A painting of a baseball field with a green field and a blue sky
images_3357.jpg,312,Pitcher,A baseball player in a red and white uniform is pitching a ball on a field
images_3358.jpg,312,Pitcher,A baseball player wearing a red and white uniform is pitching a ball in front of a crowd
images_3359.jpg,312,Baseball,A baseball player in a red shirt is standing on a baseball field
images_3360.jpg,312,Baseball,A baseball game is being played in a stadium at night
images_3361.jpg,102,Emergency operations center,"A room with a large table and chairs, with a projection screen on the wall"
images_3362.jpg,102,Conference room,"A room with a long table and chairs, a mirror on the wall, and a potted plant"
images_3363.jpg,102,Woman,A woman in a blue jacket is sitting at a table with a young man and a woman in a purple shirt
images_3364.jpg,102,Conference,A man in a black suit is speaking to a group of people in a room with green chairs
images_3365.jpg,102,People,A woman in a purple shirt is sitting at a table with a white tablecloth
images_3366.jpg,102,Dining room,A wooden dining table with chairs around it
images_3367.jpg,102,Dinner,A large dining room with a wooden table and chairs
images_3368.jpg,102,Table,A large white table with a green vase on it
images_3369.jpg,102,Conference,A large conference room with a long table and chairs
images_3370.jpg,102,Man,A man in a black shirt and tan pants is giving a presentation to a group of people
images_3371.jpg,102,Library,"A room with a wooden table and chairs, and a bookshelf filled with books"
images_3372.jpg,102,Conference,"A group of people sitting around a round table, with a woman in the center giving a presentation"
images_3373.jpg,102,Women,"A group of people sitting in a theater, with a woman in a red hat sitting in the front row"
images_3374.jpg,102,Sign,Two men in suits are signing papers in front of a table
images_3375.jpg,102,Meeting,A man in a suit sitting at a table with two other men
images_3376.jpg,102,Conference,A group of people are sitting at a table in a room
images_3377.jpg,102,Conference room,A large wooden table with a blue border and a centerpiece of a wine bottle and glasses
images_3378.jpg,102,Conference room,A large conference room with a long table and chairs
images_3379.jpg,102,Office,A room with green chairs and a white table
images_3380.jpg,102,Office,"A room with a long table and chairs, the table is brown and the chairs are blue"
images_3381.jpg,329,Band,A man wearing a black shirt and glasses is singing into a microphone
images_3382.jpg,329,Concert,A group of people playing music in front of a large screen
images_3383.jpg,329,Man,A man wearing a red shirt is sitting on a black couch in front of a TV
images_3384.jpg,329,Talking,"A group of people sitting around a table, with one woman wearing a black shirt and black pants"
images_3385.jpg,329,Tv show,A man wearing a striped shirt is filming a group of men on a stage
images_3386.jpg,329,Peter c newman,A man in a black shirt is sitting on a red chair
images_3387.jpg,329,Interview,A man wearing a green jacket is talking to a man wearing a black jacket
images_3388.jpg,329,Interview,"A man and a woman are sitting on red chairs, the woman is wearing a yellow jacket"
images_3389.jpg,329,Photographer,A man wearing a black shirt and a camera around his neck
images_3390.jpg,329,DJ,Two men are standing behind a table with a Red Bull sign on it
images_3391.jpg,329,Man,A man wearing a red shirt and glasses is sitting on a red chair
images_3392.jpg,329,Cake,A man in a military uniform is cutting a cake with a woman in a black and white dress
images_3393.jpg,329,Men,A group of men wearing green shirts and holding beer cans
images_3394.jpg,329,Concert,A woman wearing a blue hoodie and a black hat is singing on stage
images_3395.jpg,329,Woman,A woman in a white dress stands on stage in front of a group of dancers
images_3396.jpg,329,Tv show,A black and white photo of a group of men sitting around a table
images_3397.jpg,329,Movie,A woman in a red dress is standing in front of a man holding a microphone
images_3398.jpg,329,News,A wooden desk with a red chair in front of a blue wall
images_3399.jpg,329,Motorcycle,A man wearing sunglasses and a black jacket is standing next to a white and red motorcycle
images_3400.jpg,329,Concert,A man in a black shirt and pants is singing into a microphone
images_3401.jpg,336,Train,A black and white photo of a subway car with people sitting and standing
images_3402.jpg,336,Train,A train car with a blue and white checkered floor
images_3403.jpg,336,Bus,A man sitting on a bus with a yellow pole
images_3404.jpg,336,Train,A man wearing glasses is sitting in a blue chair
images_3405.jpg,336,Train,A train with a blue seat and a person sitting in it
images_3406.jpg,336,Trolley,A woman in a black shirt and a man in a red shirt are sitting on a trolley
images_3407.jpg,336,Train,"A group of people are sitting on a train, looking out the window"
images_3408.jpg,336,Subway,"A group of people sitting on a subway train, reading newspapers"
images_3409.jpg,336,Train,"A group of people are sitting on a train, with a woman in a blue shirt standing in the aisle"
images_3410.jpg,336,Train,A man in a grey shirt and khaki pants is standing in the middle of a train car
images_3411.jpg,336,People,"A group of people are sitting on a train, with one woman wearing a white shirt and black pants"
images_3412.jpg,336,Train,A train with yellow poles and blue seats
images_3413.jpg,336,Man,A man in a plaid shirt is pushing a suitcase on a skateboard
images_3414.jpg,336,Train,A train with a wooden counter and a blue floor
images_3415.jpg,336,Train,A man wearing a hat and a blue shirt is sitting in a train
images_3416.jpg,336,Train,A train with a blue seat and a blue seat back
images_3417.jpg,336,Train,A man in a black jacket is standing in a train car with purple seats
images_3418.jpg,336,Train,A woman with a blue shirt and tan pants is pulling a red suitcase
images_3419.jpg,336,Train,A black and white photo of a train car with a window in the middle
images_3420.jpg,336,Bus,A man holding an umbrella is sitting in a yellow bus
images_3421.jpg,251,Temple,A large stone building with a statue in front of it
images_3422.jpg,251,Building,A large stone structure with a black roof and a stone bench in front of it
images_3423.jpg,251,Building,A large red building with a yellow and gold sign on the front
images_3424.jpg,251,Building,"A large, old building with a brown color and intricate carvings"
images_3425.jpg,251,Castle,A large castle with a green roof and gold trim
images_3426.jpg,251,Tree,A black and white photo of a pagoda with a colorful roof
images_3427.jpg,251,Pagoda,A group of five tall towers with a green background
images_3428.jpg,251,Tower,A large red and white building with a pointed roof and a clock tower
images_3429.jpg,251,Temple,A white building with a pointed roof and a white fence
images_3430.jpg,251,Pagoda,A large red and white pagoda with a gold roof and a red and white roof
images_3431.jpg,251,Temple,"A large building with a blue roof and gold trim, surrounded by a pond with a reflection of the building"
images_3432.jpg,251,Decoration,A statue of a black bull with gold accents and a gold crown
images_3433.jpg,251,People,"A group of people walking up a staircase, with a man in a black coat and a woman in a red coat"
images_3434.jpg,251,Tower,A large building with a green roof and a tower with a yellow roof
images_3435.jpg,251,Pagoda,A large red and gold building with a red roof and a gold roof
images_3436.jpg,251,Building,A large building with a pointed roof and a spire on top
images_3437.jpg,251,Building,A large white building with a yellow roof and a tree in front of it
images_3438.jpg,251,Tower,A large yellow building with a black roof and a black statue in front of it
images_3439.jpg,251,People,A large group of people walking on a street in front of a large building
images_3440.jpg,251,Building,A large red and green building with a gold spire on top
images_3441.jpg,54,Bar,A man in a black jacket is sitting at a bar with a beer in front of him
images_3442.jpg,54,Man,A man in a green shirt is holding a cell phone while standing in front of a table with wine glasses and a pitcher
images_3443.jpg,54,Umbrella,A group of people are sitting under a white umbrella
images_3444.jpg,54,Party,"A group of people, including a man in a brown shirt, a woman in a white shirt, and a man in a gray shirt, are standing together"
images_3445.jpg,54,Fireplace,A man in a black jacket is standing in front of a fireplace
images_3446.jpg,54,Party,A man with a big afro and a white shirt poses with three women
images_3447.jpg,54,Party,A man in a blue shirt is sitting at a bar with a group of people
images_3448.jpg,54,People,"A group of people are sitting around a table, enjoying a meal together"
images_3449.jpg,54,Band,A group of musicians playing instruments in a dark room
images_3450.jpg,54,Man,A man in a white shirt and a woman in a blue shirt are standing next to each other
images_3451.jpg,54,Beer,A bottle of beer and a glass of beer on a table
images_3452.jpg,54,People,A group of people are standing around a table with a vase of flowers on it
images_3453.jpg,54,Woman,"Two women sitting at a table, one wearing a black shirt and the other wearing a white shirt"
images_3454.jpg,54,Dinner,A group of people are sitting at a long table with wine glasses and forks in front of them
images_3455.jpg,54,Wilton's,A man playing a piano in a bar with a neon sign above him
images_3456.jpg,54,Woman,A woman wearing a blue shirt and holding a green frog
images_3457.jpg,54,Dinner,"A group of people are sitting around a table, enjoying a meal together"
images_3458.jpg,54,Finger,Two men wearing red shirts and black hats are sitting at a table with a cell phone and a cup of coffee
images_3459.jpg,54,Poker,A group of men playing poker at a casino
images_3460.jpg,54,Drinking,A man holding a glass of orange juice and a glass of wine
images_3461.jpg,249,Family,"A man and woman are sitting with their children, all wearing blue jackets"
images_3462.jpg,249,Orchard,A green roadway lined with trees and a building in the background
images_3463.jpg,249,Girl,A woman holding a large orange pumpkin
images_3464.jpg,249,Sunset,A tree with a sunset in the background
images_3465.jpg,249,Eggs,A carton of eggs with a white feather inside
images_3466.jpg,249,Fruit,A tree with yellow fruits on it
images_3467.jpg,249,Children,"A group of people, including a woman in a black coat, are standing on a sidewalk next to a tree"
images_3468.jpg,249,Runner,"A man and woman are running in a park, the man is wearing a white shirt and the woman is wearing a red shirt"
images_3469.jpg,249,Man,A man wearing a black suit and a top hat is holding a flower
images_3470.jpg,249,Man,A man wearing a hat and sunglasses is standing in front of a tree filled with red apples
images_3471.jpg,249,Vineyard,A man standing in front of a vineyard with green vines and a mountain in the background
images_3472.jpg,249,Boy,A young boy wearing a red shirt and jeans is holding a baby in a field of flowers
images_3473.jpg,249,Woman,A woman wearing a white dress and holding a bunch of red grapes
images_3474.jpg,249,Trees,A field of green grass with a few trees and mountains in the background
images_3475.jpg,249,Clouds,A cloudy day with a blue sky and a green field with a tree in the foreground
images_3476.jpg,249,Tree,A tree with pink flowers in the middle of a field
images_3477.jpg,249,Field,A large field with a mountain range in the background
images_3478.jpg,249,Road,A closed road sign with a yellow background
images_3479.jpg,249,Apple,A yellow apple with a green stem and a few drops of water on it
images_3480.jpg,249,Fruit,A large green pear hangs from a tree branch
images_3481.jpg,208,Washer,A row of washing machines with a silver color and a metal texture
images_3482.jpg,208,Washing machine,A man wearing a black shirt and jeans is standing in front of a washer and dryer
images_3483.jpg,208,Laundry,"A pile of clothes is sitting on a washing machine, with a view of the outdoors through a window"
images_3484.jpg,208,Laundry,A washing machine with steam coming out of it
images_3485.jpg,208,Washing machine,A woman wearing a black dress is sitting in a washing machine
images_3486.jpg,208,Washer,A silver washing machine with a black door
images_3487.jpg,208,Washer,A young boy wearing a blue jacket stands in front of a row of washing machines
images_3488.jpg,208,Washer,A white washing machine with a green bottle on the side
images_3489.jpg,208,Washer,A row of washing machines with a silver color and a black texture
images_3490.jpg,208,Washer,A row of washing machines with a blue door
images_3491.jpg,208,Laundry,"A laundromat with a washer and dryer, a painting of palm trees, and a bench"
images_3492.jpg,208,Store,A store front with a red brick wall and a blue awning
images_3493.jpg,208,Laundry,A woman wearing a silver hat and a brown dress with a furry texture stands in front of a washing machine
images_3494.jpg,208,Laundry,A laundromat with a row of washing machines and a tile floor
images_3495.jpg,208,Laundry,A woman wearing a black shirt and a gray dress is dancing in a laundromat
images_3496.jpg,208,Laundry,A black and white photo of a laundromat with a row of washing machines
images_3497.jpg,208,Laundry,A painting of a man in a Stormtrooper costume sitting in a laundromat
images_3498.jpg,208,Washing machine,"A woman is shown on a wall, painted in blue and white"
images_3499.jpg,208,Kitchen,A kitchen with a table and a washer and dryer
images_3500.jpg,208,Washer,A white washer and dryer sitting in a corner
images_3501.jpg,200,Building,A large brown building with a white roof and a blue sky
images_3502.jpg,200,Building,A view of a street with a building with a cross on it
images_3503.jpg,200,Bridge,A view of a city with a bridge and a castle
images_3504.jpg,200,Building,A large brown building with a blue door and a white roof
images_3505.jpg,200,Houses,A mountain with a rocky hillside and a village of houses on top
images_3506.jpg,200,Castle,"A large rock structure with a castle-like appearance, surrounded by trees and a dirt road"
images_3507.jpg,200,Building,"A large, old, brick building with a green tree in front of it"
images_3508.jpg,200,Tower,A tall brown building with a gold dome on top
images_3509.jpg,200,Building,A brown building with a stone wall and a blue sky above
images_3510.jpg,200,Church,A view of a church with a clock tower and a green tree
images_3511.jpg,200,Bell,A bell hangs from a window in a building with a brown roof
images_3512.jpg,200,Palm tree,A tall brown building with a white roof and a palm tree in front of it
images_3513.jpg,200,Castle,A view of a city with a large building in the background
images_3514.jpg,200,Building,A view of a building with a person standing in front of it
images_3515.jpg,200,Wall,A man is walking on a brick road in front of a large brick wall
images_3516.jpg,200,Rock,A man riding a motorcycle on a dirt road in front of a rocky mountain
images_3517.jpg,200,Building,A building with a blue sky in the background
images_3518.jpg,200,Houses,A rock building with a wooden pole in the middle
images_3519.jpg,200,Balcony,A white building with a black railing and a view of the city
images_3520.jpg,200,Building,A rock building with a blue sky above
images_3521.jpg,218,Woman,A woman wearing a blue dress is laying on a green bench
images_3522.jpg,218,Ship,A large black ship with a yellow top is sailing on a body of water
images_3523.jpg,218,Woman,A woman wearing a black shirt and polka dot dress is leaning against a tree
images_3524.jpg,218,Painting,A man in a black shirt is painting a picture of a woman in a green shirt
images_3525.jpg,218,Bridge,A wooden bridge with a 30 mph speed limit sign on it
images_3526.jpg,218,Boat,A man in a blue shirt is rowing a boat in the water
images_3527.jpg,218,Boats,A boat with a blue cover on it is docked next to a tree
images_3528.jpg,218,Boats,A view of a river with a boat in the water
images_3529.jpg,218,Boat,A man wearing a hat is standing on a sidewalk next to a river with a boat on it
images_3530.jpg,218,Dam,A view of a river with a dam and a bridge
images_3531.jpg,218,Bridge,A boat is docked at a pier with a green roof
images_3532.jpg,218,Boat,A large boat with a red roof is passing by a bridge with a crowd of people standing on it
images_3533.jpg,218,Train,A white and red train with the word ice on it
images_3534.jpg,218,Bridge,A view of a building with a waterway in front of it
images_3535.jpg,218,River,A river with a staircase leading to a building
images_3536.jpg,218,Reflection,A city street at dusk with a reflection of a tall building in the water
images_3537.jpg,218,Waterfall,A view of a river with a dam and a waterfall
images_3538.jpg,218,Boat,"A boat is traveling down a river, passing under a bridge"
images_3539.jpg,218,Boat,A boat is docked in a harbor with a green waterway
images_3540.jpg,218,Boats,A white boat with a man in a red shirt sitting in it
images_3541.jpg,42,Pitcher,A baseball player in a red and white uniform is throwing a ball
images_3542.jpg,42,Bleachers,A baseball field with a red and green dugout
images_3543.jpg,42,Baseball,A baseball player in a white and orange uniform is swinging a bat at a ball
images_3544.jpg,42,Pitcher,"A baseball player wearing a black shirt and hat, standing on a baseball field"
images_3545.jpg,42,Baseball,A baseball field with a green field and a blue wall
images_3546.jpg,42,Baseball,A baseball player in a red and white uniform is swinging a bat at a ball
images_3547.jpg,42,Baseball,A baseball player in a blue and white uniform is swinging a bat
images_3548.jpg,42,Baseball,A baseball field with a large red and white fire hydrant in the background
images_3549.jpg,42,Baseball player,A baseball player wearing a white uniform and a black cap stands on a green field
images_3550.jpg,42,Baseball,A group of baseball players wearing black and white uniforms
images_3551.jpg,42,Baseball,A baseball player in a black and white uniform is swinging a bat
images_3552.jpg,42,Baseball player,A baseball player wearing a blue and white uniform
images_3553.jpg,42,Frisbee,A man in a camouflage shirt and a baseball cap is holding a frisbee
images_3554.jpg,42,Men,"Two men are working on a sandy area, one wearing a blue shirt and the other wearing a white shirt"
images_3555.jpg,42,Baseball,A baseball player in an orange shirt is swinging a bat
images_3556.jpg,42,Baseball,A baseball player wearing a white uniform with the number 19 on the back of his jersey
images_3557.jpg,42,Baseball,A baseball player in a blue shirt and blue cap is swinging a bat
images_3558.jpg,42,Baseball,A baseball player in a red shirt and white pants is swinging a bat
images_3559.jpg,42,Baseball,A baseball player wearing a red shirt and grey pants is walking on the field
images_3560.jpg,42,Pitcher,A baseball player wearing a grey uniform and a black glove is in the process of throwing a baseball
images_3561.jpg,361,Windmill,A blue swing set is in a backyard with a windmill and a house in the background
images_3562.jpg,361,Windmill,A windmill with a red top stands in a field of dry grass
images_3563.jpg,361,Windmill,A windmill with a red and white color scheme
images_3564.jpg,361,Windmill,A large white windmill with a black top and a black bottom
images_3565.jpg,361,Windmill,A large windmill with a green roof and white walls stands in the snow
images_3566.jpg,361,Water,A view of a river with a windmill in the background
images_3567.jpg,361,Windmill,A field with two windmills and a person riding a horse
images_3568.jpg,361,Windmill,A large white windmill with a black top and a red roof stands on a hill
images_3569.jpg,361,Windmill,A large white windmill with red accents and a black roof
images_3570.jpg,361,Windmill,A night scene with a group of people walking on a pathway near a row of windmills
images_3571.jpg,361,Windmill,A windmill with a wooden structure and a blue sky in the background
images_3572.jpg,361,Windmill,A large windmill with a white color and a black roof
images_3573.jpg,361,Windmill,A large windmill with a reflection in the water
images_3574.jpg,361,Windmill,A row of windmills with red sails and white tops
images_3575.jpg,361,Windmill,A black and white photo of a windmill with a white building in the background
images_3576.jpg,361,Windmill,A windmill with a blue sky in the background
images_3577.jpg,361,Windmill,A windmill with a blue sky in the background
images_3578.jpg,361,Water,A windmill with a black roof and a red building in the background
images_3579.jpg,361,Windmill,A large brick windmill with a blue sky in the background
images_3580.jpg,361,Windmill,A person in a green jacket is walking in the snow near a windmill
images_3581.jpg,121,Living room,"A living room with a white couch, a black table, and a window"
images_3582.jpg,121,Dining room,A large wooden dining room table with chairs around it
images_3583.jpg,121,Fireplace,A green plant with yellow flowers sits on a table in front of a fireplace
images_3584.jpg,121,Family,"A man and two children are sitting at a table, working on a project"
images_3585.jpg,121,Table,A green table with a green tablecloth and a brown chair with a brown seat
images_3586.jpg,121,Kitchen,"A kitchen with a stainless steel refrigerator, a table, and a chair"
images_3587.jpg,121,Table,A glass table with four chairs around it
images_3588.jpg,121,Dining room,A table with a vase of flowers on it
images_3589.jpg,121,Table,A table with a brown wicker basket on it
images_3590.jpg,121,Dinner,"A large room with a long table and chairs, and a sunny window"
images_3591.jpg,121,Dinner,A round table with a white tablecloth and red chairs
images_3592.jpg,121,Kitchen,A kitchen with a white counter top and wooden floors
images_3593.jpg,121,Kitchen,"A kitchen with a stainless steel refrigerator, a table with chairs, and a vase of purple flowers"
images_3594.jpg,121,Table,A wooden table with a black chair and a brown table top
images_3595.jpg,121,Dining room,A dining room table with chairs and a potted plant
images_3596.jpg,121,Living room,"A living room with a brown couch, a glass table, and a chandelier"
images_3597.jpg,121,Dining room,"A room with a table cloth, a lamp, and a fireplace"
images_3598.jpg,121,Dining room,"A dining room with a table and chairs, the table is brown and the chairs are black"
images_3599.jpg,121,Dining room,A wooden dining room table with green chairs
images_3600.jpg,121,Dining room,A black dining room table with chairs around it
images_3601.jpg,168,Gym,A gym with a wooden floor and a variety of equipment
images_3602.jpg,168,Gym,"A gym with a variety of equipment, including a row of treadmills, a bench, and a weight machine"
images_3603.jpg,168,Gym,A gym with a blue carpet and a variety of exercise equipment
images_3604.jpg,168,Gym,A gym with a mirrored wall and a variety of equipment
images_3605.jpg,168,Gym,A gym with a row of treadmills and a row of bikes
images_3606.jpg,168,Gym,A gym with a row of exercise machines and a row of treadmills
images_3607.jpg,168,Gym,A man is doing a leg workout in a gym
images_3608.jpg,168,Gym,"A man is lifting weights in a gym, with a UAG sign on the wall"
images_3609.jpg,168,Gym,"A room with a black exercise machine, a red bike, and a baby crib"
images_3610.jpg,168,Gym,A gym with a row of weights and a row of bikes
images_3611.jpg,168,Man,A man wearing a blue shirt and blue shorts is doing a workout on a black exercise ball
images_3612.jpg,168,Woman,A woman in a white shirt and black pants is holding a whip
images_3613.jpg,168,Gym,A man wearing a black shirt with a fire on it is on a treadmill
images_3614.jpg,168,Gym,A gym with a row of exercise machines and a television
images_3615.jpg,168,Gym,A man in a yellow shirt is lifting weights in a gym
images_3616.jpg,168,Gym,A gym with a large window and a group of people exercising
images_3617.jpg,168,Elderly woman,"An elderly woman in a grey jacket is standing in a room with a white door, a black and white chair, and a white and black stroller"
images_3618.jpg,168,Bikes,A room with a yellow wall and a row of bikes
images_3619.jpg,168,Woman,A woman in a grey shirt is holding a metal pole
images_3620.jpg,168,Bikes,A room with many bikes in it
images_3621.jpg,182,Bed,A bed with white sheets and pillows
images_3622.jpg,182,Bed,A bedroom with a bed and a curtained window
images_3623.jpg,182,Bedroom,"A bedroom with two beds, one white and one brown, and a chair"
images_3624.jpg,182,Bedroom,A hotel room with a white bed and a brown desk
images_3625.jpg,182,Bed,A bedroom with a bed and a black jacket on it
images_3626.jpg,182,Man,A man wearing a yellow jacket is laying on a bed
images_3627.jpg,182,Bed,A large bed with a white comforter and orange stripes
images_3628.jpg,182,Bed,A woman in a blue dress is making a bed with white pillows
images_3629.jpg,182,Bed,A bedroom with a white bedspread and pillows
images_3630.jpg,182,Window,"A man is sitting in a chair with his feet up, looking out a window at a city"
images_3631.jpg,182,Woman,A woman in a blue dress is sitting in front of a mirror
images_3632.jpg,182,Bedroom,"A bedroom with two beds, one green and one blue, and a green and blue comforter"
images_3633.jpg,182,Bedroom,"A bedroom with a bed, a chair, a lamp, and a mirror"
images_3634.jpg,182,Girl,A woman is laying on a bed with a red blanket and a white pillow
images_3635.jpg,182,Marilyn monroe,A woman is laying on a bed with a book in her hand
images_3636.jpg,182,Camera,A camera is sitting on a bed with a pink and white striped comforter
images_3637.jpg,182,Bedroom,"A bedroom with a bed, a lamp, and a chandelier"
images_3638.jpg,182,Bed,A bed with a colorful quilt and a lamp on a nightstand
images_3639.jpg,182,Bedroom,"A bedroom with a bed, a red blanket, and a white pillow"
images_3640.jpg,182,Shower,"A bedroom with a brown bed, a picture on the wall, and a light"
images_3641.jpg,32,Deck,A wooden deck with a railing and a view of mountains
images_3642.jpg,32,Building,A large brick building with a red roof and a tree in front of it
images_3643.jpg,32,Building,A tall building with many windows and a street light
images_3644.jpg,32,Swimming pool,A pool with blue chairs and a yellow building in the background
images_3645.jpg,32,House,A large white house with a red roof and a statue in front of it
images_3646.jpg,32,Deck,A wooden deck with a red umbrella and white columns
images_3647.jpg,32,Buildings,A large building with many windows and a green roof
images_3648.jpg,32,Balcony,A black metal railing on a white building
images_3649.jpg,32,Building,A multi-story building with a blue and white color scheme
images_3650.jpg,32,Building,A building with a statue of a man on the front
images_3651.jpg,32,Building,A large building with a yellow and red flower garden in front of it
images_3652.jpg,32,Hotel,A hotel sign is in front of a yellow building with a red roof
images_3653.jpg,32,Decoration,"A building with a blue sign that says ""O.E.S. 8"" and a mosaic of people on the side"
images_3654.jpg,32,Swimming pool,A large white house with a blue pool and a white fence
images_3655.jpg,32,Window,A white building with a green window and a brown roof
images_3656.jpg,32,Balcony,A drawing of a building with a balcony and a man walking on a sidewalk
images_3657.jpg,32,Building,A large building with a white facade and a green lawn
images_3658.jpg,32,Wedding,"A group of people are standing on a balcony, wearing yellow and red clothing"
images_3659.jpg,32,House,A white house with a blue car parked in front of it
images_3660.jpg,32,Palm tree,A large building with a red roof and palm trees in front of it
images_3661.jpg,292,Building,A large white building with columns and a blue sky in the background
images_3662.jpg,292,Columns,A row of stone pillars in front of a building
images_3663.jpg,292,Statue,A stone wall with many carved figures of people
images_3664.jpg,292,Ruins,A black and white photo of a stone building with a stone column in the center
images_3665.jpg,292,Building,A large stone building with a cloudy sky above
images_3666.jpg,292,Pyramid,A woman in a pink shirt and a man in a yellow shirt are walking in front of a large stone building
images_3667.jpg,292,Temple,A large stone building with a black doorway and a white sky
images_3668.jpg,292,Columns,A white marble pillar with a mountain in the background
images_3669.jpg,292,Stairs,A stone building with a blue sky above
images_3670.jpg,292,Building,A large building with a stone facade and a large stone statue in front of it
images_3671.jpg,292,Decoration,A stone carving of a swastika with a blue sky in the background
images_3672.jpg,292,Castle,A couple walking on a pathway in front of a castle
images_3673.jpg,292,Rock,A group of people are standing in front of a rock formation with a man in black standing in front of a rock formation
images_3674.jpg,292,Pyramid,A large stone building with a palm tree in front of it
images_3675.jpg,292,Stone,A stone building with a stone wall and a stone floor
images_3676.jpg,292,Building,A view of a village with a brick building and a green tree
images_3677.jpg,292,Statue,A man in a red shirt stands in front of a row of stone statues
images_3678.jpg,292,Stairs,A person is walking up a stone staircase
images_3679.jpg,292,Stone building,A brick building with a stone wall and a tree in front of it
images_3680.jpg,292,Castle,A large stone building with a brick tower and a stone wall
images_3681.jpg,17,Bull riding,A cowboy riding a brown and white bull in a rodeo
images_3682.jpg,17,Horse,"A white horse with a black mane and tail, standing in a dirt area"
images_3683.jpg,17,Horse,A woman wearing a blue jacket riding a black horse
images_3684.jpg,17,Bullfight,A cow is running in a dirt arena with a man on top of it
images_3685.jpg,17,Horse,A group of people wearing blue and white riding outfits on horses
images_3686.jpg,17,Horse,A man on a horse with a black dog running in front of him
images_3687.jpg,17,Cowboy,A man riding a brown horse in a dirt field
images_3688.jpg,17,Cowboy,A man wearing a white shirt and cowboy hat riding a brown horse
images_3689.jpg,17,Rodeo,A man on a horse with a blue shirt and blue jeans
images_3690.jpg,17,Woman,"A woman is standing next to two horses, one of which is wearing a blue blanket"
images_3691.jpg,17,Cow,A man wearing a cowboy hat and a red shirt is standing next to a white cow
images_3692.jpg,17,Bull riding,"A man is riding a bull in a rodeo, with the bull being brown and black"
images_3693.jpg,17,Bull,A man in a black jacket is holding a cow by the horns
images_3694.jpg,17,Rodeo,"A cowboy riding a horse in a rodeo, with the horse wearing a purple blanket"
images_3695.jpg,17,Rodeo,A woman riding a horse in front of a Coors Light sign
images_3696.jpg,17,Bull,A brown cow with a man on its back is running in a dirt field
images_3697.jpg,17,Horse,A man wearing a pink shirt and a cowboy hat riding a horse
images_3698.jpg,17,Rodeo,A man wearing a blue shirt and blue jeans riding a brown horse
images_3699.jpg,17,Cowboy,A man in a yellow shirt is running towards a man in a blue shirt who is kneeling on the ground
images_3700.jpg,17,Rodeo,A dirt arena with a yellow fence and a sign that says RANGER
images_3701.jpg,124,Woman,A woman in a pink bedroom with a laptop and a cat
images_3702.jpg,124,Bedroom,"A dorm room with a bed, desk, and laptop"
images_3703.jpg,124,Bed,A bed with a white comforter and blue frame
images_3704.jpg,124,Clothes,"A room with a bed, clothes, and a chair with a blue jacket on it"
images_3705.jpg,124,Painting,A woman in a black shirt is painting a mural on a wall
images_3706.jpg,124,Bed,A man is laying in bed with a polka dot shirt on
images_3707.jpg,124,Dorm room,A room with a wooden desk and a window
images_3708.jpg,124,Living room,"A messy room with a red couch, a laptop, and a chair with a blanket on it"
images_3709.jpg,124,Woman,A woman in a blue shirt and shorts is sitting on a bed
images_3710.jpg,124,Bedroom,"A bedroom with a bed, a desk with a laptop, a chair, and a window"
images_3711.jpg,124,Bunk bed,"A room with four bunk beds, one of which is made of wood"
images_3712.jpg,124,Living room,"A living room with a yellow wall, a white couch, a black chair, and a table with a white ironing board"
images_3713.jpg,124,Luggage,A blue bag with a handle is sitting on the floor
images_3714.jpg,124,Bedroom,"A room with two beds, one with a blue comforter and the other with a blue blanket"
images_3715.jpg,124,Clothes,A wooden dresser with a mirror on the wall
images_3716.jpg,124,Bedroom,"A bedroom with a bed, chairs, and a lamp"
images_3717.jpg,124,Party,"A group of people posing for a picture, with a man in a brown shirt and a woman in a black shirt"
images_3718.jpg,124,Bedroom,"A messy bedroom with a bed, a girl sleeping, and a poster on the wall"
images_3719.jpg,124,Bed,A pink pillow with a black pillow on top of a bed
images_3720.jpg,124,Man,A man in a striped shirt is sitting in front of a woman who is standing
images_3721.jpg,21,Skulls,A table with a bunch of skulls and a candle in the middle
images_3722.jpg,21,Trash,A pile of aluminum cans and plastic bottles
images_3723.jpg,21,Man,A man is painting a ceiling with a ladder
images_3724.jpg,21,Art,A painting of a woman in a field is displayed in a room with a blue wall
images_3725.jpg,21,Drawing,A black and white drawing of a tree is on a table
images_3726.jpg,21,Painting,"A man is painting a woman's face on a wall, using a spray paint can"
images_3727.jpg,21,Paint,A man in a white shirt is painting a picture on a table with a bunch of paint bottles and cups
images_3728.jpg,21,Art,"A wall of artwork, including a painting of a tree, is displayed in a room"
images_3729.jpg,21,Man,A man wearing a black and white shirt and black shorts is holding a black purse
images_3730.jpg,21,Man,"A man in a suit stands in front of a display of artwork, including a blue sculpture"
images_3731.jpg,21,Woman,A woman with a floral shirt and a ponytail is standing in front of a table with a bunch of cups on it
images_3732.jpg,21,Painting,A painting of a bottle and a couch is displayed on a wall
images_3733.jpg,21,Art,"A wall full of colorful artwork, including a painting of a woman with a blue dress"
images_3734.jpg,21,Woman,A woman in a pink shirt and black apron is making coffee
images_3735.jpg,21,Man,A man wearing a plaid shirt is kneeling down and drawing on a white board
images_3736.jpg,21,Painting,A woman in a red jacket is painting a picture
images_3737.jpg,21,Dolls,"A room with a bed, a chair, a table, and a woman with a blue dress"
images_3738.jpg,21,Religious,A painting of a church scene is displayed in a glass case
images_3739.jpg,21,Man,A man wearing a brown jacket and blue jeans is walking with a white paper in his hand
images_3740.jpg,21,Art,A colorful painting of a butterfly is displayed in a black frame
images_3741.jpg,20,Math,A young boy wearing a black jacket is writing on a piece of paper
images_3742.jpg,20,Children,A man is handing out candy to two young boys
images_3743.jpg,20,Teacher,A man in a pink shirt is handing out papers to a group of students
images_3744.jpg,20,Painting,A woman in a green jacket stands next to a man under a tree
images_3745.jpg,20,School,A white board with green writing on it
images_3746.jpg,20,Girl,A young girl wearing a pink and black striped shirt stands in front of a painting of a forest
images_3747.jpg,20,Man on ladder,A man wearing a red shirt is standing on a chair
images_3748.jpg,20,Video game,"A group of people are gathered around a large screen, watching a video"
images_3749.jpg,20,School,A man wearing a blue shirt is writing on a piece of paper
images_3750.jpg,20,Group,A group of people wearing black and white shirts are posing for a picture
images_3751.jpg,20,Man,A man in a black shirt is holding a spoon and a cup of coffee
images_3752.jpg,20,Party,A woman wearing a feather hat is sitting at a table with two men
images_3753.jpg,20,Man,A man wearing a grey jacket is standing in front of a wall with a painting of a river
images_3754.jpg,20,Girl,A woman in a green shirt and a girl in a yellow shirt are looking at a map
images_3755.jpg,20,Art,A woman wearing an orange shirt is sitting at a table with a man in a blue shirt
images_3756.jpg,20,Family,"A group of people, including a man in a suit, pose for a picture"
images_3757.jpg,20,Calendar,A colorful calendar with the year 2020 on it
images_3758.jpg,20,Woman,A woman in a white apron stands next to a statue of a woman
images_3759.jpg,20,People,A man in a black shirt is standing in front of a table with a bunch of cups on it
images_3760.jpg,20,Kids,A young boy wearing a white shirt and holding a colorful kite
images_3761.jpg,145,Glass,"A group of glass sculptures in a pond, with some of them wearing hats"
images_3762.jpg,145,Fish,"A group of fish swimming in a pond, with one of them being orange and black"
images_3763.jpg,145,Pond,A white flower blooms in a pond with a rock in the background
images_3764.jpg,145,Patio,"A tropical resort with a thatched roof, palm trees, and a pool"
images_3765.jpg,145,Statue,A woman in a white shirt and shorts is posing next to a statue of a woman
images_3766.jpg,145,Pond,A pond with a frog sitting on a rock and a bird standing on a branch
images_3767.jpg,145,Fish,A fish with a red lure in its mouth swims in a body of water
images_3768.jpg,145,Turtle,A yellow and orange turtle swimming in the water
images_3769.jpg,145,Ganesha,A statue of a man with a trunk is sitting on a stone pedestal in a pool of water
images_3770.jpg,145,Pond,A pond with a water lily and a bridge over it
images_3771.jpg,145,Pond,A pond with a net over it and a lily pad in the middle
images_3772.jpg,145,Pond,A pond with a lily pad in the middle of a patio
images_3773.jpg,145,Tiger,A white tiger is walking through a body of water
images_3774.jpg,145,Flower,A close up of a flower with a yellow center and pink petals
images_3775.jpg,145,Frog,A green frog with a yellow belly sitting in a pond
images_3776.jpg,145,Swimming pool,A tropical resort with a pool and palm trees
images_3777.jpg,145,Pond,A pond with a green color and a cloudy sky above it
images_3778.jpg,145,Drain,A small pool of water with a green plant growing on the side
images_3779.jpg,145,Alligator,A person is petting a large alligator in a body of water
images_3780.jpg,145,Pond,A pond with ducks and a fish in it
images_3781.jpg,191,Snow,A man in a red jacket is walking down a snowy road
images_3782.jpg,191,Tracks,A snowy hill with a trail of footprints in the snow
images_3783.jpg,191,Snow,A man wearing a blue hat is kneeling in front of a snow hut
images_3784.jpg,191,Snowman,A snowman with a red light in its head
images_3785.jpg,191,Bear,A brown bear with a black nose sitting on a rock
images_3786.jpg,191,Dog,A small white dog is sitting in a snowy hole
images_3787.jpg,191,Snow,"A group of people are standing in the snow, some of them are wearing black jackets"
images_3788.jpg,191,Snow,A snow covered structure with a white color and a rock wall
images_3789.jpg,191,Snowman,A person wearing a pink jacket is sitting in a snow fort
images_3790.jpg,191,Snow,"Two boys are sitting in a snow fort, which is made of snow and has a blue roof"
images_3791.jpg,191,Snowman,A man in a black jacket is shoveling snow into a snow fort
images_3792.jpg,191,Plastic,Two girls standing in front of a white structure with a blue wall
images_3793.jpg,191,Snow,A snowy street with a building in the background
images_3794.jpg,191,Cat,A cat standing on a snow covered ground with a green light in the background
images_3795.jpg,191,Snowboarding,A person wearing a black coat and a white hat is standing on a snowy hill
images_3796.jpg,191,Snowman,A man in a black jacket is sitting in the snow next to a snowman
images_3797.jpg,191,Snow,A black backpack is laying on a green tarp in a snowy cave
images_3798.jpg,191,Woman,A woman in a black jacket and jeans is standing in the snow in front of a sign
images_3799.jpg,191,Snowman,A man wearing a blue shirt and black gloves is sitting in a snow cave
images_3800.jpg,191,Snow,A snowy hill with a snowman and a bench
images_3801.jpg,14,Tea,A yellow shelf with boxes of tea on it
images_3802.jpg,14,Shelf,A black cabinet with clear plastic drawers and a white countertop
images_3803.jpg,14,Man,A man in a striped shirt sits in front of a store filled with various food items
images_3804.jpg,14,Shelves,"A room with a lot of books on shelves, including a green book"
images_3805.jpg,14,Mannequin,A large room with a glass wall and a row of chairs with a woman sitting in one of them
images_3806.jpg,14,File cabinet,A black filing cabinet with a yellow tag on the top
images_3807.jpg,14,Library,A library with a table and chairs in the middle of the room
images_3808.jpg,14,Man,A man wearing glasses and a blue shirt is sitting in a room
images_3809.jpg,14,Board,A wooden board with many different colored stripes
images_3810.jpg,14,Library,A woman in a library with a book in front of her
images_3811.jpg,14,Laundromat,"A window of a laundromat with a sign that says ""Blaise's Laundroma"
images_3812.jpg,14,Library,A black and white photo of a library with a table and chairs
images_3813.jpg,14,Shelf,"A dark room with a shelf full of items, including a box of cigarettes"
images_3814.jpg,14,Warehouse,A large warehouse with many boxes and shelves
images_3815.jpg,14,Man,A man wearing a brown jacket and a green vest is holding a white piece of paper
images_3816.jpg,14,Wall,A brick wall with a window and a metal grate
images_3817.jpg,14,Man,A man wearing a black shirt and yellow pants is standing in a room full of books
images_3818.jpg,14,Man,A man wearing a green striped shirt is holding a small white dog
images_3819.jpg,14,Paper,A collection of papers and envelopes are stored in a metal shelf
images_3820.jpg,14,Library,A large library with a lot of books and a staircase
images_3821.jpg,61,Man,A man wearing a safety vest sits in front of a display
images_3822.jpg,61,Wind river,A black and white photo of a man sitting at a desk with a computer
images_3823.jpg,61,Bar,A bar with a white counter and a blue background
images_3824.jpg,61,Table,A table with a checkered tablecloth and a variety of items on it
images_3825.jpg,61,Radio show,Three men wearing headphones and talking on a radio show
images_3826.jpg,61,Woman,A woman in a black dress is holding a paper with a green background
images_3827.jpg,61,Men,A group of men wearing suits and ties are standing together
images_3828.jpg,61,Business,A woman sitting at a table in a room with a red and blue sign
images_3829.jpg,61,Milo,Two people are standing in front of a display of colorful cartoon characters
images_3830.jpg,61,Riverbed,"A large group of people are gathered in a room, watching a presentation on a large screen"
images_3831.jpg,61,Woman,A woman in a pink dress is standing next to a woman in a black dress
images_3832.jpg,61,Bar,A black and white photo of a bar with a clock on the wall
images_3833.jpg,61,Protest,A woman holding a sign with a picture of a building on it
images_3834.jpg,61,Woman,A woman in a black dress stands in front of a large poster
images_3835.jpg,61,Man,A man wearing a suit and tie is holding a cell phone
images_3836.jpg,61,Man and woman,"A man and woman are holding a tablet computer, which is white and rectangular"
images_3837.jpg,61,Treadmill,A white table with a sign on it and a bicycle in the background
images_3838.jpg,61,Table,A table with many jars of food on it
images_3839.jpg,61,Guitar,A man playing a guitar in a room with a woman sitting on a chair
images_3840.jpg,61,Complaint department,A sign that says Complaint Department Please take a number
images_3841.jpg,78,House,A black and white photo of a house with a boat in front of it
images_3842.jpg,78,Boat,A boat with a flag on the front of it
images_3843.jpg,78,Train,A train travels down the tracks next to a river with a group of people in boats
images_3844.jpg,78,Path,"A pathway leads to a river, with a trail of rocks and a grassy area"
images_3845.jpg,78,Path,"A small cabin is situated next to a body of water, surrounded by trees and grass"
images_3846.jpg,78,Boat,A boat is docked at a pier with a fence and a tree in the background
images_3847.jpg,78,Street,A city street with a red umbrella and a group of people walking on the sidewalk
images_3848.jpg,78,Flood,A flooded road with a fence and a dog
images_3849.jpg,78,Reflection,A large building with a reflecting pool in front of it
images_3850.jpg,78,Swimming,A group of people rowing a boat on a lake
images_3851.jpg,78,Path,A red pathway is next to a river with a paved road and a tree line
images_3852.jpg,78,Boat,A woman in a purple vest is paddling a boat on a river
images_3853.jpg,78,Path,"A pathway is located next to a body of water, with a rocky cliff and a tree in the background"
images_3854.jpg,78,River,A river with a bridge and a green tree
images_3855.jpg,78,Boat,A small boat with a brown roof is traveling down a river
images_3856.jpg,78,River,A river with green water and a tree with green leaves
images_3857.jpg,78,Water,A black and white photo of a river with a house in the background
images_3858.jpg,78,Bridge,A view of a bridge with a castle in the background
images_3859.jpg,78,Water,A black waterway with a reflection of a building in the water
images_3860.jpg,78,Harbor,A view of a harbor with a pier and a boat in the water
images_3861.jpg,92,Classroom,A classroom with blue chairs and a whiteboard
images_3862.jpg,92,Computer,"A room with several computers and chairs, with a blue chair in the foreground"
images_3863.jpg,92,Basketball court,A group of people are sitting in a circle on a basketball court
images_3864.jpg,92,School,"A group of men wearing blue shirts and khaki pants are sitting at desks, talking on their cell phones"
images_3865.jpg,92,Woman,A woman wearing a black shirt is holding a paper with a colorful circle on it
images_3866.jpg,92,School,A classroom with students sitting in chairs and a teacher standing at a desk
images_3867.jpg,92,Classroom,A classroom with yellow chairs and desks
images_3868.jpg,92,Meeting,A group of men in camouflage uniforms are sitting around a table
images_3869.jpg,92,Classroom,"A man in a white shirt is standing in front of a group of students, who are sitting in chairs and looking at him"
images_3870.jpg,92,Gym,A group of people wearing blue shirts are standing on a gym floor
images_3871.jpg,92,School,A group of three girls wearing red shirts and white tops are sitting at a table
images_3872.jpg,92,Classroom,A room with a large window and a white table with chairs
images_3873.jpg,92,Group,"A group of people, including a woman in a red shirt, pose for a picture"
images_3874.jpg,92,School,"A group of people are holding up boxes of toys, including a box of stuffed animals"
images_3875.jpg,92,School,"A man and woman sit at a table, smiling and wearing name tags"
images_3876.jpg,92,Conference room,"A room with a long table and chairs, the table is white and the chairs are black"
images_3877.jpg,92,Man,A man in a brown suit is writing in a notebook while sitting in a crowd
images_3878.jpg,92,School,A woman is standing in a room with a table and chairs
images_3879.jpg,92,Classroom,A group of people wearing blue shirts are sitting around a table
images_3880.jpg,92,School,A young boy wearing a blue shirt and a black jacket
images_3881.jpg,233,Mountain,A snowy mountain with a cloudy sky above
images_3882.jpg,233,Bicycle,A group of people riding bikes on a mountain trail
images_3883.jpg,233,Snow,A snowy pathway with trees on either side
images_3884.jpg,233,Mountain,A woman wearing a blue shirt is standing on a hillside with a yellow sign in the background
images_3885.jpg,233,Stairs,A woman wearing a white hat and white shirt is walking on a path
images_3886.jpg,233,Biker,A man wearing a white helmet rides a bicycle down a hill
images_3887.jpg,233,Trees,A green field with a mountain in the background
images_3888.jpg,233,Bicycle,A man riding a bike on a dirt road
images_3889.jpg,233,Road,A dirt road with grass on the side
images_3890.jpg,233,Boy,A boy wearing a blue jacket rides a bike on a paved road
images_3891.jpg,233,Mountain,A couple walking on a snowy mountain trail
images_3892.jpg,233,Tree,A tree with green leaves and a brown trunk
images_3893.jpg,233,Trees,A tree covered hillside with a trail leading up the mountain
images_3894.jpg,233,Man,A man wearing a blue shirt is sitting on a rock by a river
images_3895.jpg,233,Mountain,A mountain with a rocky texture and a large rock on the side
images_3896.jpg,233,Mountain,A mountain with snow on the top and a cloudy sky
images_3897.jpg,233,Mountain,Two people are running on a hillside with a mountain in the background
images_3898.jpg,233,Mountain,A mountain trail with a mountain in the background
images_3899.jpg,233,Hikers,A group of people walking on a dirt trail in a mountainous area
images_3900.jpg,233,Mountain,A group of people walking on a pathway on a mountain
images_3901.jpg,4,Hardware store,A store front with a sign that says Hardware Tools Scuclery
images_3902.jpg,4,Bookstore,A woman in a purple shirt is walking down a street with a book store on her right
images_3903.jpg,4,Street,A busy street with people walking and a red umbrella
images_3904.jpg,4,Path,A tree-lined pathway with green leaves and a dirt road
images_3905.jpg,4,Sun,A sunset view of a city street with a yellow sky
images_3906.jpg,4,Man,A man walking down a street at night
images_3907.jpg,4,Street,A city street with a brick road and a car parked on the side
images_3908.jpg,4,Man,A man wearing a black jacket and brown belt is smoking a cigar
images_3909.jpg,4,Bicycle,A bicycle is parked on a sidewalk next to a store
images_3910.jpg,4,Sex shop,A man in a white shirt is walking down a street in front of a store
images_3911.jpg,4,Stairs,A yellow brick wall with a staircase leading to a tunnel
images_3912.jpg,4,Hotel,A man and woman walking down a street with a hotel sign above them
images_3913.jpg,4,Trash,A black trash can with graffiti on it sits on a snowy sidewalk
images_3914.jpg,4,Graffiti,A black and white photo of a garbage can with graffiti on it
images_3915.jpg,4,Street,A busy street at night with people walking and a woman in a white shirt
images_3916.jpg,4,Stairs,A motorcycle is parked in front of a building with a staircase
images_3917.jpg,4,Man,A man in a black suit walking down a narrow alleyway
images_3918.jpg,4,People,A black and white photo of people walking down a street
images_3919.jpg,4,Building,A large brown building with a red roof and a green tree in front of it
images_3920.jpg,4,Stairs,A man is standing in a dark alleyway with a yellow motorcycle
images_3921.jpg,288,Trees,A black and white photo of a tree with snow on it
images_3922.jpg,288,Bridge,A bridge over a river with a wooden deck and a metal wire
images_3923.jpg,288,Mountains,A beautiful mountain landscape with a river flowing through it
images_3924.jpg,288,Girl,A young girl wearing a red shirt and blue shorts is sitting in a red chair
images_3925.jpg,288,Mountain,A mountain with a cloudy sky and a rocky outcrop
images_3926.jpg,288,Dog,"A dog is running through a river, the water is brown and the dog is black"
images_3927.jpg,288,Bridge,A black and white photo of a bridge over a river
images_3928.jpg,288,River,"Two people are walking through a river, one of them is wearing a backpack"
images_3929.jpg,288,River,A stream of water with a tree branch over it
images_3930.jpg,288,Fishing,A man in a blue shirt is fishing in a river with a green lily pad in the background
images_3931.jpg,288,Canyon,A rocky area with a waterway and a cave
images_3932.jpg,288,River,A snowy river with a tree in the background
images_3933.jpg,288,Tree,A tree with green leaves and a brown trunk is located next to a body of water
images_3934.jpg,288,Mountain,A mountainous area with a river flowing through it
images_3935.jpg,288,Boat,"A group of people riding in a boat on a river, surrounded by trees and water"
images_3936.jpg,288,Man and child,"A man and a child are standing on a river bank, the man is wearing a black shirt and the child is wearing a white shirt"
images_3937.jpg,288,Mountain,A mountain lake with a rocky shore and a mountain in the background
images_3938.jpg,288,River,A river with a sandy bank and a blue sky above
images_3939.jpg,288,Beach,A beach scene with people swimming and playing in the water
images_3940.jpg,288,Ducks,A group of white ducks swimming in a body of water
images_3941.jpg,82,Wedding,"A bride and groom are sitting in a car, the bride is wearing a white dress and the groom is wearing a black suit"
images_3942.jpg,82,Car,A black car with a black steering wheel
images_3943.jpg,82,Car,A car's dashboard with a GPS screen and a steering wheel
images_3944.jpg,82,Car,A grey car with a black and grey seat
images_3945.jpg,82,Car,A black car with a black interior
images_3946.jpg,82,Car,A white car with a tan seat and a blue car in the background
images_3947.jpg,82,Car,A black leather car seat with a black steering wheel
images_3948.jpg,82,Car,A white car with a blue sky in the background
images_3949.jpg,82,Car,A white car with a black interior
images_3950.jpg,82,Car,A tan colored car with a white steering wheel and a tan colored seat
images_3951.jpg,82,Car,A black and white car with a black steering wheel
images_3952.jpg,82,Car,A car with a red and grey striped seat
images_3953.jpg,82,Car,A red car with a brown leather interior
images_3954.jpg,82,Car seat,A black car seat with a red strap
images_3955.jpg,82,Car,A car with a gray interior and a black steering wheel
images_3956.jpg,82,Car,A black and white photo of a limo interior
images_3957.jpg,82,Car,A grey car with a black steering wheel and a blue screen
images_3958.jpg,82,Car,A white car seat with a green towel on it
images_3959.jpg,82,Car,A brown leather car seat with a control panel
images_3960.jpg,82,Truck,A blue truck with a black interior
images_3961.jpg,153,Fountain,A fountain in a park with a tree in the background
images_3962.jpg,153,Garden,A beautiful garden with a hedge maze and a pond
images_3963.jpg,153,Fence,A wooden fence with a view of a pathway and trees
images_3964.jpg,153,Garden,A green house with a green roof and a garden in front of it
images_3965.jpg,153,Flower,A green lily pad with a bird sitting on it
images_3966.jpg,153,Castle,A beautiful garden with a castle in the background
images_3967.jpg,153,Flowers,A garden with a statue in the middle and a variety of flowers including tulips
images_3968.jpg,153,House,A large brick house with a yellow roof and green bushes in front of it
images_3969.jpg,153,Gate,A large house with a fence and a tree in front of it
images_3970.jpg,153,Man,A man wearing a black jacket and scarf stands in front of a fountain with a pool of water and a potted plant
images_3971.jpg,153,Garden,A beautiful garden with a fountain and a green hedge
images_3972.jpg,153,Fountain,A large white and yellow pagoda with a green roof and a circular base
images_3973.jpg,153,Walkway,A large brick building with a green bush in front of it
images_3974.jpg,153,House,A large white house with a green bush in front of it
images_3975.jpg,153,Garden,A painting of a garden with a variety of flowers and plants
images_3976.jpg,153,Garden,"A garden with a variety of flowers and plants, including yellow and red flowers"
images_3977.jpg,153,Building,A large building with many windows and balconies is situated on a hillside
images_3978.jpg,153,Path,A pathway in a park with a pond and trees
images_3979.jpg,153,Rock,A large rock formation with a tree in front of it
images_3980.jpg,153,Garden,A garden with a pathway and a fence
images_3981.jpg,221,Motorcycle,Two motorcycles parked in front of a pink building
images_3982.jpg,221,House,A house with a red roof and a green bush in front of it
images_3983.jpg,221,Patio,A small house with a deck and a man standing on the deck
images_3984.jpg,221,Trailer,A white and tan mobile home with a wooden deck
images_3985.jpg,221,House,A white house with a glass wall and a chandelier inside
images_3986.jpg,221,House,A small house with a deck and a staircase
images_3987.jpg,221,House,A white house with a silver car parked in front of it
images_3988.jpg,221,Garden,"A woman in a green shirt stands next to a small garden with a potted plant, chairs, and a small building"
images_3989.jpg,221,House,A white house with a red roof is located on a street with a dirt road
images_3990.jpg,221,House,A small white house with a brown roof and a blue sky above
images_3991.jpg,221,Building,A building with a blue roof and a yellow sign
images_3992.jpg,221,Garage,A house with a tan garage door and a green bush in front of it
images_3993.jpg,221,Beach house,A blue house with a white roof and a blue chair
images_3994.jpg,221,Road,A street with a yellow line and a wooden fence
images_3995.jpg,221,House,A white house with a black door and a red roof
images_3996.jpg,221,Trailer,A white trailer with red trim and a blue roof
images_3997.jpg,221,House,A white house with a blue trim and a white roof
images_3998.jpg,221,House,A house with a brown roof and a tree in front of it
images_3999.jpg,221,House,A white house with a black door and a white sign in front of it
images_4000.jpg,221,House,A large brown house with a tree in front of it
images_4001.jpg,242,Building,A brick building with a red roof and white trim
images_4002.jpg,242,Hut,A small hut with a thatched roof and a blue sky above
images_4003.jpg,242,Building,A large brick building with a red roof and a tree in front of it
images_4004.jpg,242,House,A brick house with a red door and a tree in front of it
images_4005.jpg,242,Barn,A barn with a green tractor in front of it
images_4006.jpg,242,Huts,A group of huts with thatched roofs and straw walls
images_4007.jpg,242,People,A group of people standing in front of a building with a clock on the side
images_4008.jpg,242,House,A red house with a white door and a tree in front of it
images_4009.jpg,242,Hut,A small hut made of straw with a doorway and a tree in front of it
images_4010.jpg,242,Church,A church with a pointed roof and a sign in front of it
images_4011.jpg,242,Church,A group of people are standing in front of a church
images_4012.jpg,242,House,A white house with a red triangle on the side and a black and white checkered pattern
images_4013.jpg,242,House,A house with a red roof and a green roof is surrounded by trees
images_4014.jpg,242,House,A small white house with a thatched roof and blue doors
images_4015.jpg,242,House,A house with a snow covered roof and a garage
images_4016.jpg,242,House,"A large, colorful house with a red roof and white trim"
images_4017.jpg,242,Building,A large brick building with a blue roof and a sign on the side
images_4018.jpg,242,House,A large brick house with a green roof and a tree in front of it
images_4019.jpg,242,House,A small brick building with a black roof and a light on the side
images_4020.jpg,242,Building,A large brick building with a clock tower and two pointed roofs
images_4021.jpg,199,Car,A car with a blue hood and a silver grill is sitting in the snow
images_4022.jpg,199,Car,A black car with a broken windshield and a missing hood is sitting in a field
images_4023.jpg,199,Car,A blue car with a rusty hood and a broken window
images_4024.jpg,199,Car,A woman wearing a pink shirt and blue shorts stands in front of a car
images_4025.jpg,199,Car crash,A red car with a broken windshield and a white car with a crushed hood
images_4026.jpg,199,Car,A black car with a steering wheel and a black seat
images_4027.jpg,199,Car,A white car with a rusty hood and a broken window is parked in a grassy area
images_4028.jpg,199,Crane,A black and white photo of a crane lifting a car
images_4029.jpg,199,Tractor,A yellow truck is parked in front of a building
images_4030.jpg,199,Car,"A rusty old truck with a license plate that reads ""Dodge"" sits in a field"
images_4031.jpg,199,Tractor,A large red construction vehicle with a rusty appearance
images_4032.jpg,199,Car,A woman wearing black boots stands on top of a car
images_4033.jpg,199,Truck,A yellow truck is parked in front of a white building
images_4034.jpg,199,Car,A rusty old car with a broken front grill
images_4035.jpg,199,Car,A rusty brown car with a tire and a fence in the background
images_4036.jpg,199,Car,"A vintage car is in a garage, with its hood open and a yellow toolbox nearby"
images_4037.jpg,199,Car,"A burnt car is on a tow truck, with the car being white and the tow truck being black"
images_4038.jpg,199,Jeep,A green army jeep is parked in front of a garage
images_4039.jpg,199,Car,A silver car with its hood open and a blue car behind it
images_4040.jpg,199,Car,A rusty car with a green hood and a brown body
images_4041.jpg,284,Restaurant,A restaurant with green tables and chairs
images_4042.jpg,284,Table,A table with a pink tablecloth and blue napkins
images_4043.jpg,284,Chef,A chef in a white uniform is standing in front of a group of people at a table
images_4044.jpg,284,Dinner,"A group of people are sitting around a table, enjoying a meal together"
images_4045.jpg,284,Table,A restaurant table with a white tablecloth and a black chair
images_4046.jpg,284,Chicken,A plate of chicken with a sauce on it
images_4047.jpg,284,Woman,A woman wearing glasses and a blue shirt is holding a menu in front of her face
images_4048.jpg,284,Birds,Two birds sitting on a wooden table in a restaurant
images_4049.jpg,284,Dinner,A group of people are sitting around a table in a fancy restaurant
images_4050.jpg,284,Fireplace,A room with a fireplace and a table with chairs and a wine rack
images_4051.jpg,284,Restaurant,A restaurant with a long bar and tables with candles on them
images_4052.jpg,284,Sushi,A plate of sushi with a variety of colors and textures
images_4053.jpg,284,Dinner,A group of people sitting at a table with a blue tablecloth
images_4054.jpg,284,Man,A man wearing a hat and a black jacket is standing in front of a table with a microphone on it
images_4055.jpg,284,Dinner,A group of people sitting around a table with a man in a black and white sweater
images_4056.jpg,284,Conference room,A large room with white tables and red carpeting
images_4057.jpg,284,Wine,A restaurant with a wine cellar and a table with a white tablecloth
images_4058.jpg,284,Birthday,"A collage of photos includes a birthday cake, a man wearing a hat, and a woman with a ponytail"
images_4059.jpg,284,Man,A man in a green jacket is sitting at a table with a plate of food and a glass of beer
images_4060.jpg,284,Restaurant,"A restaurant with a red and green color scheme, wooden furniture, and a variety of potted plants"
images_4061.jpg,41,Window,A wooden house with a window and a flower bush in front of it
images_4062.jpg,41,Door,A white door with a brown frame and a window above it
images_4063.jpg,41,Door,A green door with a metal lock and a white frame
images_4064.jpg,41,Door,A brick house with a green rope hanging from the door
images_4065.jpg,41,Coca cola,A brick building with a Coca Cola sign on it
images_4066.jpg,41,Tractor,A red antique tractor with a wooden shed behind it
images_4067.jpg,41,Shadow,A wooden fence with a clock on it
images_4068.jpg,41,Building,A red door on a building with a green roof
images_4069.jpg,41,Doorway,A black and white photo of a doorway with a wooden floor
images_4070.jpg,41,Door,A large wooden door with a metal gate in front of a building
images_4071.jpg,41,Building,A brick building with a window and a door
images_4072.jpg,41,Door,A wooden door with a rustic appearance
images_4073.jpg,41,Barn,A rusty metal bucket is sitting in front of a wooden building with a window
images_4074.jpg,41,Woman,A woman wearing a blue shirt and shorts is standing in front of a green garage door
images_4075.jpg,41,Door,A woman in a green shirt stands in front of a green door
images_4076.jpg,41,Door,A yellow door with a blue frame and a window above it
images_4077.jpg,41,Wall,A large building with a mural of a wall on it
images_4078.jpg,41,Car,A blue antique truck is parked in front of a wooden building
images_4079.jpg,41,Building,A blue building with graffiti on the side and a blue door
images_4080.jpg,41,Fence,A wooden fence with a crack in the middle
images_4081.jpg,341,Mountain,A mountain with a cloudy sky above it
images_4082.jpg,341,Man,A man wearing a black shirt and jeans is walking on a hill
images_4083.jpg,341,Grass,A field of tall grass with a blue sky above
images_4084.jpg,341,Zebra,A lion is sitting in a field of brown grass
images_4085.jpg,341,Man,A man wearing a green jacket and a backpack is sitting on a hillside
images_4086.jpg,341,Hikers,Two people are walking on a grassy hill with a backpack on one of them
images_4087.jpg,341,Rock,A field of flowers with a rocky hillside in the background
images_4088.jpg,341,Huts,A field of purple flowers with green huts in the background
images_4089.jpg,341,Lake,A large rock in the water with a reflection of a building in the background
images_4090.jpg,341,Field,A large open field with a mountain in the background
images_4091.jpg,341,Rock,A close up of a brown rocky surface with a yellowish tint
images_4092.jpg,341,Mountain,A mountain range with a yellow sunset in the background
images_4093.jpg,341,Man,A man wearing a red shirt and blue jeans is standing next to a lake
images_4094.jpg,341,Mound,A field of grass with a mound in the middle
images_4095.jpg,341,Dirt,A large dirt field with a mountain in the background
images_4096.jpg,341,Mountain,A mountain with snow on it and a yellow flower field
images_4097.jpg,341,Snow,A group of people are skiing on a snowy lake
images_4098.jpg,341,Boat,A white boat with a blue stripe is sitting on the beach
images_4099.jpg,341,Bird,A bird with a long tail and a white head
images_4100.jpg,341,Mountain,A painting of a mountain with a blue sky and a lake
images_4101.jpg,95,Clothes,A purple shirt hangs in a closet with other clothes
images_4102.jpg,95,Yarn,A shelf full of yarn and other crafting supplies
images_4103.jpg,95,Door,A white doorway with a white door and a white wall
images_4104.jpg,95,Clothes,A colorful display of shirts and dresses hangs on a rack
images_4105.jpg,95,Closet,A white room with a white wall and a white shelf
images_4106.jpg,95,Shelf,A wooden shelf with a cardboard box on it
images_4107.jpg,95,Wall,A white wall with a wooden floor
images_4108.jpg,95,Closet,A white room with a white shelf and a window
images_4109.jpg,95,Suitcase,A brown suitcase with a blue surfboard on top of it
images_4110.jpg,95,Clothes,A room with a blue carpet and a white shirt hanging on a rack
images_4111.jpg,95,Woman,A woman wearing a gray sweater and blue jeans is standing in a doorway
images_4112.jpg,95,Tank top,A black tank top hanging on a rack
images_4113.jpg,95,Closet,A white room with a wooden door and a hanging rack
images_4114.jpg,95,Shelf,A cluttered room with a green box on a shelf
images_4115.jpg,95,Window,A room with a window and a doorway
images_4116.jpg,95,Dresser,A blue dresser with a mirror on top
images_4117.jpg,95,Kitchen,A white kitchen cabinet with a glass door and a shelf inside
images_4118.jpg,95,Closet,A large white bookshelf with a light on top
images_4119.jpg,95,Building,A gray building with a black screen in the middle
images_4120.jpg,95,Closet,A blue purse sits on the floor next to a closet
images_4121.jpg,254,Path,A black asphalt roadway with a green grassy area on either side
images_4122.jpg,254,People,"A group of people are standing in a park, with a man wearing sunglasses and a woman wearing a white shirt"
images_4123.jpg,254,Girls running,"A group of girls running on a grass track, with one of them wearing a red shirt"
images_4124.jpg,254,Wedding,"A man and woman are standing under a tree, the woman is wearing a white dress and the man is wearing a black suit"
images_4125.jpg,254,Wedding,A bride and groom pose for a picture under a tree
images_4126.jpg,254,Path,A wooden pathway in a tropical setting with palm trees and a blue ocean in the background
images_4127.jpg,254,City,A city park with a fountain and a group of people sitting on a hill
images_4128.jpg,254,Playground,A playground with a swing set and a slide
images_4129.jpg,254,Wedding,"A group of people in a park, some wearing ties, and some wearing dresses"
images_4130.jpg,254,Bicycle race,A man wearing a black and yellow jersey is riding a bike through a course
images_4131.jpg,254,Birds,A wooden bridge over a river with ducks swimming in the water
images_4132.jpg,254,Playground,A group of children are standing around a red and white playground structure
images_4133.jpg,254,Snow,A snowy forest with a bench and a tree
images_4134.jpg,254,Phone booth,A red telephone booth with graffiti on it
images_4135.jpg,254,Woman,A woman in a blue shirt is sitting on a bench and holding a Star Wars book
images_4136.jpg,254,Woman,A woman in a white shirt stands next to a table with a black and white banner on it
images_4137.jpg,254,Trash,A green field with a shadow of a tree on it and a bunch of trash on the ground
images_4138.jpg,254,Statue,"A white stone obelisk stands in a park, surrounded by trees and cars"
images_4139.jpg,254,Swimming pool,A group of children playing in a swimming pool
images_4140.jpg,254,Swing,A black swing set with a chain and a black seat
images_4141.jpg,50,Hairdresser,A woman in a white dress is getting her nails done
images_4142.jpg,50,Beauty bar,A woman standing behind a counter in a bar
images_4143.jpg,50,Woman,A woman with blonde hair and a black shirt
images_4144.jpg,50,Chairs,A green chair is in front of a green wall
images_4145.jpg,50,Hair salon,A woman with brown hair is sitting in front of a mirror
images_4146.jpg,50,Haircut,A woman is giving a man a haircut in a barber shop
images_4147.jpg,50,Barber,A group of men are posing for a picture with a One Barber sign
images_4148.jpg,50,Woman,A woman is sitting in a chair in front of a mirror
images_4149.jpg,50,Hair,A woman is getting her hair styled by another woman
images_4150.jpg,50,Hair,A woman is getting her hair done by a man in a room with other people
images_4151.jpg,50,Makeup,A display of makeup products with a woman on the cover
images_4152.jpg,50,Hair salon,"A colorful room with a chair, a lamp, and a mirror"
images_4153.jpg,50,Haircut,A woman with red hair is getting her hair cut by another woman
images_4154.jpg,50,Haircut,"A man is brushing a woman's hair, she is wearing a black and white dress"
images_4155.jpg,50,Makeup,A woman is getting her makeup done by another woman
images_4156.jpg,50,Haircut,A woman is cutting a woman's hair in a salon
images_4157.jpg,50,Hair salon,A woman with long hair is sitting in a chair and holding a hair dryer
images_4158.jpg,50,Hair salon,A mirrored wall with a glass shelf and a black chair
images_4159.jpg,50,Haircut,A man is cutting a woman's hair in a salon
images_4160.jpg,50,Haircut,A woman is getting her hair done by another woman in a salon
images_4161.jpg,155,Kitchen,A kitchen with wooden cabinets and a stove top oven
images_4162.jpg,155,Galley,A wooden table with a bottle of whiskey and a bowl of peppers on it
images_4163.jpg,155,Kitchen,"A kitchen with a stove top oven, a microwave, and a sink"
images_4164.jpg,155,Kitchen,A kitchen with wood cabinets and a stove top oven
images_4165.jpg,155,Kitchen,A kitchen with wooden cabinets and a stove top oven
images_4166.jpg,155,Kitchen,A kitchen sink in a boat with a wooden counter top
images_4167.jpg,155,Kitchen,A black kitchen with a microwave and a refrigerator
images_4168.jpg,155,Kitchen,"A kitchen with a stove top oven, a microwave, a sink, and a television"
images_4169.jpg,155,Kitchen,A small boat with a sink and a stove
images_4170.jpg,155,Stove,A stove with a silver and black color scheme
images_4171.jpg,155,Cook,A man wearing a green shirt and apron is cooking food in a kitchen
images_4172.jpg,155,Woman,A woman in a black shirt holding a knife
images_4173.jpg,155,Boat,A boat cabin with a wooden floor and a green carpet
images_4174.jpg,155,Woman,A woman in a blue dress is standing in front of a refrigerator
images_4175.jpg,155,Kitchen,"A kitchenette with a sink, microwave, and refrigerator"
images_4176.jpg,155,Kitchen,A kitchen with a stove top oven and a black pot on the stove
images_4177.jpg,155,Bathroom,"A bathroom with a sink, a shower, and a wooden counter"
images_4178.jpg,155,Kitchen,A kitchen with a stainless steel counter top and a stove top oven
images_4179.jpg,155,Kitchen,A small boat with a wooden interior and a blue and white floral pattern on the cushions
images_4180.jpg,155,Man,A man in a black shirt is holding a plate of food
images_4181.jpg,339,Stairs,A wooden deck with a staircase and a tree in the background
images_4182.jpg,339,Tree house,A small wooden house with a green roof and a window
images_4183.jpg,339,Tree,A wooden bird house with a tree in the background
images_4184.jpg,339,Tractor,A rusty old truck with a green hood and a brown body
images_4185.jpg,339,Car,A blue car is parked on a brick road in front of a palm tree
images_4186.jpg,339,Tree house,A wooden tree house with a green roof and a brown wooden ladder
images_4187.jpg,339,Tree,A tree with a pink flower blooming in the middle of the street
images_4188.jpg,339,Tree,A large tree with a brown ball on top of it
images_4189.jpg,339,House,A large wooden house with a stone chimney and a deck with a staircase
images_4190.jpg,339,Tree house,A small house with a metal roof and a wooden deck
images_4191.jpg,339,Tree house,A wooden tree house with a ladder and a group of people inside
images_4192.jpg,339,Reflection,A reflection of a forest in a mirror
images_4193.jpg,339,House,A house with a blue door and a tree in front of it
images_4194.jpg,339,Woman,A woman in a red shirt is standing on a wooden staircase in a rocky area
images_4195.jpg,339,Tree,A tree with a lot of branches and a lot of leaves
images_4196.jpg,339,House,A white house with a wooden deck and a green roof
images_4197.jpg,339,Sign,"A sign that says ""rest"" is leaning on a building"
images_4198.jpg,339,Tree,A tree with a blue sky in the background
images_4199.jpg,339,House,A small blue house with a green roof and white trim
images_4200.jpg,339,Dog,A black and white dog is sitting on a wooden deck
images_4201.jpg,163,Mountain,A mountain with snow and ice on it
images_4202.jpg,163,Waterfall,"A waterfall with a white flow, surrounded by green trees and rocks"
images_4203.jpg,163,Water,A dog is walking on a blue surface with a black and white color scheme
images_4204.jpg,163,Man,A man wearing a blue jacket and a helmet is pointing at a mountain
images_4205.jpg,163,Man,A man wearing a hat and a backpack is standing on a hillside with a mountain in the background
images_4206.jpg,163,Mountain,A mountain with a blue glacier on top
images_4207.jpg,163,Mountain,A mountain with snow and a cloudy sky
images_4208.jpg,163,Ice,"A large ice flow is seen in the image, with a person standing on the edge of the ice"
images_4209.jpg,163,Ice,A large iceberg with blue and white coloring
images_4210.jpg,163,Snow,A snowy mountain with a blue sky and trees covered in snow
images_4211.jpg,163,Waterfall,A waterfall with a blue and white color scheme
images_4212.jpg,163,Mountain,A mountain range is reflected in a lake at night
images_4213.jpg,163,Penguins,A group of penguins standing on a rocky hillside
images_4214.jpg,163,Mountain,A group of people walking on a dirt road in a mountainous area
images_4215.jpg,163,Mountain,A large body of water with mountains in the background
images_4216.jpg,163,Snowmobile,A snowmobile rider is going down a snowy hill
images_4217.jpg,163,Ice,A large iceberg with a blue color and a rocky texture
images_4218.jpg,163,Mountain,A mountain range with snow on the top of the mountain
images_4219.jpg,163,Mountains,A mountain range with snow on top of it
images_4220.jpg,163,Glacier,A large glacier with a blue color and a mountain in the background
images_4221.jpg,76,Tent,A large orange tent with a black and orange interior
images_4222.jpg,76,Tent,A black and white photo of a tent on a rocky hillside
images_4223.jpg,76,Tent,"A bright orange tent is set up in the snow, surrounded by trees"
images_4224.jpg,76,Tent,"A small tent with a blue and green color scheme, a wooden floor, and a chair with a blue blanket on it"
images_4225.jpg,76,Porta potty,"A small brown trailer is parked in the woods, surrounded by trees and rocks"
images_4226.jpg,76,Tent,"A tent is set up in a parking lot, with a yellow car parked nearby"
images_4227.jpg,76,Hikers,"A group of people are sitting in the desert, with a man in a blue shirt and a man in a red shirt among them"
images_4228.jpg,76,Tent,A yellow tent with a red border is set up on a snowy surface
images_4229.jpg,76,Tent,"Two young boys are sleeping in a tent, one is wearing blue and the other is wearing blue and black"
images_4230.jpg,76,Fence,A woman in a blue shirt is walking her dog in a park
images_4231.jpg,76,Tent,A tent is set up in a field with a mountain in the background
images_4232.jpg,76,Dog,"A dog is laying on the grass, with a pink and blue striped chair nearby"
images_4233.jpg,76,Tent,A green tent with a yellow roof is set up in a grassy field
images_4234.jpg,76,Woman,A woman wearing red pants is sitting in a tent
images_4235.jpg,76,Tent,A blue dome structure with a white roof and a wooden fence in front of it
images_4236.jpg,76,People,"Two people standing in front of a tree, one wearing a brown jacket and the other wearing a white jacket"
images_4237.jpg,76,Tent,A group of people are sitting under a blue tent in a grassy field
images_4238.jpg,76,Fire,"A group of people are gathered around a fire pit, with some sitting on a bench and others standing"
images_4239.jpg,76,Tent,A group of people are camping on a mountain top with a yellow tent
images_4240.jpg,76,Tipi,"A man is sitting in front of a teepee, which is a white tent with a black roof"
images_4241.jpg,253,Refrigerator,A refrigerator with a variety of food items and drinks
images_4242.jpg,253,Lauri's,Two jars of sweet and spicy onions sit on a table
images_4243.jpg,253,Bookshelf,A white cabinet with a clock on top
images_4244.jpg,253,Pantry,A pantry with a left and right side view of the same pantry
images_4245.jpg,253,Man,A man wearing glasses and a black jacket stands in front of a skeleton and a picture
images_4246.jpg,253,Bottles,A shelf full of different colored bottles and jars
images_4247.jpg,253,Pantry,A shelf full of food items including a bottle of soy sauce
images_4248.jpg,253,Pantry,A red wall with a sign that says Pavilion Pantry
images_4249.jpg,253,Pantry,A refrigerator with a shelf full of food and drinks
images_4250.jpg,253,Jars,A wooden cabinet with a shelf full of jars of food
images_4251.jpg,253,Man,A man in a brown shirt is pouring a yellow bottle of juice
images_4252.jpg,253,Kitchen,A kitchen with a metal shelf with a variety of food items on it
images_4253.jpg,253,Pantry,A wooden pantry with a variety of food items and containers
images_4254.jpg,253,Bookshelf,A wooden table with a yellow tablecloth and a chair with a wooden back
images_4255.jpg,253,Kitchen,"A kitchen with a refrigerator, cabinets, and a table"
images_4256.jpg,253,Microwave,A microwave oven with a plate of food on the counter
images_4257.jpg,253,Food,A shelf with jars of flour and other grains
images_4258.jpg,253,Pantry,A wooden cabinet with a shelf full of food items
images_4259.jpg,253,Medicine cabinet,A wooden cabinet with a mirror above it
images_4260.jpg,253,Jar,A white shelf with many jars of different sizes and colors
images_4261.jpg,27,Basketball,A girl in a black and blue uniform is playing basketball
images_4262.jpg,27,Band,"A group of people in a room, some of them are wearing camouflage"
images_4263.jpg,27,Theater,A large auditorium with red seats and gold curtains
images_4264.jpg,27,Woman,A woman in a black dress stands on a stage in front of a large audience
images_4265.jpg,27,Man in wheelchair,A man in a blue shirt is sitting in the front row of a theater
images_4266.jpg,27,Audience,A woman wearing a red jacket is sitting in a crowd of people
images_4267.jpg,27,Audience,"A group of people sitting in a theater, with a man in a plaid shirt sitting in front of a woman in a white shirt"
images_4268.jpg,27,Wedding,A large room with a white carpet and a pink wall
images_4269.jpg,27,Movie,A large theater with red seats and a large screen
images_4270.jpg,27,Speech,"A group of people are sitting in front of a podium, with a large screen behind them"
images_4271.jpg,27,Speaker,"A large crowd of people in a dark auditorium, with a speaker on stage in front of a red and white banner"
images_4272.jpg,27,People,"A group of people sitting in a room, with some of them reading newspapers"
images_4273.jpg,27,Church,A large auditorium with a colorful stained glass ceiling
images_4274.jpg,27,Speaker,A man wearing a blue hat is sitting in a crowd at a meeting
images_4275.jpg,27,Speaker,A man in a suit and tie is speaking into a microphone
images_4276.jpg,27,Woman,A woman in a yellow shirt is standing in front of a group of people
images_4277.jpg,27,Audience,A large group of people are sitting in a dark auditorium
images_4278.jpg,27,Band,A man plays a saxophone in front of a band
images_4279.jpg,27,Chairs,A large room with a wooden floor and a large wooden table
images_4280.jpg,27,Theater,A red leather seat in a dark theater
images_4281.jpg,129,Wall,A marble wall with a brown and white color scheme
images_4282.jpg,129,Chalkboard,"A black chalkboard with the words ""Eat Big. To Do. To Buy."" written on it"
images_4283.jpg,129,Door,A purple door with a black frame and a window in the middle
images_4284.jpg,129,Door,A door with a lot of decorations on it
images_4285.jpg,129,Door,A door with a black handle and a brown wooden frame
images_4286.jpg,129,Poster,A poster of a woman in a bathroom with a wooden door
images_4287.jpg,129,Door,A doorway with a yellow wall and a blue door
images_4288.jpg,129,Elevator,A doorway to a building with a light on above it
images_4289.jpg,129,Woman,A woman wearing a brown sweater and a black head scarf
images_4290.jpg,129,Parking garage,A parking garage with a blue car parked in front of a red building
images_4291.jpg,129,Elevator,A green door with a blue sky visible through it
images_4292.jpg,129,Train,A man is taking a picture of himself in a mirror
images_4293.jpg,129,Door,A large wooden door with a green frame and a brown door
images_4294.jpg,129,Door,A doorway with a brown door and a white door with a smiley face on it
images_4295.jpg,129,Columbia,A gold colored statue of a woman with a feathered headdress
images_4296.jpg,129,Staircase,A view of a metal fence with a yellow background
images_4297.jpg,129,Women,Three women wearing dresses and smiling for a picture
images_4298.jpg,129,Sky high annual pass,"A large poster of a building with the words ""Sky High Annual Pass"" written on it"
images_4299.jpg,129,Toilets,A red door with a sign that says toilets
images_4300.jpg,129,Office,"A white door with a sign on it that says ""The Control Officer"
images_4301.jpg,45,Bathtub,A white bathtub with a pink tile backsplash
images_4302.jpg,45,Bathroom,A bathroom with a blue shower stall and a toilet
images_4303.jpg,45,Bathroom,A white bathroom with a gold shower curtain and a white bathtub
images_4304.jpg,45,Man,A man in a black jacket is taking a picture of himself in a mirror
images_4305.jpg,45,Bathroom,A white bathroom with a white toilet and a white sink
images_4306.jpg,45,Bathroom,A white toilet is in a small bathroom with a white sink and a white wall
images_4307.jpg,45,Toilet,A white toilet with red hearts on the door
images_4308.jpg,45,Bathroom,"A bathroom with a white toilet, a sink, and a mirror"
images_4309.jpg,45,Shower,A white bathroom sink with a white tub and a glass shower door
images_4310.jpg,45,Bathroom,A woman wearing a gray sweater is standing in a bathroom with a white bathtub
images_4311.jpg,45,Bathroom,A white toilet in a bathroom with a white shower curtain
images_4312.jpg,45,Sink,A white sink with a silver faucet
images_4313.jpg,45,Feet,A person with black pants and bare feet is sitting in a bathtub
images_4314.jpg,45,Bathroom,"A bathroom with a sink, a bathtub, and a window"
images_4315.jpg,45,Bathroom,A white bathroom with a white sink and a white bathtub
images_4316.jpg,45,Toilet,A white toilet with a white lid and a white seat
images_4317.jpg,45,Bathroom,A blue cabinet with a glass door and a white tile floor
images_4318.jpg,45,Bathroom,"A bathroom with a sink, mirror, and a wooden vanity"
images_4319.jpg,45,Toilet,A dirty toilet with a black seat and a white tank
images_4320.jpg,45,Bathroom,A white toilet with a white toilet seat and a white toilet bowl
images_4321.jpg,195,Swimming pool,"A large, round, jacuzzi with a gold color and a green tiled wall"
images_4322.jpg,195,Swimming pool,A blue swimming pool with a wooden bench next to it
images_4323.jpg,195,Bathtub,A white jacuzzi with a blue water feature
images_4324.jpg,195,Swimming pool,A blue swimming pool with a blue water surface
images_4325.jpg,195,Swimming pool,A large swimming pool with a blue tiled bottom and a blue and white color scheme
images_4326.jpg,195,Bathroom,A bathroom with a shower and a tub
images_4327.jpg,195,Bathtub,A white bathtub with a dirty bottom
images_4328.jpg,195,Hot tub,"A large, purple, lit up jacuzzi with a black remote control on the side"
images_4329.jpg,195,Swimming pool,A pool with a blue color and a palm tree in the background
images_4330.jpg,195,Swimming pool,A large swimming pool with a glass wall and a view of trees
images_4331.jpg,195,Bathtub,A white bathtub with a black seat and a blue water surface
images_4332.jpg,195,Swimming pool,A large round pool with a blue water surface and a wooden deck
images_4333.jpg,195,Swimming pool,A pool with a blue tiled bottom and a wooden deck
images_4334.jpg,195,Bathroom,A white bathroom with a white bathtub and a white toilet
images_4335.jpg,195,Swimming pool,A large room with a wooden bench and a large pool
images_4336.jpg,195,Swimming pool,A large swimming pool with a green tiled bottom and a brown pole
images_4337.jpg,195,Swimming pool,A large room with a jacuzzi and a large window
images_4338.jpg,195,Swimming pool,A large swimming pool with a blue color and a wooden deck
images_4339.jpg,195,Swimming pool,A swimming pool with a metal railing and a wooden deck
images_4340.jpg,195,Bathtub,A white bathtub with a green and red stained glass window above it
images_4341.jpg,128,Pharmacy,A sign that says Pharmacy every day low cost
images_4342.jpg,128,Woman,A woman in a red shirt stands in front of a store shelf with a variety of items on it
images_4343.jpg,128,Pharmacy,"A store front with a green neon sign that says ""Prescriptions"" and a window with a sign that says ""Free Film"
images_4344.jpg,128,Pharmacy,A pharmacy with a white front and a green sign
images_4345.jpg,128,Cvs,A parking lot with a CVS Pharmacy store in the background
images_4346.jpg,128,Vending machine,A vending machine with a colorful display of items
images_4347.jpg,128,Bar,A man in a black shirt is drinking from a bottle in a bar
images_4348.jpg,128,Doctor,A group of doctors wearing maroon and blue uniforms
images_4349.jpg,128,Store,A red and white sign is on the floor in front of a blue counter
images_4350.jpg,128,People,A woman in a black shirt and pink pants is standing in front of a cash register at a supermarket
images_4351.jpg,128,Woman,A woman in a white dress is standing in front of a cash register
images_4352.jpg,128,M&m's,A yellow container of M&M's sits next to a box of M&M's
images_4353.jpg,128,Sign,A store window with a variety of fruits and vegetables displayed
images_4354.jpg,128,Prescriptions,A pharmacy with a green counter and a white computer
images_4355.jpg,128,Shelf,A shelf of products including a bottle of Old Spice
images_4356.jpg,128,Drug store,A storefront for Wilson's Pharmacy with a black and white sign
images_4357.jpg,128,Vitamin club,"A store front with a sign that says ""vitamin club"" on it"
images_4358.jpg,128,Pharmacy,A green counter with a microscope on it
images_4359.jpg,128,Furniture,A white chair with a glass table in front of it
images_4360.jpg,128,Shelf,A store with wooden shelves and a variety of products
images_4361.jpg,67,Building,A wooden model of a building with a window and a door
images_4362.jpg,67,Building,A large building with a red brick facade and a black door
images_4363.jpg,67,Parade,A group of men in uniforms are standing in front of a building
images_4364.jpg,67,Building,A tall building with a gold and red sign on top
images_4365.jpg,67,Arch,A view of a stone building with a window and a stone column
images_4366.jpg,67,Restaurant,A red car is parked in front of a restaurant
images_4367.jpg,67,Boats,A boat is docked in a harbor with a large building in the background
images_4368.jpg,67,House,A green car is parked in front of a red brick building
images_4369.jpg,67,Building,"A red brick building with a clock on the side and a sign that says ""Public Library"
images_4370.jpg,67,Building,A large building with a black fence and green bushes
images_4371.jpg,67,Building,A black and white photo of a large brick building with a tree in front of it
images_4372.jpg,67,Arch,A wooden structure with a red roof and a red door
images_4373.jpg,67,Building,A large building with a white facade and black windows
images_4374.jpg,67,Brick,A brick building with a window and a sign on the side
images_4375.jpg,67,Anchor,Two black anchors in front of a building with a clock on the side
images_4376.jpg,67,Building,A large building with many windows and a tree in front of it
images_4377.jpg,67,Priest,A man in a black suit and a man in a brown robe are walking up a flight of stairs
images_4378.jpg,67,Building,A tall building with many windows and a blue sign
images_4379.jpg,67,Building,A large white building with a blue roof and columns
images_4380.jpg,67,Building,A large brick building with a red color and a lot of windows
images_4381.jpg,239,Aquarium,A group of children looking at a large turtle in a tank
images_4382.jpg,239,Dinosaur,A skeleton of a giraffe is hanging from the ceiling
images_4383.jpg,239,Dinosaur,A skeleton of a dinosaur is shown in a drawing
images_4384.jpg,239,Penguins,A group of penguins are walking on a snowy surface
images_4385.jpg,239,Dinosaur,A skeleton of a dinosaur is on display in a museum
images_4386.jpg,239,Dinosaur,A skeleton of a dinosaur is on display in a museum
images_4387.jpg,239,Bear,A close up of a brown animal with a mouth full of teeth
images_4388.jpg,239,Dinosaur,A large brown and white dinosaur with a long snout and yellow eyes
images_4389.jpg,239,Skull,A large silver skull statue with a reflection in the water
images_4390.jpg,239,Dinosaur,"A large, open mouth of a dinosaur with a gold color and a textured appearance"
images_4391.jpg,239,Elevator,"A large, colorful, and textured sphere is the main subject of the image"
images_4392.jpg,239,Dinosaur,A dinosaur skeleton is on display in a museum
images_4393.jpg,239,Buddha,A statue of a man in a robe is displayed in a dark room
images_4394.jpg,239,Horse,A skeleton of a horse is displayed in a museum
images_4395.jpg,239,Insect,A close up of a brown and white insect with a yellow face
images_4396.jpg,239,Whale,A large blue whale with a black mouth and white spots on its side
images_4397.jpg,239,Skeleton,A large group of people are gathered around a wooden structure with a skeleton on top
images_4398.jpg,239,Dinosaur,A large dinosaur skeleton is on display in a museum
images_4399.jpg,239,Dinosaur,A museum with a large dinosaur skeleton and a group of people walking around
images_4400.jpg,239,Zebra,"A zebra is on display in a glass case, with its head and neck sticking out"
images_4401.jpg,286,Restaurant,"A restaurant with a long table and chairs, and a TV on the wall"
images_4402.jpg,286,Hotel,A man in a white shirt is standing in front of a building with a red awning
images_4403.jpg,286,Patio,A view of a restaurant with a balcony overlooking the ocean
images_4404.jpg,286,Restaurant,"A restaurant with a red awning and a sign that says ""The Distiller"
images_4405.jpg,286,Boat,A small building with a green roof and a white roof
images_4406.jpg,286,Table,A wooden table with chairs around it
images_4407.jpg,286,People,"A group of people are sitting at tables in a restaurant, with a man in a red shirt standing nearby"
images_4408.jpg,286,Patio,A restaurant with a patio and tables and chairs
images_4409.jpg,286,Patio,A view of a beach with a large umbrella and several chairs
images_4410.jpg,286,Patio,A patio with a blue table and chairs
images_4411.jpg,286,Patio,"A patio with a table and chairs, the table is black and the chairs are black and white"
images_4412.jpg,286,Cafe,A yellow building with a black and white striped awning
images_4413.jpg,286,Restaurant,A restaurant with a blue awning and wooden tables
images_4414.jpg,286,Concert,A group of musicians playing instruments in front of a crowd
images_4415.jpg,286,Wedding,A purple table cloth with a floral centerpiece and wine glasses
images_4416.jpg,286,People,A group of people sitting outside at a restaurant
images_4417.jpg,286,Palm tree,A view of a city at night with a large body of water and palm trees
images_4418.jpg,286,People,"A group of people sit outside a bakery, enjoying the outdoor seating area"
images_4419.jpg,286,Fire,A restaurant with a fire pit and tables with umbrellas
images_4420.jpg,286,Restaurant,A black and white photo of a restaurant with a black awning and a sign that says Casa Pedro
images_4421.jpg,0,Airplane,A blue and white airplane flying over a city
images_4422.jpg,0,Helicopter,A blue and yellow helicopter with a yellow stripe on the side
images_4423.jpg,0,Plane,A large white airplane with green and blue accents sits on the runway
images_4424.jpg,0,Plane,A small white and blue airplane with the letters G-BOYB on the side
images_4425.jpg,0,Military,A man in a camouflage uniform is holding a missile
images_4426.jpg,0,Plane,A man in a black jacket is taking a picture of a small airplane
images_4427.jpg,0,Helicopter,A black and white photo of a helicopter on a grassy field
images_4428.jpg,0,Plane,A silver and black airplane with a red and yellow propeller
images_4429.jpg,0,Plane,A large white airplane with a blue nose and propellers
images_4430.jpg,0,Plane,A large white and red airplane with the letters AFL on the side
images_4431.jpg,0,Plane,A small red and yellow airplane with the letters G-BWOW on the side is flying in the sky
images_4432.jpg,0,Plane,A small white and blue airplane with the letters G-HPFT on the side
images_4433.jpg,0,Plane,A small white and red airplane with a propeller on the front
images_4434.jpg,0,Plane,A yellow and blue airplane with a man inside
images_4435.jpg,0,Airplane,A blue and white airplane with a picture of people on the side
images_4436.jpg,0,Airplane,A white jet airplane with red and blue accents is parked in a lot
images_4437.jpg,0,Plane,A man wearing a blue shirt and a white cap is kneeling next to a yellow and blue model airplane
images_4438.jpg,0,Plane,A man in a green uniform stands next to a yellow airplane
images_4439.jpg,0,Plane,A black fighter jet with the number 309 on the side
images_4440.jpg,0,Airplane,A blue and white airplane with a red tail is on the runway
images_4441.jpg,305,Skier,A skier wearing a white helmet and a grey jacket is skiing down a snowy slope
images_4442.jpg,305,Snowboarder,A man in a brown jacket is snowboarding down a snowy hill
images_4443.jpg,305,Snowboarder,A snowboarder in a blue jacket is going down a snowy hill
images_4444.jpg,305,Skiing,A man in a blue jacket is standing on a ski slope
images_4445.jpg,305,Skiers,A group of people wearing red and white skiing in the snow
images_4446.jpg,305,Skier,A man in a white shirt is skiing down a snowy mountain
images_4447.jpg,305,Dog,A white dog standing on a snowy hill
images_4448.jpg,305,Snowboarder,A man wearing a blue jacket is laying on the snow with his snowboard
images_4449.jpg,305,Snowboarding,A group of people are skiing down a snowy hill
images_4450.jpg,305,Ski lift,A man in a blue jacket is helping a man in a red jacket get on a green sled
images_4451.jpg,305,Baby,A baby wearing a red coat with a fur trim and a green hat
images_4452.jpg,305,Mountain,A mountain range with snow covered peaks and trees
images_4453.jpg,305,Couple,A man and woman are posing for a picture in the snow
images_4454.jpg,305,Snowboarder,A man wearing a green jacket is sitting in the snow
images_4455.jpg,305,Mountains,A snowy mountain with a cabin and a fence
images_4456.jpg,305,Sun,"A snowy mountain with a sunny day, the sun is shining brightly, and the trees are bare"
images_4457.jpg,305,Snow,A snowy tree with snow on its branches and a snowy path
images_4458.jpg,305,Snow,A person in a red jacket standing on a snowy mountain top
images_4459.jpg,305,Skier,A man wearing a black jacket and red helmet is skiing down a snowy hill
images_4460.jpg,305,Skier,A man wearing a blue and yellow ski suit is skiing down a snowy slope
images_4461.jpg,356,Seal,A seal is laying on a wet surface
images_4462.jpg,356,Dog,"A dog is running on the beach, with its shadow visible on the sand"
images_4463.jpg,356,Man,A man with a dirty arm and hand is standing in a muddy field
images_4464.jpg,356,Elephant,"A group of elephants, including a baby elephant, are standing in a field"
images_4465.jpg,356,Bird,A brown bird with a yellow beak is in the water
images_4466.jpg,356,Water skiing,A man wearing a black jacket and white pants is snowboarding in a river
images_4467.jpg,356,Bear,A brown bear is walking through a field with a tree in the background
images_4468.jpg,356,Beach,A beach scene with a rocky hillside and a blue sky
images_4469.jpg,356,Giraffe,"A herd of wild animals, including a giraffe, are grazing in a grassy field"
images_4470.jpg,356,Kayak,A man in a red kayak is riding a river rapids
images_4471.jpg,356,Trees,A river with trees on the side and a field of grass
images_4472.jpg,356,Bird,A large bird with a long neck and a yellow beak standing in the water
images_4473.jpg,356,Lion,A lion swimming in a river with other lions in the background
images_4474.jpg,356,Rhino,A gray rhino drinking water from a pond
images_4475.jpg,356,Pond,A painting of a man in a boat with a man in a boat in the foreground
images_4476.jpg,356,Lion,A lion with a mane of brown and black hair is standing near a body of water
images_4477.jpg,356,Skier,"A man and a child are skiing in the snow, the man is wearing a black jacket and the child is wearing a brown jacket"
images_4478.jpg,356,Pig,A pig with a dirty face and ears standing in a muddy puddle
images_4479.jpg,356,River,A river flowing through a mountainous area with a green and brown color
images_4480.jpg,356,Swimming,"A man in a blue swimsuit is standing in a river, surrounded by three other men"
images_4481.jpg,348,City,A cityscape with a large building and a tree with green leaves
images_4482.jpg,348,Boat,A boat with a castle-like structure on top of it is reflected in the water
images_4483.jpg,348,Mountain,A beautiful view of the ocean with mountains in the background
images_4484.jpg,348,Field,A mountain side with yellow flowers and green trees
images_4485.jpg,348,City,A cityscape with a red building and a green hillside
images_4486.jpg,348,City,A blue and white cityscape with a mix of old and new buildings
images_4487.jpg,348,Temple,A group of people standing in front of a large stone building
images_4488.jpg,348,Building,"A building with a green roof and a sign that says ""Mr. Museum"
images_4489.jpg,348,Castle,A view of a building with a red roof and a green roof
images_4490.jpg,348,Forest,A green field with a forest in the background and a road running through it
images_4491.jpg,348,Castle,A car is driving past a castle with a green roof
images_4492.jpg,348,Building,A white building with a balcony and a green plant in front of it
images_4493.jpg,348,City,A view of a city with a large building and a street
images_4494.jpg,348,City,A large rocky mountain with a city below it
images_4495.jpg,348,Buildings,"A large hillside with a castle on top, surrounded by trees and greenery"
images_4496.jpg,348,Town,A mountain town with a green field and a blue roof
images_4497.jpg,348,House,A large red house with white trim is situated on a hillside
images_4498.jpg,348,City,"A view of a city from above, with a mix of green and brown buildings"
images_4499.jpg,348,House,A red brick house with a red roof and a chimney
images_4500.jpg,348,Street,A small street with a blue car parked in front of a stone building
images_4501.jpg,75,Mall,A large open mall with people sitting and standing around
images_4502.jpg,75,People,A man in a suit is standing next to a table with a sign on it
images_4503.jpg,75,Dining room,A dining room with a red table cloth and chairs
images_4504.jpg,75,Party,A group of people wearing chef hats are sitting around a table with food and wine
images_4505.jpg,75,Restaurant,A blue table with a blue and white tablecloth
images_4506.jpg,75,Party,A group of people are sitting at tables in a restaurant
images_4507.jpg,75,Bar,A bar with wooden stools and a wooden counter
images_4508.jpg,75,Parking garage,A large building with a lot of windows and a spiral staircase
images_4509.jpg,75,Taco stand,A yellow taco shop with a woman sitting at a table
images_4510.jpg,75,People,A large group of people are sitting in a room with a blue and yellow floor
images_4511.jpg,75,Bar,A bar with a blue lighting system and a large number of bottles
images_4512.jpg,75,Cafeteria,A large room with a blue bench and a black and white clock on the wall
images_4513.jpg,75,Men,"Two men sitting at a table, one wearing a suit and tie"
images_4514.jpg,75,Women,"A group of women are sitting at a table, drinking wine and posing for a picture"
images_4515.jpg,75,People,A group of people are sitting at a table outside of a building
images_4516.jpg,75,Restaurant,A restaurant with a long wooden table and red chairs
images_4517.jpg,75,Window,"A bar with a TV, a round window, and a green light"
images_4518.jpg,75,Dinner,"A group of people are sitting around a long table, enjoying a meal together"
images_4519.jpg,75,Man,A man wearing a Mario costume and holding a blue cup
images_4520.jpg,75,The sun,"A group of people are standing in front of a building with a sign that says ""The Sun Inn"
images_4521.jpg,281,Pool table,A pool table with a red table cloth and a pool stick
images_4522.jpg,281,Dining room,A fancy dining room with a table and chairs
images_4523.jpg,281,Living room,A living room with brown leather furniture and a fireplace
images_4524.jpg,281,Ping pong,A green table tennis table with a red ball on it
images_4525.jpg,281,Pool table,A pool table with a green cloth and a pool stick on top
images_4526.jpg,281,Swimming pool,A large pool with a blue tiled bottom and a blue tiled wall
images_4527.jpg,281,Pool table,A pool table with a green cloth and a pool stick
images_4528.jpg,281,Table,"A room with wooden benches and tables, and a stone wall"
images_4529.jpg,281,Pool table,"A man in a black shirt is leaning over a pool table, which is surrounded by people and various items"
images_4530.jpg,281,Couch,A brown leather couch with a table in front of it
images_4531.jpg,281,Bouncy house,A large red inflatable bounce house with a blue and red design
images_4532.jpg,281,Pool,A man in a grey shirt is playing pool in a pool hall
images_4533.jpg,281,Table,A wooden table with a blue drawer and a yellow cup
images_4534.jpg,281,Video game,A man in a black shirt is playing a video game
images_4535.jpg,281,Record player,A small electronic device with a picture of a man on the screen
images_4536.jpg,281,Arcade,A room with a black and white arcade machine and a bookshelf with a book on it
images_4537.jpg,281,Soccer table,A wooden table with a soccer table on top of it
images_4538.jpg,281,Pool,A pool table with a red cloth and a pool stick
images_4539.jpg,281,Video game,A group of men playing video games in a dark room
images_4540.jpg,281,Pool table,A pool table with a brown table top and a pool stick in the center of the room
images_4541.jpg,290,Palm tree,A view of a street with cars and a palm tree
images_4542.jpg,290,Plants,A close up of a leafy green plant with a rock in the background
images_4543.jpg,290,Plant,"A variety of plants are in a pot, including a pink flower"
images_4544.jpg,290,Plants,A table with a blue pot with a plant in it
images_4545.jpg,290,Plaque,A plaque with a man's face on it is located in front of a brick building with a window and a rock garden
images_4546.jpg,290,Plant,"A bird statue is surrounded by a variety of plants, including a cactus, in a silver bowl"
images_4547.jpg,290,Palm tree,"A row of palm trees in pots, with green leaves and a black pot"
images_4548.jpg,290,Boats,A view of a city with a large body of water and many boats
images_4549.jpg,290,Bicycle,A rusty bicycle with flowers on the handlebars and a basket on the back
images_4550.jpg,290,Flowers,A close up of a pink flower with a green stem
images_4551.jpg,290,Patio,"A small garden area with a table and chairs, potted plants, and a brick floor"
images_4552.jpg,290,City,A view of a city from a rooftop with a blue sky and a tall building in the distance
images_4553.jpg,290,Woman,A woman wearing a yellow dress with a white hat and a tattoo on her back
images_4554.jpg,290,Bird,A white bird is perched on a cage in a city
images_4555.jpg,290,Plant,A banana tree with green leaves and a yellow banana
images_4556.jpg,290,Garden,A garden with a wooden deck and a variety of plants
images_4557.jpg,290,Plants,"A variety of plants are displayed in pots, including a plant with purple flowers"
images_4558.jpg,290,Plants,A green pot with a plant in it
images_4559.jpg,290,Patio,A black and white photo of a patio with a black umbrella
images_4560.jpg,290,Flowers,"A colorful flower garden with purple, yellow, and orange flowers"
images_4561.jpg,164,Trees,A green golf course with trees in the background
images_4562.jpg,164,Golf course,A green golf course with a sandy area and a tree in the background
images_4563.jpg,164,Golf,A group of people standing in front of a BMW car
images_4564.jpg,164,Golf course,A green golf course with a yellow hole in the middle
images_4565.jpg,164,Golf,A man in a red shirt is swinging a golf club at a green golf course
images_4566.jpg,164,Golf course,A green golf course with a blue flag on the ground
images_4567.jpg,164,Golf,A man in a blue shirt is swinging a golf club
images_4568.jpg,164,Golf course,A green and white golf course sign with the number 8 on it
images_4569.jpg,164,Golf,A man in a blue shirt and khaki pants is swinging a golf club at a golf ball
images_4570.jpg,164,Flowers,A beautiful pink flower with green leaves in front of a mountain
images_4571.jpg,164,Golf,A green golf course with a man in a white shirt and black shorts walking on the grass
images_4572.jpg,164,Golf,A green golf course with a hole in the center
images_4573.jpg,164,Bicycle,A man wearing an orange shirt and black shorts riding a bicycle
images_4574.jpg,164,Golf course,A green golf course with a yellow flag sticking out of the ground
images_4575.jpg,164,Lawn,A green lawn with a concrete pathway and a potted plant
images_4576.jpg,164,Golf course,A green golf course with a green putting surface and a white bird on the ground
images_4577.jpg,164,Golf course,A green golf course with a sunny day
images_4578.jpg,164,Golf course,A green golf course with a house in the background
images_4579.jpg,164,Golf,Two men playing golf on a green course
images_4580.jpg,164,Golf,A man wearing a black shirt and white hat is holding a golf club
images_4581.jpg,196,Window,A window with a view of a desert
images_4582.jpg,196,Man,A man in a black shirt is standing on a wooden floor in a dark room
images_4583.jpg,196,Bed,A dirty room with a metal bed frame and a toilet
images_4584.jpg,196,Door,A black and white photo of a jail cell with a metal gate
images_4585.jpg,196,Bathroom,A green bathroom with a toilet and a square on the wall
images_4586.jpg,196,Toilet,A dirty bathroom with a toilet and a sink
images_4587.jpg,196,Prison,A staircase in a prison with a metal railing
images_4588.jpg,196,Bunk beds,A long hallway with bunk beds on both sides
images_4589.jpg,196,Prison,A man in a white jacket is walking down a hallway in a prison
images_4590.jpg,196,Door,A large metal door with a key slot in the middle
images_4591.jpg,196,Prison,A view of a cell with a metal door and bars
images_4592.jpg,196,Woman,A woman in a white dress stands in a dark room with a brick wall
images_4593.jpg,196,Window,A window with a view of a brick building
images_4594.jpg,196,Boy,A young boy wearing a white shirt is looking out of a window with bars
images_4595.jpg,196,Jail,A man in a striped shirt is standing in a jail cell
images_4596.jpg,196,Bathroom,A green bathroom with graffiti on the walls and a sink
images_4597.jpg,196,Cell,A row of green and white cells with numbers on the doors
images_4598.jpg,196,Bed,A bed in a prison cell with a window
images_4599.jpg,196,Prison,A dark and dreary prison cell with a stone floor
images_4600.jpg,196,Window,"A group of people sitting in a dark room, with a window behind them"
images_4601.jpg,68,Bull,A man in a white shirt and red scarf is running with a bull in a street
images_4602.jpg,68,Bull,"A man is being trampled by a bull, which is black and brown"
images_4603.jpg,68,Bull,A bull with a red cloth on its head is running in a dirt field
images_4604.jpg,68,Stadium,A red and white striped fence in front of a large building
images_4605.jpg,68,Bullfight,A man on a horse is fighting a bull in a dirt ring
images_4606.jpg,68,Bullfight,A group of men in blue uniforms are working on a dirt field
images_4607.jpg,68,Medieval,A group of people in red and black clothing are playing instruments
images_4608.jpg,68,Horse,A man is standing next to a black and white horse
images_4609.jpg,68,Bull,"A man in black is kneeling down next to a bull, which is brown and black"
images_4610.jpg,68,Bullfight,A man in a red shirt is trying to get a bull to stand up
images_4611.jpg,68,Flag,A man in a red jacket is holding a flag while a crowd of people watch
images_4612.jpg,68,Bullfight,A man in a purple and yellow outfit is holding a red cloth while a bull with a blue cloth on its horns runs by
images_4613.jpg,68,Bull,A man in a white shirt and red scarf is running from a bull
images_4614.jpg,68,Bullfight,A woman is being held by a man while a bull is being held by another man
images_4615.jpg,68,Stadium,A black and white photo of a stadium with a white surface
images_4616.jpg,68,Bullfight,A man in a yellow and pink costume stands in a dirt ring with a bull behind him
images_4617.jpg,68,Bullfight,"A man in a black shirt is standing over a dead bull, which is lying on the ground with its head cut off"
images_4618.jpg,68,Bull,A woman in a pink dress is walking towards a black cow in a dirt field
images_4619.jpg,68,Bullfight,"A man is riding a horse in a dirt ring, with a crowd of people watching"
images_4620.jpg,68,Bullfight,A man in a blue shirt and blue jeans is running in front of a bull
images_4621.jpg,192,Building,A large room with a yellow couch and a window
images_4622.jpg,192,Building,A large building with a brick facade and a rope fence in front of it
images_4623.jpg,192,Smoke stack,A large industrial building with a tall smokestack and a blue building
images_4624.jpg,192,Building,"A brick building with a sign that says ""Pilot's"" on it"
images_4625.jpg,192,Boats,A city skyline with sailboats on the water
images_4626.jpg,192,Train,A yellow and green train with a black front and a green and yellow caboose
images_4627.jpg,192,Building,A brick building with a red roof and a yellow ball on the side
images_4628.jpg,192,Ship,A large blue ship with a red stripe on the side
images_4629.jpg,192,Smoke,A black and white photo of four smokestacks with smoke coming out of them
images_4630.jpg,192,Building,A large building with a yellow fence and a blue sky
images_4631.jpg,192,Building,A large building with many windows and a yellow sign on top
images_4632.jpg,192,Building,"A large building with green and white trim, a palm tree, and a white van parked in front"
images_4633.jpg,192,City,A cityscape with a large building and a river
images_4634.jpg,192,Train,A brick building with a red door and a yellow sign
images_4635.jpg,192,Rocket,A rocket launching from a tower with a man standing on top of it
images_4636.jpg,192,Road,A street with a fence and a grassy field
images_4637.jpg,192,Factory,A large industrial plant with many tanks and pipes
images_4638.jpg,192,Building,A large building with a red roof and a flag on top
images_4639.jpg,192,Building,A large white building with a green tractor parked in front of it
images_4640.jpg,192,Sign,A large metal sculpture of a fish is on a concrete base
images_4641.jpg,276,Race,A blue car with a flame on the side is racing down the track
images_4642.jpg,276,Car,A car is driving on a track with a green light on
images_4643.jpg,276,Motorcycle,A man wearing a black and yellow motorcycle suit riding a green motorcycle
images_4644.jpg,276,Race,A purple race car with the number 99 on the side is driving on a track
images_4645.jpg,276,Car,A colorful car with a yellow and purple paint job
images_4646.jpg,276,Taxi,A man wearing a white shirt and jeans is standing next to a yellow taxi cab
images_4647.jpg,276,Car,A small blue car is driving on a curvy road
images_4648.jpg,276,Car,A yellow Mazda car with the number 66 on the side is driving on a race track
images_4649.jpg,276,Car,A yellow and black race car with a man wearing an orange shirt
images_4650.jpg,276,Car,A black car with a spoiler on the back is driving on a street
images_4651.jpg,276,Race,Two people in red racing cars on a track
images_4652.jpg,276,Car,A black car and a white car are racing on a track
images_4653.jpg,276,Race,A black car is racing down a track with a red car in front of it
images_4654.jpg,276,Dirt bike,A person riding a dirt bike on a dirt track
images_4655.jpg,276,Race,A black and white photo of a race track with a crowd of people watching the race
images_4656.jpg,276,Car,A white car with the number 12 on the side is driving on a road
images_4657.jpg,276,Car,A red sports car with a white stripe on the side is driving on a track
images_4658.jpg,276,Race,A blue and white race car with the number 24 on the side is driving on a race track
images_4659.jpg,276,Car,A black car with an orange stripe on the side is driving on a track
images_4660.jpg,276,Car,A red and white racing car with the number 9 on the side
images_4661.jpg,226,Woman,A woman in a black and white dress stands in front of a large stone building
images_4662.jpg,226,Window,A blue and white stained glass window in a church
images_4663.jpg,226,Building,A building with a yellow and white color scheme and a lot of writing on it
images_4664.jpg,226,People,A group of people walking on a sidewalk in front of a large building
images_4665.jpg,226,Statue,A statue of a woman holding a vase is the main subject of the image
images_4666.jpg,226,Building,"A large, old, and run down building with a lot of windows"
images_4667.jpg,226,Building,A woman is walking in front of a building with blue and green decorations
images_4668.jpg,226,Statue,"A statue of a woman is in a park, surrounded by trees and a fence"
images_4669.jpg,226,Cemetery,A large white building with a dome on top
images_4670.jpg,226,Grave,A stone monument with a picture of a woman on it
images_4671.jpg,226,Mosque,A white building with a green roof and a blue sky
images_4672.jpg,226,Building,A large building with a statue on top of it
images_4673.jpg,226,Taj mahal,A beautiful view of the Taj Mahal with a river in front of it
images_4674.jpg,226,Grave,A large stone monument with a tall obelisk in front of it
images_4675.jpg,226,Church,A large building with a steeple and a cross on top
images_4676.jpg,226,Grave,A stone building with a snow covered doorway and a small tree growing out of the snow
images_4677.jpg,226,Statue,A statue of a man holding a shield is in front of a building
images_4678.jpg,226,Building,A woman in an orange dress is walking in front of a red building with a dome roof
images_4679.jpg,226,Building,A large building with a green roof and a blue dome
images_4680.jpg,226,Building,A large brick building with a dome roof and a clock tower
images_4681.jpg,237,Statue,A statue of a woman holding a snake is green and white
images_4682.jpg,237,Building,A white building with a large archway and a statue of a man in front of it
images_4683.jpg,237,Cactus,A close up of a cactus with a blue sky in the background
images_4684.jpg,237,Building,A large stone building with a blue roof and white columns
images_4685.jpg,237,Building,A large white building with a pointed roof and a cross on top
images_4686.jpg,237,Building,A large building with a gold dome and blue and green trim
images_4687.jpg,237,Statue,A statue of a horse is in front of a building
images_4688.jpg,237,City,A large city with many tall buildings and a colorful kite in the foreground
images_4689.jpg,237,Cemetery,A large stone monument with a name on it
images_4690.jpg,237,Building,A large red building with a black roof and a white roof
images_4691.jpg,237,Rocket,A rocket ship is on display in a desert setting
images_4692.jpg,237,Fountain,A city park with a fountain and a city skyline in the background
images_4693.jpg,237,Church,A large stone building with a clock tower and a red door
images_4694.jpg,237,Building,A large building with a metal sculpture on the front
images_4695.jpg,237,Dinosaur,A statue of a T-Rex dinosaur in front of a building
images_4696.jpg,237,People,A group of people are standing in front of a large building with a dome on top
images_4697.jpg,237,Arch,A building with a white and brown color scheme
images_4698.jpg,237,Road,A large building with a white facade is located on a street with a green field on the side
images_4699.jpg,237,Brandenburg gate,A group of people standing in front of a building at night
images_4700.jpg,237,Temple,A large building with gold trim and a red roof
images_4701.jpg,29,Car,A blue sports car with a convertible top is parked on a blue carpet
images_4702.jpg,29,Car,A woman stands next to an orange sports car
images_4703.jpg,29,Car,A silver car with a black roof and a silver grill
images_4704.jpg,29,Car,A green vintage car is on display at a car show
images_4705.jpg,29,Car,A silver car with red and white accents
images_4706.jpg,29,Car,A black Bugatti sports car with a silver grill and a black top
images_4707.jpg,29,Car,A red sports car with a black top and a yellow logo on the front
images_4708.jpg,29,Motorcycle,"A red and white motorcycle with the word ""Alice"" on the side"
images_4709.jpg,29,Car,A silver Ford SUV with the hood open and a blue sign on top
images_4710.jpg,29,Car,A white sports car with a black tire and a silver grill
images_4711.jpg,29,Car,A black car with a chrome grill and a yellow tag
images_4712.jpg,29,Crowd,A large group of people are walking in front of a building
images_4713.jpg,29,Car,A black car with a chrome rim is parked in a showroom
images_4714.jpg,29,Cars,A row of silver and brown trucks are parked under a red and white tent
images_4715.jpg,29,Car,A close up of an orange car with a chrome grill
images_4716.jpg,29,Car,A red Fiat is parked next to an orange car
images_4717.jpg,29,Car,A red sports car with a white and black stripe on the hood
images_4718.jpg,29,Car,A black vintage car with a gold rim and the number 67 on the side
images_4719.jpg,29,Car,A white car with a license plate that reads C61XL
images_4720.jpg,29,Car,A silver car is parked in front of a Microsoft display
images_4721.jpg,184,Cabin,A wooden cabin with a gray roof and a white roof
images_4722.jpg,184,House,A blue house with a wooden deck and a tree in front of it
images_4723.jpg,184,House,A large wooden building with a green roof and a fence in front
images_4724.jpg,184,Boat,A boat is parked on the beach in front of a small house
images_4725.jpg,184,Building,A large building with a white roof and a tree in front of it
images_4726.jpg,184,House,A yellow house with a red roof and a mountain in the background
images_4727.jpg,184,House,A large brown house with a deck and a tree in front of it
images_4728.jpg,184,Building,A large building with a red roof and a green roof
images_4729.jpg,184,House,A wooden house with a deck and a green roof
images_4730.jpg,184,House,A wooden house with a deck and stairs
images_4731.jpg,184,Cabin,A wooden cabin with a deck and a green roof
images_4732.jpg,184,Shed,A wooden shed with a metal roof and a green roof
images_4733.jpg,184,Cabin,A wooden building with a brown roof and a sign on the front
images_4734.jpg,184,Barn,A wooden barn with a red roof and a white door
images_4735.jpg,184,Church,A wooden church with a red roof and a green field
images_4736.jpg,184,Building,A large brick building with a green roof and a fence in front
images_4737.jpg,184,Man,A man in camouflage standing over a dead animal
images_4738.jpg,184,House,A small cabin with a red roof and white walls
images_4739.jpg,184,People,A man is walking in front of a blue car
images_4740.jpg,184,House,A large brown house with a white garage door
images_4741.jpg,250,Concert,A man playing guitar in front of a crowd of people
images_4742.jpg,250,Woman,A woman with blonde hair is singing into a microphone while playing a guitar
images_4743.jpg,250,Man,A man in a black shirt and jeans is playing a guitar on stage
images_4744.jpg,250,DJ,A man wearing a black hat is standing in front of a laptop computer
images_4745.jpg,250,Concert,A man singing into a microphone while a crowd of people watch
images_4746.jpg,250,Band,A group of men in suits and ties are playing guitars on stage
images_4747.jpg,250,Band,A woman playing a piano with a guitarist and a drummer behind her
images_4748.jpg,250,Musicians,A man playing a cello in a room with a drum set and a speaker
images_4749.jpg,250,Musicians,"Two men playing music, one on a guitar and the other on a bass guitar"
images_4750.jpg,250,Band,A group of men playing music in a dark room
images_4751.jpg,250,Band,"A group of four people sitting on chairs, playing guitars and singing"
images_4752.jpg,250,Concert,A man in a suit and tie is playing a guitar in front of a drum set
images_4753.jpg,250,Concert,A woman singing on stage with a guitarist and drummer behind her
images_4754.jpg,250,Boy,A man in a white shirt is holding a black cat
images_4755.jpg,250,Man,A man wearing a black suit and tie is playing a guitar
images_4756.jpg,250,Band,A man in a blue shirt stands on stage with a laptop and a keyboard
images_4757.jpg,250,Band,A man holding a framed item with a guitar in the background
images_4758.jpg,250,Men,A man in a suit stands in front of a group of men in suits and ties
images_4759.jpg,250,Theater,A large auditorium with a stage and a curved ceiling
images_4760.jpg,250,Concert,"A man in a black shirt is holding a camera, capturing the excitement of a concert"
images_4761.jpg,2,Gym,A gym with a black and white color scheme
images_4762.jpg,2,People,A green and white mosaic floor with people walking on it
images_4763.jpg,2,Airplanes,A purple and white airplane with a pink tail
images_4764.jpg,2,Walkway,A group of people walking down a colorful tunnel
images_4765.jpg,2,Plant,A large potted plant with a green leaf is in the center of a large room
images_4766.jpg,2,Ceiling,A large wooden structure with many lights on it
images_4767.jpg,2,Airport,A large building with a lot of windows and a lot of people walking around
images_4768.jpg,2,Airport,A red carpet with a red border is in front of a large building
images_4769.jpg,2,Building,A large building with a white roof and a group of people walking outside
images_4770.jpg,2,China import and export,"A man in a blue shirt is standing on a balcony in front of a building with a large sign that says ""China Import and Export Fair"
images_4771.jpg,2,Arch,A large white building with a high ceiling and a large archway
images_4772.jpg,2,Transforming dublin,"A large glass dome with a sign that says ""Transforming Dublin"" in the center"
images_4773.jpg,2,People,A group of people walking down a hallway in a building
images_4774.jpg,2,Rabbit,A large red rabbit sculpture is displayed in a building
images_4775.jpg,2,Skylight,A large building with a blue sky and a green metal roof
images_4776.jpg,2,Airport,A large group of people are sitting in a large room with a lot of chairs
images_4777.jpg,2,Sign,"A window with a sign that says ""Gap"" on it"
images_4778.jpg,2,Airport,A large group of people are walking through a large building with a lot of windows
images_4779.jpg,2,Airport,Two men sitting in a waiting room with a TV on the wall
images_4780.jpg,2,Airport,A large airport with many people walking around
images_4781.jpg,220,Building,A white building with many windows and a black pole
images_4782.jpg,220,City,A large white building with a green roof is surrounded by a lush green field
images_4783.jpg,220,Wedding,A group of men in suits and ties are standing in front of a large building
images_4784.jpg,220,House,A large house with a red roof and white trim is surrounded by green trees
images_4785.jpg,220,Mansion,"A large, old, and ornate building with a clock tower and a steeple"
images_4786.jpg,220,Building,A black and white photo of a building with a staircase and a brick wall
images_4787.jpg,220,Building,A red car is parked in front of a large building with a clock tower
images_4788.jpg,220,House,A large red brick house with white columns and a green lawn
images_4789.jpg,220,Building,A large building with a clock tower and a green roof
images_4790.jpg,220,Tree,A large tree with green leaves and a brown trunk
images_4791.jpg,220,Fountain,A large white house with a fountain in front of it
images_4792.jpg,220,Building,A large brick building with many windows and a green roof
images_4793.jpg,220,Horse,A brown horse grazing in a field in front of a castle
images_4794.jpg,220,Building,A black car is parked in front of a large brick building with a red roof
images_4795.jpg,220,Rock house,A small house with a red sign that says Rock House
images_4796.jpg,220,Building,A brown building with a black gate and a white door
images_4797.jpg,220,House,A large green and white house with a red brick building in the background
images_4798.jpg,220,House,A large white house with purple flowers in front of it
images_4799.jpg,220,Building,A white building with columns and a dome on top
images_4800.jpg,220,Building,A large building with a tree in front of it
images_4801.jpg,141,Car,A car's side view mirror shows a house with a red roof
images_4802.jpg,141,Trees,A dirt road with trees on both sides
images_4803.jpg,141,Road,A dirt road with trees on the side and a sky background
images_4804.jpg,141,Sand,A dirt road with trees on either side
images_4805.jpg,141,Road,A man riding a bike on a country road with a blue sky above
images_4806.jpg,141,Road,A black and white photo of a road in a field with a cloudy sky above
images_4807.jpg,141,Road,"A road is seen in the middle of a desert, with a mountain in the background"
images_4808.jpg,141,Road,A sign on a pole with a green background and white text
images_4809.jpg,141,Road,A roadway with green grass on the side and a tree in the background
images_4810.jpg,141,People,"A group of people standing on the side of a road, with a white airplane in the background"
images_4811.jpg,141,Snow,A snowy road with a car driving down it
images_4812.jpg,141,Road,A person wearing a striped shirt is walking on a dirt road in a green field
images_4813.jpg,141,Road,A dirt road with a house in the background
images_4814.jpg,141,Car,A blue car is driving down a road next to a large white sphere
images_4815.jpg,141,Bicycle,A man wearing a helmet and riding a bicycle on a sandy path
images_4816.jpg,141,Field,A large field of green grass with a dirt road running through it
images_4817.jpg,141,Road,A dirt road with a group of people walking down it
images_4818.jpg,141,Road,A black and white photo of a road with power lines above it
images_4819.jpg,141,Bicycle,A black and white photo of a group of men riding bicycles down a dirt road
images_4820.jpg,141,Train,A train with orange and black colors is traveling down the tracks
images_4821.jpg,64,Bowling,A man and a child are playing bowling in a bowling alley
images_4822.jpg,64,Woman,A woman wearing a black dress and a blue shirt stands in a gym
images_4823.jpg,64,Bowling,A group of people wearing red shirts and holding bowling balls
images_4824.jpg,64,Bowling,A man in a white shirt is bowling in a bowling alley
images_4825.jpg,64,Bowling,A man in a black shirt is bowling in a bowling alley
images_4826.jpg,64,Bowling,A group of people wearing medals and standing in front of a bowling alley
images_4827.jpg,64,Man,A man holding a red ball in a bowling alley
images_4828.jpg,64,Shoes,A pair of red and black shoes with white laces
images_4829.jpg,64,Bowling,A woman in a black shirt is bowling with a man in a white shirt
images_4830.jpg,64,Bowling alley,A dark room with a wooden floor and a bowling alley
images_4831.jpg,64,Bowling,A bowling alley with a wooden floor and a blue wall
images_4832.jpg,64,Bowling,A bowling alley with a red couch and a black and red chair
images_4833.jpg,64,Bowling,A bowling alley with purple lighting and blue flooring
images_4834.jpg,64,Bowling,A woman wearing blue jeans and a blue shirt is bowling
images_4835.jpg,64,Bowling alley,A bowling alley with a blue trash can
images_4836.jpg,64,Bowling,A bowling alley with purple walls and flooring
images_4837.jpg,64,Paintings,A colorful painting of a surfboard with a man on it
images_4838.jpg,64,Bowling,A person wearing a white shirt and blue jeans is standing in a bowling alley
images_4839.jpg,64,Bowling,A drawing of a bowling alley with people in it
images_4840.jpg,64,Bowling,A bowling alley with a wooden floor and a yellow wall
images_4841.jpg,267,Plate,A plate with a pastry on it
images_4842.jpg,267,Pizza,A sign for a pizza restaurant with a white background and red lettering
images_4843.jpg,267,Pizza,A red and white pizza shop with a Coca Cola sign on the side
images_4844.jpg,267,Pizza,Two women are posing for a picture with a slice of pizza in front of them
images_4845.jpg,267,People,A man in a blue shirt is sitting at a table in a restaurant
images_4846.jpg,267,Pizza,A man wearing a black hat and white shirt is holding a pizza with green toppings
images_4847.jpg,267,Pizza,A pizza with meat and cheese on a pan
images_4848.jpg,267,Cake,A large tray of food with a yellow sauce and a lot of cheese
images_4849.jpg,267,Pizza,A slice of pizza with cheese and meat toppings
images_4850.jpg,267,Food,A plate of food with a bowl of soup and a piece of meat
images_4851.jpg,267,Pizza,A man in a red shirt is smiling next to a large pizza with a lot of toppings
images_4852.jpg,267,Pizza,"A red door with a sign on it that says ""pizza a la exporter"
images_4853.jpg,267,Pizza,A display case with pizza in it
images_4854.jpg,267,Pizza,A person is touching a pizza on a table with a pizza on the right side
images_4855.jpg,267,Pizza,A man wearing glasses is preparing a pizza in a kitchen
images_4856.jpg,267,Sandwich,A plate with two sandwiches on it
images_4857.jpg,267,Woman,A woman in a purple shirt is eating a piece of pie
images_4858.jpg,267,Pasta,A slice of lasagna with cheese and meat on a white plate
images_4859.jpg,267,Pizza,Two men are sitting at a table with pizza and beer
images_4860.jpg,267,Pizza,A slice of pizza with tomato sauce and cheese on a white plate
images_4861.jpg,353,Swimming,A young boy in a brown shirt swimming in a pool with other people
images_4862.jpg,353,Man,A man in a yellow shirt and blue shorts is walking through a bubble
images_4863.jpg,353,Ride,"A woman and a child are riding a carousel, with the woman wearing a white shirt and the child wearing a purple shirt"
images_4864.jpg,353,Water slide,A girl in a bikini is riding a yellow water slide
images_4865.jpg,353,Baby,A woman in a black bikini holding a baby in a pink bikini
images_4866.jpg,353,Swimming pool,A resort with a large pool and palm trees
images_4867.jpg,353,Swimming pool,A group of people are swimming in a pool with a mountain in the background
images_4868.jpg,353,Carnival,"A colorful carnival with a Ferris wheel, roller coaster, and other rides"
images_4869.jpg,353,Dolphin,A person is riding a dolphin in a swimming pool
images_4870.jpg,353,Seal,"A seal is in the water, splashing and looking at the camera"
images_4871.jpg,353,Water slide,A blue and yellow water slide with a yellow and blue tube
images_4872.jpg,353,Water slide,A woman in a bikini is sliding down a blue water slide
images_4873.jpg,353,Swimming pool,A group of children playing in a water playground
images_4874.jpg,353,Water slide,A man and a child are riding a yellow raft in a wave pool
images_4875.jpg,353,Water,"Two boys are playing in a water fountain, one is wearing black shorts and the other is wearing green shorts"
images_4876.jpg,353,Swimming pool,A blue slide in a park with a fence in front
images_4877.jpg,353,Miniature golf,"A large indoor playground with a cactus theme, including a cactus water fountain, a cactus waterfall, and a cactus tree"
images_4878.jpg,353,Water slide,A colorful and textured amusement park ride with a blue and orange color scheme
images_4879.jpg,353,Swimming,A woman and two children are swimming in a pool
images_4880.jpg,353,Swimming pool,Two women wearing goggles and swimsuits are in a swimming pool
images_4881.jpg,248,Hospital,A white table with a black stool in front of it
images_4882.jpg,248,Surgeons,A group of doctors wearing blue scrubs are working on a patient
images_4883.jpg,248,Baby,A man wearing a blue shirt and blue scrubs is holding a baby
images_4884.jpg,248,Surgeons,Two doctors wearing green scrubs are working on a patient
images_4885.jpg,248,Surgeons,A man in a blue shirt is working on a patient in a hospital
images_4886.jpg,248,Doctor,A group of doctors wearing blue scrubs are standing in a hospital room
images_4887.jpg,248,Hospital,A room with a table and a clock on the wall
images_4888.jpg,248,Surgeons,A group of doctors wearing blue scrubs are working on a patient
images_4889.jpg,248,Surgery,A room with a table and a chair with a black leather seat
images_4890.jpg,248,Hospital,"A hospital room with a bed, a TV, and a window"
images_4891.jpg,248,Surgeons,A group of doctors wearing blue scrubs are working on a patient in a hospital room
images_4892.jpg,248,Medical,A man wearing a blue shirt and a yellow mask is standing next to a man wearing a blue shirt and a white mask
images_4893.jpg,248,Surgeon,A surgeon is performing a surgery on a patient
images_4894.jpg,248,Hospital,A man in a blue shirt is standing in a hospital room
images_4895.jpg,248,Surgeons,Two doctors wearing blue scrubs are working on a patient
images_4896.jpg,248,Dental,"A room with a lot of dental equipment, including a green chair"
images_4897.jpg,248,Hospital,"A room with a large machine, a table with a blue cloth, and a person in a white shirt"
images_4898.jpg,248,Hospital,A woman wearing a red hooded sweatshirt is sitting on the floor in a hospital room
images_4899.jpg,248,Doctor,A woman in a white shirt and black pants is standing next to a man lying on a table
images_4900.jpg,248,Hospital,A large room with a green wall and a blue floor
images_4901.jpg,97,Castle,A large stone building with a blue sky in the background
images_4902.jpg,97,Man,A man in a black shirt is walking on a beach
images_4903.jpg,97,Statue,A statue of a man with a black color and a stone texture
images_4904.jpg,97,Ocean,A picture of the ocean with waves crashing on the rocks
images_4905.jpg,97,Lake,A view of a lake with a forest in the background
images_4906.jpg,97,Houses,"A colorful hillside with a mix of yellow, red, and green houses, a blue ocean, and a rocky cliff"
images_4907.jpg,97,Ocean,A large body of water with a wave crashing on the shore
images_4908.jpg,97,Boat,A yellow building with a blue roof is situated on a waterfront
images_4909.jpg,97,Rock,A large rock in the middle of the ocean with a blue water background
images_4910.jpg,97,Beach,A woman in a yellow and black jacket is pushing a stroller on a boardwalk
images_4911.jpg,97,Ocean,A beach scene with a blue sky and ocean waves
images_4912.jpg,97,Beach,A man standing on a beach with a mountain in the background
images_4913.jpg,97,Boat,"A boy is standing on a boat that is painted red, yellow, and blue"
images_4914.jpg,97,Boat,A man in a black wetsuit is standing in the water next to a boat
images_4915.jpg,97,Ocean,A beautiful view of the ocean with a green hillside and a blue sky
images_4916.jpg,97,Lighthouse,A beach scene with a green light on a pole and a rock jetty
images_4917.jpg,97,Ocean,A beautiful blue ocean with a moon in the sky
images_4918.jpg,97,Ocean,A rock jetty with a body of water and a beach in the background
images_4919.jpg,97,Castle,A large building with a blue roof is situated on a hill overlooking a body of water
images_4920.jpg,97,Ocean,A view of the ocean with a cliff in the background
images_4921.jpg,345,Garden,A garden path with yellow flowers and green bushes
images_4922.jpg,345,Garden,"A stone pedestal with a vase on top, surrounded by flowers and greenery"
images_4923.jpg,345,Plants,A plant with green leaves and stems in a pot
images_4924.jpg,345,Flowers,A flowering tree with pink flowers and green leaves
images_4925.jpg,345,Plants,A green plant with yellow flowers in a field
images_4926.jpg,345,Tree,A tree in a yard with a brick wall and a small house
images_4927.jpg,345,Flowers,A yellow flower with a bee on it
images_4928.jpg,345,Plant,A black trash can with a sign on it
images_4929.jpg,345,Plant,A small green plant is growing in a wooden box filled with soil
images_4930.jpg,345,Garden,"A garden with a variety of flowers and plants, including white flowers, green plants, and red flowers"
images_4931.jpg,345,Flowers,A pink flower with yellow centers and green leaves
images_4932.jpg,345,Garden,A garden with a variety of plants and a wooden fence
images_4933.jpg,345,Butterfly,A white and black butterfly is perched on a leaf
images_4934.jpg,345,Tomatoes,A green plant with many tomatoes growing on it
images_4935.jpg,345,Orchard,A man in a red shirt is walking down a path between rows of trees
images_4936.jpg,345,Plants,"A greenhouse filled with a variety of plants, including a row of green plants and a row of yellow plants"
images_4937.jpg,345,Pumpkin,A garden with a variety of pumpkins and squash
images_4938.jpg,345,Garden,A garden with purple flowers and green plants
images_4939.jpg,345,House,A white house with green trim and a tree in front of it
images_4940.jpg,345,Garden,"A garden with a variety of plants, including tomatoes, and a wooden fence"
images_4941.jpg,340,Men,"A group of men working on a construction site, wearing blue jeans and white shirts"
images_4942.jpg,340,Trail,A wooden sign with a trail marker on it
images_4943.jpg,340,Digging,A group of people are working on a project in a dirt field
images_4944.jpg,340,Waterfall,A flow of orange water with rocks and a tree in the background
images_4945.jpg,340,Tree,A tree with a chain on it and a dirt hill
images_4946.jpg,340,Stairs,A large stone staircase with a shadow cast on the steps
images_4947.jpg,340,Boy,A boy in a black shirt and white shorts is sitting in a hole
images_4948.jpg,340,Pipe,A white pipe is laying in the dirt with green caps on it
images_4949.jpg,340,Tire,A black and white photo of a pile of old tires
images_4950.jpg,340,Dirt,A man standing in a dirt pit with a yellow object in the middle
images_4951.jpg,340,Fence,A field of brown grass with a metal fence and a metal barrel
images_4952.jpg,340,Stone wall,A stone wall with a shadow of a tree on it
images_4953.jpg,340,Tree,A black and white photo of a tree in a field with a small stream of water
images_4954.jpg,340,Construction,A group of people wearing blue jackets and blue jeans are posing for a picture
images_4955.jpg,340,Stairs,A snowy staircase with a metal railing
images_4956.jpg,340,Tarp,A large piece of plastic is laying on the ground
images_4957.jpg,340,Man,A man wearing a yellow vest and sunglasses stands on a dirt road
images_4958.jpg,340,Road,A yellow construction vehicle is driving on a dirt road
images_4959.jpg,340,Man,A man wearing a striped hat is working on a leather item
images_4960.jpg,340,Dirt,A dirt road is being built in a field with a rocky hillside
images_4961.jpg,152,Road,A tree-lined road with a yellow line in the middle
images_4962.jpg,152,Path,"A dirt road with trees on either side, the sun is setting in the background"
images_4963.jpg,152,Tree,A snowy tree with snow on it
images_4964.jpg,152,Road,"A road with trees on either side, the road is dark grey and the trees are green"
images_4965.jpg,152,Trees,A highway with a metal guard rail and trees with red leaves
images_4966.jpg,152,Road,A tree-lined road with a yellow line in the middle
images_4967.jpg,152,Road,A car window view of a foggy road with trees and a house in the background
images_4968.jpg,152,Path,A dark pathway with a yellow light on the side of the road
images_4969.jpg,152,Road,A black and white photo of a road with trees and mountains in the background
images_4970.jpg,152,Yellow sign,A yellow sign on a pole with a green background
images_4971.jpg,152,Road,A woman wearing a pink shirt and brown pants is walking down a road with a kangaroo in the background
images_4972.jpg,152,Mountain,A wooden fence with a view of mountains in the background
images_4973.jpg,152,Woman and child,A woman and a child walking down a road
images_4974.jpg,152,Railroad,A sunny day at Cape Cod Rail Trail
images_4975.jpg,152,Tunnel,A roadway with a tunnel in the distance
images_4976.jpg,152,Road,A road with trees on the side and a gray road
images_4977.jpg,152,Horse,A black horse walking down a road with a rocky surface
images_4978.jpg,152,Car,A white car is parked on the side of a road
images_4979.jpg,152,Man,A man wearing a blue jacket and blue jeans is walking down a rain-soaked road
images_4980.jpg,152,Road,A tree lined road with green trees and a white line
images_4981.jpg,272,Porch,A wooden bench is sitting on a porch with a blue roof
images_4982.jpg,272,Porch,A house with a black door and a white porch
images_4983.jpg,272,Swimming pool,A long hallway with a pool in the middle and a white color scheme
images_4984.jpg,272,Table,Three women sitting at a table with a colorful tablecloth and a variety of drinks and condiments
images_4985.jpg,272,Door,A doorway with a green door and a black mat
images_4986.jpg,272,Rooster,A black and red bird is standing on a wooden deck
images_4987.jpg,272,Door,A brick building with a brown door and a sign on the side
images_4988.jpg,272,Stairs,A brick building with a balcony and a window
images_4989.jpg,272,Bride,A woman in a white dress is standing on a porch with a flower arrangement in front of her
images_4990.jpg,272,Patio,"A group of people are sitting on a porch swing, with a potted plant nearby"
images_4991.jpg,272,Patio,A patio with a couch and a table with a brown color and a white color
images_4992.jpg,272,Stairs,A wooden house with a red door and a white window
images_4993.jpg,272,Man,A man wearing a red and white striped shirt is standing in front of a green wall
images_4994.jpg,272,Patio,A view of the beach from a balcony with a white railing and blue chairs
images_4995.jpg,272,Patio,"A deck with a black chair and a white chair, a green field, and a view of a golf course"
images_4996.jpg,272,Patio,A view of a patio with a white chair and a table with a white tablecloth
images_4997.jpg,272,Man,A man is sitting in a wooden chair with a white shirt and blue shorts
images_4998.jpg,272,Deck,A white chair with a white cushion on a deck
images_4999.jpg,272,Dog,A pig is standing in the grass in front of a house
images_5000.jpg,272,House,A yellow house with a white porch and a dog sitting on the porch
