filename,label
AMLdataset/release/images\images_1.jpg,354
AMLdataset/release/images_augmentation\aug_0_images_1.jpg,354
AMLdataset/release/images_augmentation\aug_1_images_1.jpg,354
AMLdataset/release/images\images_2.jpg,354
AMLdataset/release/images_augmentation\aug_0_images_2.jpg,354
AMLdataset/release/images_augmentation\aug_1_images_2.jpg,354
AMLdataset/release/images\images_3.jpg,354
AMLdataset/release/images_augmentation\aug_0_images_3.jpg,354
AMLdataset/release/images_augmentation\aug_1_images_3.jpg,354
AMLdataset/release/images\images_4.jpg,354
AMLdataset/release/images_augmentation\aug_0_images_4.jpg,354
AMLdataset/release/images_augmentation\aug_1_images_4.jpg,354
AMLdataset/release/images\images_5.jpg,354
AMLdataset/release/images_augmentation\aug_0_images_5.jpg,354
AMLdataset/release/images_augmentation\aug_1_images_5.jpg,354
AMLdataset/release/images\images_6.jpg,354
AMLdataset/release/images_augmentation\aug_0_images_6.jpg,354
AMLdataset/release/images_augmentation\aug_1_images_6.jpg,354
AMLdataset/release/images\images_7.jpg,354
AMLdataset/release/images_augmentation\aug_0_images_7.jpg,354
AMLdataset/release/images_augmentation\aug_1_images_7.jpg,354
AMLdataset/release/images\images_8.jpg,354
AMLdataset/release/images_augmentation\aug_0_images_8.jpg,354
AMLdataset/release/images_augmentation\aug_1_images_8.jpg,354
AMLdataset/release/images\images_9.jpg,354
AMLdataset/release/images_augmentation\aug_0_images_9.jpg,354
AMLdataset/release/images_augmentation\aug_1_images_9.jpg,354
AMLdataset/release/images\images_10.jpg,354
AMLdataset/release/images_augmentation\aug_0_images_10.jpg,354
AMLdataset/release/images_augmentation\aug_1_images_10.jpg,354
AMLdataset/release/images\images_11.jpg,354
AMLdataset/release/images_augmentation\aug_0_images_11.jpg,354
AMLdataset/release/images_augmentation\aug_1_images_11.jpg,354
AMLdataset/release/images\images_12.jpg,354
AMLdataset/release/images_augmentation\aug_0_images_12.jpg,354
AMLdataset/release/images_augmentation\aug_1_images_12.jpg,354
AMLdataset/release/images\images_13.jpg,354
AMLdataset/release/images_augmentation\aug_0_images_13.jpg,354
AMLdataset/release/images_augmentation\aug_1_images_13.jpg,354
AMLdataset/release/images\images_14.jpg,354
AMLdataset/release/images_augmentation\aug_0_images_14.jpg,354
AMLdataset/release/images_augmentation\aug_1_images_14.jpg,354
AMLdataset/release/images\images_15.jpg,354
AMLdataset/release/images_augmentation\aug_0_images_15.jpg,354
AMLdataset/release/images_augmentation\aug_1_images_15.jpg,354
AMLdataset/release/images\images_16.jpg,354
AMLdataset/release/images_augmentation\aug_0_images_16.jpg,354
AMLdataset/release/images_augmentation\aug_1_images_16.jpg,354
AMLdataset/release/images\images_17.jpg,354
AMLdataset/release/images_augmentation\aug_0_images_17.jpg,354
AMLdataset/release/images_augmentation\aug_1_images_17.jpg,354
AMLdataset/release/images\images_18.jpg,354
AMLdataset/release/images_augmentation\aug_0_images_18.jpg,354
AMLdataset/release/images_augmentation\aug_1_images_18.jpg,354
AMLdataset/release/images\images_19.jpg,354
AMLdataset/release/images_augmentation\aug_0_images_19.jpg,354
AMLdataset/release/images_augmentation\aug_1_images_19.jpg,354
AMLdataset/release/images\images_20.jpg,354
AMLdataset/release/images_augmentation\aug_0_images_20.jpg,354
AMLdataset/release/images_augmentation\aug_1_images_20.jpg,354
AMLdataset/release/images\images_21.jpg,325
AMLdataset/release/images_augmentation\aug_0_images_21.jpg,325
AMLdataset/release/images_augmentation\aug_1_images_21.jpg,325
AMLdataset/release/images\images_22.jpg,325
AMLdataset/release/images_augmentation\aug_0_images_22.jpg,325
AMLdataset/release/images_augmentation\aug_1_images_22.jpg,325
AMLdataset/release/images\images_23.jpg,325
AMLdataset/release/images_augmentation\aug_0_images_23.jpg,325
AMLdataset/release/images_augmentation\aug_1_images_23.jpg,325
AMLdataset/release/images\images_24.jpg,325
AMLdataset/release/images_augmentation\aug_0_images_24.jpg,325
AMLdataset/release/images_augmentation\aug_1_images_24.jpg,325
AMLdataset/release/images\images_25.jpg,325
AMLdataset/release/images_augmentation\aug_0_images_25.jpg,325
AMLdataset/release/images_augmentation\aug_1_images_25.jpg,325
AMLdataset/release/images\images_26.jpg,325
AMLdataset/release/images_augmentation\aug_0_images_26.jpg,325
AMLdataset/release/images_augmentation\aug_1_images_26.jpg,325
AMLdataset/release/images\images_27.jpg,325
AMLdataset/release/images_augmentation\aug_0_images_27.jpg,325
AMLdataset/release/images_augmentation\aug_1_images_27.jpg,325
AMLdataset/release/images\images_28.jpg,325
AMLdataset/release/images_augmentation\aug_0_images_28.jpg,325
AMLdataset/release/images_augmentation\aug_1_images_28.jpg,325
AMLdataset/release/images\images_29.jpg,325
AMLdataset/release/images_augmentation\aug_0_images_29.jpg,325
AMLdataset/release/images_augmentation\aug_1_images_29.jpg,325
AMLdataset/release/images\images_30.jpg,325
AMLdataset/release/images_augmentation\aug_0_images_30.jpg,325
AMLdataset/release/images_augmentation\aug_1_images_30.jpg,325
AMLdataset/release/images\images_31.jpg,325
AMLdataset/release/images_augmentation\aug_0_images_31.jpg,325
AMLdataset/release/images_augmentation\aug_1_images_31.jpg,325
AMLdataset/release/images\images_32.jpg,325
AMLdataset/release/images_augmentation\aug_0_images_32.jpg,325
AMLdataset/release/images_augmentation\aug_1_images_32.jpg,325
AMLdataset/release/images\images_33.jpg,325
AMLdataset/release/images_augmentation\aug_0_images_33.jpg,325
AMLdataset/release/images_augmentation\aug_1_images_33.jpg,325
AMLdataset/release/images\images_34.jpg,325
AMLdataset/release/images_augmentation\aug_0_images_34.jpg,325
AMLdataset/release/images_augmentation\aug_1_images_34.jpg,325
AMLdataset/release/images\images_35.jpg,325
AMLdataset/release/images_augmentation\aug_0_images_35.jpg,325
AMLdataset/release/images_augmentation\aug_1_images_35.jpg,325
AMLdataset/release/images\images_36.jpg,325
AMLdataset/release/images_augmentation\aug_0_images_36.jpg,325
AMLdataset/release/images_augmentation\aug_1_images_36.jpg,325
AMLdataset/release/images\images_37.jpg,325
AMLdataset/release/images_augmentation\aug_0_images_37.jpg,325
AMLdataset/release/images_augmentation\aug_1_images_37.jpg,325
AMLdataset/release/images\images_38.jpg,325
AMLdataset/release/images_augmentation\aug_0_images_38.jpg,325
AMLdataset/release/images_augmentation\aug_1_images_38.jpg,325
AMLdataset/release/images\images_39.jpg,325
AMLdataset/release/images_augmentation\aug_0_images_39.jpg,325
AMLdataset/release/images_augmentation\aug_1_images_39.jpg,325
AMLdataset/release/images\images_40.jpg,325
AMLdataset/release/images_augmentation\aug_0_images_40.jpg,325
AMLdataset/release/images_augmentation\aug_1_images_40.jpg,325
AMLdataset/release/images\images_41.jpg,72
AMLdataset/release/images_augmentation\aug_0_images_41.jpg,72
AMLdataset/release/images_augmentation\aug_1_images_41.jpg,72
AMLdataset/release/images\images_42.jpg,72
AMLdataset/release/images_augmentation\aug_0_images_42.jpg,72
AMLdataset/release/images_augmentation\aug_1_images_42.jpg,72
AMLdataset/release/images\images_43.jpg,72
AMLdataset/release/images_augmentation\aug_0_images_43.jpg,72
AMLdataset/release/images_augmentation\aug_1_images_43.jpg,72
AMLdataset/release/images\images_44.jpg,72
AMLdataset/release/images_augmentation\aug_0_images_44.jpg,72
AMLdataset/release/images_augmentation\aug_1_images_44.jpg,72
AMLdataset/release/images\images_45.jpg,72
AMLdataset/release/images_augmentation\aug_0_images_45.jpg,72
AMLdataset/release/images_augmentation\aug_1_images_45.jpg,72
AMLdataset/release/images\images_46.jpg,72
AMLdataset/release/images_augmentation\aug_0_images_46.jpg,72
AMLdataset/release/images_augmentation\aug_1_images_46.jpg,72
AMLdataset/release/images\images_47.jpg,72
AMLdataset/release/images_augmentation\aug_0_images_47.jpg,72
AMLdataset/release/images_augmentation\aug_1_images_47.jpg,72
AMLdataset/release/images\images_48.jpg,72
AMLdataset/release/images_augmentation\aug_0_images_48.jpg,72
AMLdataset/release/images_augmentation\aug_1_images_48.jpg,72
AMLdataset/release/images\images_49.jpg,72
AMLdataset/release/images_augmentation\aug_0_images_49.jpg,72
AMLdataset/release/images_augmentation\aug_1_images_49.jpg,72
AMLdataset/release/images\images_50.jpg,72
AMLdataset/release/images_augmentation\aug_0_images_50.jpg,72
AMLdataset/release/images_augmentation\aug_1_images_50.jpg,72
AMLdataset/release/images\images_51.jpg,72
AMLdataset/release/images_augmentation\aug_0_images_51.jpg,72
AMLdataset/release/images_augmentation\aug_1_images_51.jpg,72
AMLdataset/release/images\images_52.jpg,72
AMLdataset/release/images_augmentation\aug_0_images_52.jpg,72
AMLdataset/release/images_augmentation\aug_1_images_52.jpg,72
AMLdataset/release/images\images_53.jpg,72
AMLdataset/release/images_augmentation\aug_0_images_53.jpg,72
AMLdataset/release/images_augmentation\aug_1_images_53.jpg,72
AMLdataset/release/images\images_54.jpg,72
AMLdataset/release/images_augmentation\aug_0_images_54.jpg,72
AMLdataset/release/images_augmentation\aug_1_images_54.jpg,72
AMLdataset/release/images\images_55.jpg,72
AMLdataset/release/images_augmentation\aug_0_images_55.jpg,72
AMLdataset/release/images_augmentation\aug_1_images_55.jpg,72
AMLdataset/release/images\images_56.jpg,72
AMLdataset/release/images_augmentation\aug_0_images_56.jpg,72
AMLdataset/release/images_augmentation\aug_1_images_56.jpg,72
AMLdataset/release/images\images_57.jpg,72
AMLdataset/release/images_augmentation\aug_0_images_57.jpg,72
AMLdataset/release/images_augmentation\aug_1_images_57.jpg,72
AMLdataset/release/images\images_58.jpg,72
AMLdataset/release/images_augmentation\aug_0_images_58.jpg,72
AMLdataset/release/images_augmentation\aug_1_images_58.jpg,72
AMLdataset/release/images\images_59.jpg,72
AMLdataset/release/images_augmentation\aug_0_images_59.jpg,72
AMLdataset/release/images_augmentation\aug_1_images_59.jpg,72
AMLdataset/release/images\images_60.jpg,72
AMLdataset/release/images\images_61.jpg,285
AMLdataset/release/images_augmentation\aug_0_images_61.jpg,285
AMLdataset/release/images_augmentation\aug_1_images_61.jpg,285
AMLdataset/release/images\images_62.jpg,285
AMLdataset/release/images_augmentation\aug_0_images_62.jpg,285
AMLdataset/release/images_augmentation\aug_1_images_62.jpg,285
AMLdataset/release/images\images_63.jpg,285
AMLdataset/release/images_augmentation\aug_0_images_63.jpg,285
AMLdataset/release/images_augmentation\aug_1_images_63.jpg,285
AMLdataset/release/images\images_64.jpg,285
AMLdataset/release/images_augmentation\aug_0_images_64.jpg,285
AMLdataset/release/images_augmentation\aug_1_images_64.jpg,285
AMLdataset/release/images\images_65.jpg,285
AMLdataset/release/images_augmentation\aug_0_images_65.jpg,285
AMLdataset/release/images_augmentation\aug_1_images_65.jpg,285
AMLdataset/release/images\images_66.jpg,285
AMLdataset/release/images_augmentation\aug_0_images_66.jpg,285
AMLdataset/release/images_augmentation\aug_1_images_66.jpg,285
AMLdataset/release/images\images_67.jpg,285
AMLdataset/release/images_augmentation\aug_0_images_67.jpg,285
AMLdataset/release/images_augmentation\aug_1_images_67.jpg,285
AMLdataset/release/images\images_68.jpg,285
AMLdataset/release/images_augmentation\aug_0_images_68.jpg,285
AMLdataset/release/images_augmentation\aug_1_images_68.jpg,285
AMLdataset/release/images\images_69.jpg,285
AMLdataset/release/images_augmentation\aug_0_images_69.jpg,285
AMLdataset/release/images_augmentation\aug_1_images_69.jpg,285
AMLdataset/release/images\images_70.jpg,285
AMLdataset/release/images_augmentation\aug_0_images_70.jpg,285
AMLdataset/release/images_augmentation\aug_1_images_70.jpg,285
AMLdataset/release/images\images_71.jpg,285
AMLdataset/release/images_augmentation\aug_0_images_71.jpg,285
AMLdataset/release/images_augmentation\aug_1_images_71.jpg,285
AMLdataset/release/images\images_72.jpg,285
AMLdataset/release/images_augmentation\aug_0_images_72.jpg,285
AMLdataset/release/images_augmentation\aug_1_images_72.jpg,285
AMLdataset/release/images\images_73.jpg,285
AMLdataset/release/images_augmentation\aug_0_images_73.jpg,285
AMLdataset/release/images_augmentation\aug_1_images_73.jpg,285
AMLdataset/release/images\images_74.jpg,285
AMLdataset/release/images_augmentation\aug_0_images_74.jpg,285
AMLdataset/release/images_augmentation\aug_1_images_74.jpg,285
AMLdataset/release/images\images_75.jpg,285
AMLdataset/release/images_augmentation\aug_0_images_75.jpg,285
AMLdataset/release/images_augmentation\aug_1_images_75.jpg,285
AMLdataset/release/images\images_76.jpg,285
AMLdataset/release/images_augmentation\aug_0_images_76.jpg,285
AMLdataset/release/images_augmentation\aug_1_images_76.jpg,285
AMLdataset/release/images\images_77.jpg,285
AMLdataset/release/images_augmentation\aug_0_images_77.jpg,285
AMLdataset/release/images_augmentation\aug_1_images_77.jpg,285
AMLdataset/release/images\images_78.jpg,285
AMLdataset/release/images_augmentation\aug_0_images_78.jpg,285
AMLdataset/release/images_augmentation\aug_1_images_78.jpg,285
AMLdataset/release/images\images_79.jpg,285
AMLdataset/release/images_augmentation\aug_0_images_79.jpg,285
AMLdataset/release/images_augmentation\aug_1_images_79.jpg,285
AMLdataset/release/images\images_80.jpg,285
AMLdataset/release/images_augmentation\aug_0_images_80.jpg,285
AMLdataset/release/images_augmentation\aug_1_images_80.jpg,285
AMLdataset/release/images\images_81.jpg,217
AMLdataset/release/images_augmentation\aug_0_images_81.jpg,217
AMLdataset/release/images_augmentation\aug_1_images_81.jpg,217
AMLdataset/release/images\images_82.jpg,217
AMLdataset/release/images_augmentation\aug_0_images_82.jpg,217
AMLdataset/release/images_augmentation\aug_1_images_82.jpg,217
AMLdataset/release/images\images_83.jpg,217
AMLdataset/release/images_augmentation\aug_0_images_83.jpg,217
AMLdataset/release/images_augmentation\aug_1_images_83.jpg,217
AMLdataset/release/images\images_84.jpg,217
AMLdataset/release/images_augmentation\aug_0_images_84.jpg,217
AMLdataset/release/images_augmentation\aug_1_images_84.jpg,217
AMLdataset/release/images\images_85.jpg,217
AMLdataset/release/images_augmentation\aug_0_images_85.jpg,217
AMLdataset/release/images_augmentation\aug_1_images_85.jpg,217
AMLdataset/release/images\images_86.jpg,217
AMLdataset/release/images_augmentation\aug_0_images_86.jpg,217
AMLdataset/release/images_augmentation\aug_1_images_86.jpg,217
AMLdataset/release/images\images_87.jpg,217
AMLdataset/release/images_augmentation\aug_0_images_87.jpg,217
AMLdataset/release/images_augmentation\aug_1_images_87.jpg,217
AMLdataset/release/images\images_88.jpg,217
AMLdataset/release/images_augmentation\aug_0_images_88.jpg,217
AMLdataset/release/images_augmentation\aug_1_images_88.jpg,217
AMLdataset/release/images\images_89.jpg,217
AMLdataset/release/images_augmentation\aug_0_images_89.jpg,217
AMLdataset/release/images_augmentation\aug_1_images_89.jpg,217
AMLdataset/release/images\images_90.jpg,217
AMLdataset/release/images_augmentation\aug_0_images_90.jpg,217
AMLdataset/release/images_augmentation\aug_1_images_90.jpg,217
AMLdataset/release/images\images_91.jpg,217
AMLdataset/release/images_augmentation\aug_0_images_91.jpg,217
AMLdataset/release/images_augmentation\aug_1_images_91.jpg,217
AMLdataset/release/images\images_92.jpg,217
AMLdataset/release/images_augmentation\aug_0_images_92.jpg,217
AMLdataset/release/images_augmentation\aug_1_images_92.jpg,217
AMLdataset/release/images\images_93.jpg,217
AMLdataset/release/images_augmentation\aug_0_images_93.jpg,217
AMLdataset/release/images_augmentation\aug_1_images_93.jpg,217
AMLdataset/release/images\images_94.jpg,217
AMLdataset/release/images_augmentation\aug_0_images_94.jpg,217
AMLdataset/release/images_augmentation\aug_1_images_94.jpg,217
AMLdataset/release/images\images_95.jpg,217
AMLdataset/release/images_augmentation\aug_0_images_95.jpg,217
AMLdataset/release/images_augmentation\aug_1_images_95.jpg,217
AMLdataset/release/images\images_96.jpg,217
AMLdataset/release/images_augmentation\aug_0_images_96.jpg,217
AMLdataset/release/images_augmentation\aug_1_images_96.jpg,217
AMLdataset/release/images\images_97.jpg,217
AMLdataset/release/images_augmentation\aug_0_images_97.jpg,217
AMLdataset/release/images_augmentation\aug_1_images_97.jpg,217
AMLdataset/release/images\images_98.jpg,217
AMLdataset/release/images_augmentation\aug_0_images_98.jpg,217
AMLdataset/release/images_augmentation\aug_1_images_98.jpg,217
AMLdataset/release/images\images_99.jpg,217
AMLdataset/release/images_augmentation\aug_0_images_99.jpg,217
AMLdataset/release/images_augmentation\aug_1_images_99.jpg,217
AMLdataset/release/images\images_100.jpg,217
AMLdataset/release/images_augmentation\aug_0_images_100.jpg,217
AMLdataset/release/images_augmentation\aug_1_images_100.jpg,217
AMLdataset/release/images\images_101.jpg,74
AMLdataset/release/images_augmentation\aug_0_images_101.jpg,74
AMLdataset/release/images_augmentation\aug_1_images_101.jpg,74
AMLdataset/release/images\images_102.jpg,74
AMLdataset/release/images_augmentation\aug_0_images_102.jpg,74
AMLdataset/release/images_augmentation\aug_1_images_102.jpg,74
AMLdataset/release/images\images_103.jpg,74
AMLdataset/release/images_augmentation\aug_0_images_103.jpg,74
AMLdataset/release/images_augmentation\aug_1_images_103.jpg,74
AMLdataset/release/images\images_104.jpg,74
AMLdataset/release/images_augmentation\aug_0_images_104.jpg,74
AMLdataset/release/images_augmentation\aug_1_images_104.jpg,74
AMLdataset/release/images\images_105.jpg,74
AMLdataset/release/images_augmentation\aug_0_images_105.jpg,74
AMLdataset/release/images_augmentation\aug_1_images_105.jpg,74
AMLdataset/release/images\images_106.jpg,74
AMLdataset/release/images_augmentation\aug_0_images_106.jpg,74
AMLdataset/release/images_augmentation\aug_1_images_106.jpg,74
AMLdataset/release/images\images_107.jpg,74
AMLdataset/release/images_augmentation\aug_0_images_107.jpg,74
AMLdataset/release/images_augmentation\aug_1_images_107.jpg,74
AMLdataset/release/images\images_108.jpg,74
AMLdataset/release/images_augmentation\aug_0_images_108.jpg,74
AMLdataset/release/images_augmentation\aug_1_images_108.jpg,74
AMLdataset/release/images\images_109.jpg,74
AMLdataset/release/images_augmentation\aug_0_images_109.jpg,74
AMLdataset/release/images_augmentation\aug_1_images_109.jpg,74
AMLdataset/release/images\images_110.jpg,74
AMLdataset/release/images_augmentation\aug_0_images_110.jpg,74
AMLdataset/release/images_augmentation\aug_1_images_110.jpg,74
AMLdataset/release/images\images_111.jpg,74
AMLdataset/release/images_augmentation\aug_0_images_111.jpg,74
AMLdataset/release/images_augmentation\aug_1_images_111.jpg,74
AMLdataset/release/images\images_112.jpg,74
AMLdataset/release/images_augmentation\aug_0_images_112.jpg,74
AMLdataset/release/images_augmentation\aug_1_images_112.jpg,74
AMLdataset/release/images\images_113.jpg,74
AMLdataset/release/images_augmentation\aug_0_images_113.jpg,74
AMLdataset/release/images_augmentation\aug_1_images_113.jpg,74
AMLdataset/release/images\images_114.jpg,74
AMLdataset/release/images_augmentation\aug_0_images_114.jpg,74
AMLdataset/release/images_augmentation\aug_1_images_114.jpg,74
AMLdataset/release/images\images_115.jpg,74
AMLdataset/release/images_augmentation\aug_0_images_115.jpg,74
AMLdataset/release/images_augmentation\aug_1_images_115.jpg,74
AMLdataset/release/images\images_116.jpg,74
AMLdataset/release/images_augmentation\aug_0_images_116.jpg,74
AMLdataset/release/images_augmentation\aug_1_images_116.jpg,74
AMLdataset/release/images\images_117.jpg,74
AMLdataset/release/images_augmentation\aug_0_images_117.jpg,74
AMLdataset/release/images_augmentation\aug_1_images_117.jpg,74
AMLdataset/release/images\images_118.jpg,74
AMLdataset/release/images_augmentation\aug_0_images_118.jpg,74
AMLdataset/release/images_augmentation\aug_1_images_118.jpg,74
AMLdataset/release/images\images_119.jpg,74
AMLdataset/release/images_augmentation\aug_0_images_119.jpg,74
AMLdataset/release/images_augmentation\aug_1_images_119.jpg,74
AMLdataset/release/images\images_120.jpg,74
AMLdataset/release/images_augmentation\aug_0_images_120.jpg,74
AMLdataset/release/images_augmentation\aug_1_images_120.jpg,74
AMLdataset/release/images\images_121.jpg,318
AMLdataset/release/images_augmentation\aug_0_images_121.jpg,318
AMLdataset/release/images_augmentation\aug_1_images_121.jpg,318
AMLdataset/release/images\images_122.jpg,318
AMLdataset/release/images_augmentation\aug_0_images_122.jpg,318
AMLdataset/release/images_augmentation\aug_1_images_122.jpg,318
AMLdataset/release/images\images_123.jpg,318
AMLdataset/release/images_augmentation\aug_0_images_123.jpg,318
AMLdataset/release/images_augmentation\aug_1_images_123.jpg,318
AMLdataset/release/images\images_124.jpg,318
AMLdataset/release/images_augmentation\aug_0_images_124.jpg,318
AMLdataset/release/images_augmentation\aug_1_images_124.jpg,318
AMLdataset/release/images\images_125.jpg,318
AMLdataset/release/images_augmentation\aug_0_images_125.jpg,318
AMLdataset/release/images_augmentation\aug_1_images_125.jpg,318
AMLdataset/release/images\images_126.jpg,318
AMLdataset/release/images_augmentation\aug_0_images_126.jpg,318
AMLdataset/release/images_augmentation\aug_1_images_126.jpg,318
AMLdataset/release/images\images_127.jpg,318
AMLdataset/release/images_augmentation\aug_0_images_127.jpg,318
AMLdataset/release/images_augmentation\aug_1_images_127.jpg,318
AMLdataset/release/images\images_128.jpg,318
AMLdataset/release/images_augmentation\aug_0_images_128.jpg,318
AMLdataset/release/images_augmentation\aug_1_images_128.jpg,318
AMLdataset/release/images\images_129.jpg,318
AMLdataset/release/images_augmentation\aug_0_images_129.jpg,318
AMLdataset/release/images_augmentation\aug_1_images_129.jpg,318
AMLdataset/release/images\images_130.jpg,318
AMLdataset/release/images_augmentation\aug_0_images_130.jpg,318
AMLdataset/release/images_augmentation\aug_1_images_130.jpg,318
AMLdataset/release/images\images_131.jpg,318
AMLdataset/release/images_augmentation\aug_0_images_131.jpg,318
AMLdataset/release/images_augmentation\aug_1_images_131.jpg,318
AMLdataset/release/images\images_132.jpg,318
AMLdataset/release/images_augmentation\aug_0_images_132.jpg,318
AMLdataset/release/images_augmentation\aug_1_images_132.jpg,318
AMLdataset/release/images\images_133.jpg,318
AMLdataset/release/images_augmentation\aug_0_images_133.jpg,318
AMLdataset/release/images_augmentation\aug_1_images_133.jpg,318
AMLdataset/release/images\images_134.jpg,318
AMLdataset/release/images_augmentation\aug_0_images_134.jpg,318
AMLdataset/release/images_augmentation\aug_1_images_134.jpg,318
AMLdataset/release/images\images_135.jpg,318
AMLdataset/release/images_augmentation\aug_0_images_135.jpg,318
AMLdataset/release/images_augmentation\aug_1_images_135.jpg,318
AMLdataset/release/images\images_136.jpg,318
AMLdataset/release/images_augmentation\aug_0_images_136.jpg,318
AMLdataset/release/images_augmentation\aug_1_images_136.jpg,318
AMLdataset/release/images\images_137.jpg,318
AMLdataset/release/images_augmentation\aug_0_images_137.jpg,318
AMLdataset/release/images_augmentation\aug_1_images_137.jpg,318
AMLdataset/release/images\images_138.jpg,318
AMLdataset/release/images_augmentation\aug_0_images_138.jpg,318
AMLdataset/release/images_augmentation\aug_1_images_138.jpg,318
AMLdataset/release/images\images_139.jpg,318
AMLdataset/release/images_augmentation\aug_0_images_139.jpg,318
AMLdataset/release/images_augmentation\aug_1_images_139.jpg,318
AMLdataset/release/images\images_140.jpg,318
AMLdataset/release/images_augmentation\aug_0_images_140.jpg,318
AMLdataset/release/images_augmentation\aug_1_images_140.jpg,318
AMLdataset/release/images\images_141.jpg,246
AMLdataset/release/images_augmentation\aug_0_images_141.jpg,246
AMLdataset/release/images_augmentation\aug_1_images_141.jpg,246
AMLdataset/release/images\images_142.jpg,246
AMLdataset/release/images_augmentation\aug_0_images_142.jpg,246
AMLdataset/release/images_augmentation\aug_1_images_142.jpg,246
AMLdataset/release/images\images_143.jpg,246
AMLdataset/release/images_augmentation\aug_0_images_143.jpg,246
AMLdataset/release/images_augmentation\aug_1_images_143.jpg,246
AMLdataset/release/images\images_144.jpg,246
AMLdataset/release/images_augmentation\aug_0_images_144.jpg,246
AMLdataset/release/images_augmentation\aug_1_images_144.jpg,246
AMLdataset/release/images\images_145.jpg,246
AMLdataset/release/images_augmentation\aug_0_images_145.jpg,246
AMLdataset/release/images_augmentation\aug_1_images_145.jpg,246
AMLdataset/release/images\images_146.jpg,246
AMLdataset/release/images_augmentation\aug_0_images_146.jpg,246
AMLdataset/release/images_augmentation\aug_1_images_146.jpg,246
AMLdataset/release/images\images_147.jpg,246
AMLdataset/release/images_augmentation\aug_0_images_147.jpg,246
AMLdataset/release/images_augmentation\aug_1_images_147.jpg,246
AMLdataset/release/images\images_148.jpg,246
AMLdataset/release/images_augmentation\aug_0_images_148.jpg,246
AMLdataset/release/images_augmentation\aug_1_images_148.jpg,246
AMLdataset/release/images\images_149.jpg,246
AMLdataset/release/images_augmentation\aug_0_images_149.jpg,246
AMLdataset/release/images_augmentation\aug_1_images_149.jpg,246
AMLdataset/release/images\images_150.jpg,246
AMLdataset/release/images_augmentation\aug_0_images_150.jpg,246
AMLdataset/release/images_augmentation\aug_1_images_150.jpg,246
AMLdataset/release/images\images_151.jpg,246
AMLdataset/release/images_augmentation\aug_0_images_151.jpg,246
AMLdataset/release/images_augmentation\aug_1_images_151.jpg,246
AMLdataset/release/images\images_152.jpg,246
AMLdataset/release/images_augmentation\aug_0_images_152.jpg,246
AMLdataset/release/images_augmentation\aug_1_images_152.jpg,246
AMLdataset/release/images\images_153.jpg,246
AMLdataset/release/images_augmentation\aug_0_images_153.jpg,246
AMLdataset/release/images_augmentation\aug_1_images_153.jpg,246
AMLdataset/release/images\images_154.jpg,246
AMLdataset/release/images_augmentation\aug_0_images_154.jpg,246
AMLdataset/release/images_augmentation\aug_1_images_154.jpg,246
AMLdataset/release/images\images_155.jpg,246
AMLdataset/release/images\images_156.jpg,246
AMLdataset/release/images_augmentation\aug_0_images_156.jpg,246
AMLdataset/release/images_augmentation\aug_1_images_156.jpg,246
AMLdataset/release/images\images_157.jpg,246
AMLdataset/release/images_augmentation\aug_0_images_157.jpg,246
AMLdataset/release/images_augmentation\aug_1_images_157.jpg,246
AMLdataset/release/images\images_158.jpg,246
AMLdataset/release/images_augmentation\aug_0_images_158.jpg,246
AMLdataset/release/images_augmentation\aug_1_images_158.jpg,246
AMLdataset/release/images\images_159.jpg,246
AMLdataset/release/images_augmentation\aug_0_images_159.jpg,246
AMLdataset/release/images_augmentation\aug_1_images_159.jpg,246
AMLdataset/release/images\images_160.jpg,246
AMLdataset/release/images_augmentation\aug_0_images_160.jpg,246
AMLdataset/release/images_augmentation\aug_1_images_160.jpg,246
AMLdataset/release/images\images_161.jpg,53
AMLdataset/release/images_augmentation\aug_0_images_161.jpg,53
AMLdataset/release/images_augmentation\aug_1_images_161.jpg,53
AMLdataset/release/images\images_162.jpg,53
AMLdataset/release/images_augmentation\aug_0_images_162.jpg,53
AMLdataset/release/images_augmentation\aug_1_images_162.jpg,53
AMLdataset/release/images\images_163.jpg,53
AMLdataset/release/images_augmentation\aug_0_images_163.jpg,53
AMLdataset/release/images_augmentation\aug_1_images_163.jpg,53
AMLdataset/release/images\images_164.jpg,53
AMLdataset/release/images_augmentation\aug_0_images_164.jpg,53
AMLdataset/release/images_augmentation\aug_1_images_164.jpg,53
AMLdataset/release/images\images_165.jpg,53
AMLdataset/release/images_augmentation\aug_0_images_165.jpg,53
AMLdataset/release/images_augmentation\aug_1_images_165.jpg,53
AMLdataset/release/images\images_166.jpg,53
AMLdataset/release/images_augmentation\aug_0_images_166.jpg,53
AMLdataset/release/images_augmentation\aug_1_images_166.jpg,53
AMLdataset/release/images\images_167.jpg,53
AMLdataset/release/images_augmentation\aug_0_images_167.jpg,53
AMLdataset/release/images_augmentation\aug_1_images_167.jpg,53
AMLdataset/release/images\images_168.jpg,53
AMLdataset/release/images_augmentation\aug_0_images_168.jpg,53
AMLdataset/release/images_augmentation\aug_1_images_168.jpg,53
AMLdataset/release/images\images_169.jpg,53
AMLdataset/release/images_augmentation\aug_0_images_169.jpg,53
AMLdataset/release/images_augmentation\aug_1_images_169.jpg,53
AMLdataset/release/images\images_170.jpg,53
AMLdataset/release/images_augmentation\aug_0_images_170.jpg,53
AMLdataset/release/images_augmentation\aug_1_images_170.jpg,53
AMLdataset/release/images\images_171.jpg,53
AMLdataset/release/images_augmentation\aug_0_images_171.jpg,53
AMLdataset/release/images_augmentation\aug_1_images_171.jpg,53
AMLdataset/release/images\images_172.jpg,53
AMLdataset/release/images_augmentation\aug_0_images_172.jpg,53
AMLdataset/release/images_augmentation\aug_1_images_172.jpg,53
AMLdataset/release/images\images_173.jpg,53
AMLdataset/release/images_augmentation\aug_0_images_173.jpg,53
AMLdataset/release/images_augmentation\aug_1_images_173.jpg,53
AMLdataset/release/images\images_174.jpg,53
AMLdataset/release/images_augmentation\aug_0_images_174.jpg,53
AMLdataset/release/images_augmentation\aug_1_images_174.jpg,53
AMLdataset/release/images\images_175.jpg,53
AMLdataset/release/images_augmentation\aug_0_images_175.jpg,53
AMLdataset/release/images_augmentation\aug_1_images_175.jpg,53
AMLdataset/release/images\images_176.jpg,53
AMLdataset/release/images_augmentation\aug_0_images_176.jpg,53
AMLdataset/release/images_augmentation\aug_1_images_176.jpg,53
AMLdataset/release/images\images_177.jpg,53
AMLdataset/release/images_augmentation\aug_0_images_177.jpg,53
AMLdataset/release/images_augmentation\aug_1_images_177.jpg,53
AMLdataset/release/images\images_178.jpg,53
AMLdataset/release/images_augmentation\aug_0_images_178.jpg,53
AMLdataset/release/images_augmentation\aug_1_images_178.jpg,53
AMLdataset/release/images\images_179.jpg,53
AMLdataset/release/images_augmentation\aug_0_images_179.jpg,53
AMLdataset/release/images_augmentation\aug_1_images_179.jpg,53
AMLdataset/release/images\images_180.jpg,53
AMLdataset/release/images_augmentation\aug_0_images_180.jpg,53
AMLdataset/release/images_augmentation\aug_1_images_180.jpg,53
AMLdataset/release/images\images_181.jpg,105
AMLdataset/release/images_augmentation\aug_0_images_181.jpg,105
AMLdataset/release/images_augmentation\aug_1_images_181.jpg,105
AMLdataset/release/images\images_182.jpg,105
AMLdataset/release/images_augmentation\aug_0_images_182.jpg,105
AMLdataset/release/images_augmentation\aug_1_images_182.jpg,105
AMLdataset/release/images\images_183.jpg,105
AMLdataset/release/images_augmentation\aug_0_images_183.jpg,105
AMLdataset/release/images_augmentation\aug_1_images_183.jpg,105
AMLdataset/release/images\images_184.jpg,105
AMLdataset/release/images_augmentation\aug_0_images_184.jpg,105
AMLdataset/release/images_augmentation\aug_1_images_184.jpg,105
AMLdataset/release/images\images_185.jpg,105
AMLdataset/release/images_augmentation\aug_0_images_185.jpg,105
AMLdataset/release/images_augmentation\aug_1_images_185.jpg,105
AMLdataset/release/images\images_186.jpg,105
AMLdataset/release/images_augmentation\aug_0_images_186.jpg,105
AMLdataset/release/images_augmentation\aug_1_images_186.jpg,105
AMLdataset/release/images\images_187.jpg,105
AMLdataset/release/images_augmentation\aug_0_images_187.jpg,105
AMLdataset/release/images_augmentation\aug_1_images_187.jpg,105
AMLdataset/release/images\images_188.jpg,105
AMLdataset/release/images_augmentation\aug_0_images_188.jpg,105
AMLdataset/release/images_augmentation\aug_1_images_188.jpg,105
AMLdataset/release/images\images_189.jpg,105
AMLdataset/release/images_augmentation\aug_0_images_189.jpg,105
AMLdataset/release/images_augmentation\aug_1_images_189.jpg,105
AMLdataset/release/images\images_190.jpg,105
AMLdataset/release/images_augmentation\aug_0_images_190.jpg,105
AMLdataset/release/images_augmentation\aug_1_images_190.jpg,105
AMLdataset/release/images\images_191.jpg,105
AMLdataset/release/images_augmentation\aug_0_images_191.jpg,105
AMLdataset/release/images_augmentation\aug_1_images_191.jpg,105
AMLdataset/release/images\images_192.jpg,105
AMLdataset/release/images_augmentation\aug_0_images_192.jpg,105
AMLdataset/release/images_augmentation\aug_1_images_192.jpg,105
AMLdataset/release/images\images_193.jpg,105
AMLdataset/release/images_augmentation\aug_0_images_193.jpg,105
AMLdataset/release/images_augmentation\aug_1_images_193.jpg,105
AMLdataset/release/images\images_194.jpg,105
AMLdataset/release/images_augmentation\aug_0_images_194.jpg,105
AMLdataset/release/images_augmentation\aug_1_images_194.jpg,105
AMLdataset/release/images\images_195.jpg,105
AMLdataset/release/images_augmentation\aug_0_images_195.jpg,105
AMLdataset/release/images_augmentation\aug_1_images_195.jpg,105
AMLdataset/release/images\images_196.jpg,105
AMLdataset/release/images_augmentation\aug_0_images_196.jpg,105
AMLdataset/release/images_augmentation\aug_1_images_196.jpg,105
AMLdataset/release/images\images_197.jpg,105
AMLdataset/release/images_augmentation\aug_0_images_197.jpg,105
AMLdataset/release/images_augmentation\aug_1_images_197.jpg,105
AMLdataset/release/images\images_198.jpg,105
AMLdataset/release/images_augmentation\aug_0_images_198.jpg,105
AMLdataset/release/images_augmentation\aug_1_images_198.jpg,105
AMLdataset/release/images\images_199.jpg,105
AMLdataset/release/images_augmentation\aug_0_images_199.jpg,105
AMLdataset/release/images_augmentation\aug_1_images_199.jpg,105
AMLdataset/release/images\images_200.jpg,105
AMLdataset/release/images_augmentation\aug_0_images_200.jpg,105
AMLdataset/release/images_augmentation\aug_1_images_200.jpg,105
AMLdataset/release/images\images_201.jpg,314
AMLdataset/release/images_augmentation\aug_0_images_201.jpg,314
AMLdataset/release/images_augmentation\aug_1_images_201.jpg,314
AMLdataset/release/images\images_202.jpg,314
AMLdataset/release/images_augmentation\aug_0_images_202.jpg,314
AMLdataset/release/images_augmentation\aug_1_images_202.jpg,314
AMLdataset/release/images\images_203.jpg,314
AMLdataset/release/images_augmentation\aug_0_images_203.jpg,314
AMLdataset/release/images_augmentation\aug_1_images_203.jpg,314
AMLdataset/release/images\images_204.jpg,314
AMLdataset/release/images_augmentation\aug_0_images_204.jpg,314
AMLdataset/release/images_augmentation\aug_1_images_204.jpg,314
AMLdataset/release/images\images_205.jpg,314
AMLdataset/release/images_augmentation\aug_0_images_205.jpg,314
AMLdataset/release/images_augmentation\aug_1_images_205.jpg,314
AMLdataset/release/images\images_206.jpg,314
AMLdataset/release/images_augmentation\aug_0_images_206.jpg,314
AMLdataset/release/images_augmentation\aug_1_images_206.jpg,314
AMLdataset/release/images\images_207.jpg,314
AMLdataset/release/images_augmentation\aug_0_images_207.jpg,314
AMLdataset/release/images_augmentation\aug_1_images_207.jpg,314
AMLdataset/release/images\images_208.jpg,314
AMLdataset/release/images_augmentation\aug_0_images_208.jpg,314
AMLdataset/release/images_augmentation\aug_1_images_208.jpg,314
AMLdataset/release/images\images_209.jpg,314
AMLdataset/release/images_augmentation\aug_0_images_209.jpg,314
AMLdataset/release/images_augmentation\aug_1_images_209.jpg,314
AMLdataset/release/images\images_210.jpg,314
AMLdataset/release/images_augmentation\aug_0_images_210.jpg,314
AMLdataset/release/images_augmentation\aug_1_images_210.jpg,314
AMLdataset/release/images\images_211.jpg,314
AMLdataset/release/images_augmentation\aug_0_images_211.jpg,314
AMLdataset/release/images_augmentation\aug_1_images_211.jpg,314
AMLdataset/release/images\images_212.jpg,314
AMLdataset/release/images_augmentation\aug_0_images_212.jpg,314
AMLdataset/release/images_augmentation\aug_1_images_212.jpg,314
AMLdataset/release/images\images_213.jpg,314
AMLdataset/release/images_augmentation\aug_0_images_213.jpg,314
AMLdataset/release/images_augmentation\aug_1_images_213.jpg,314
AMLdataset/release/images\images_214.jpg,314
AMLdataset/release/images_augmentation\aug_0_images_214.jpg,314
AMLdataset/release/images_augmentation\aug_1_images_214.jpg,314
AMLdataset/release/images\images_215.jpg,314
AMLdataset/release/images_augmentation\aug_0_images_215.jpg,314
AMLdataset/release/images_augmentation\aug_1_images_215.jpg,314
AMLdataset/release/images\images_216.jpg,314
AMLdataset/release/images_augmentation\aug_0_images_216.jpg,314
AMLdataset/release/images_augmentation\aug_1_images_216.jpg,314
AMLdataset/release/images\images_217.jpg,314
AMLdataset/release/images_augmentation\aug_0_images_217.jpg,314
AMLdataset/release/images_augmentation\aug_1_images_217.jpg,314
AMLdataset/release/images\images_218.jpg,314
AMLdataset/release/images_augmentation\aug_0_images_218.jpg,314
AMLdataset/release/images_augmentation\aug_1_images_218.jpg,314
AMLdataset/release/images\images_219.jpg,314
AMLdataset/release/images_augmentation\aug_0_images_219.jpg,314
AMLdataset/release/images_augmentation\aug_1_images_219.jpg,314
AMLdataset/release/images\images_220.jpg,314
AMLdataset/release/images_augmentation\aug_0_images_220.jpg,314
AMLdataset/release/images_augmentation\aug_1_images_220.jpg,314
AMLdataset/release/images\images_221.jpg,66
AMLdataset/release/images_augmentation\aug_0_images_221.jpg,66
AMLdataset/release/images_augmentation\aug_1_images_221.jpg,66
AMLdataset/release/images\images_222.jpg,66
AMLdataset/release/images_augmentation\aug_0_images_222.jpg,66
AMLdataset/release/images_augmentation\aug_1_images_222.jpg,66
AMLdataset/release/images\images_223.jpg,66
AMLdataset/release/images_augmentation\aug_0_images_223.jpg,66
AMLdataset/release/images_augmentation\aug_1_images_223.jpg,66
AMLdataset/release/images\images_224.jpg,66
AMLdataset/release/images_augmentation\aug_0_images_224.jpg,66
AMLdataset/release/images_augmentation\aug_1_images_224.jpg,66
AMLdataset/release/images\images_225.jpg,66
AMLdataset/release/images_augmentation\aug_0_images_225.jpg,66
AMLdataset/release/images_augmentation\aug_1_images_225.jpg,66
AMLdataset/release/images\images_226.jpg,66
AMLdataset/release/images_augmentation\aug_0_images_226.jpg,66
AMLdataset/release/images_augmentation\aug_1_images_226.jpg,66
AMLdataset/release/images\images_227.jpg,66
AMLdataset/release/images_augmentation\aug_0_images_227.jpg,66
AMLdataset/release/images_augmentation\aug_1_images_227.jpg,66
AMLdataset/release/images\images_228.jpg,66
AMLdataset/release/images_augmentation\aug_0_images_228.jpg,66
AMLdataset/release/images_augmentation\aug_1_images_228.jpg,66
AMLdataset/release/images\images_229.jpg,66
AMLdataset/release/images_augmentation\aug_0_images_229.jpg,66
AMLdataset/release/images_augmentation\aug_1_images_229.jpg,66
AMLdataset/release/images\images_230.jpg,66
AMLdataset/release/images_augmentation\aug_0_images_230.jpg,66
AMLdataset/release/images_augmentation\aug_1_images_230.jpg,66
AMLdataset/release/images\images_231.jpg,66
AMLdataset/release/images_augmentation\aug_0_images_231.jpg,66
AMLdataset/release/images_augmentation\aug_1_images_231.jpg,66
AMLdataset/release/images\images_232.jpg,66
AMLdataset/release/images_augmentation\aug_0_images_232.jpg,66
AMLdataset/release/images_augmentation\aug_1_images_232.jpg,66
AMLdataset/release/images\images_233.jpg,66
AMLdataset/release/images_augmentation\aug_0_images_233.jpg,66
AMLdataset/release/images_augmentation\aug_1_images_233.jpg,66
AMLdataset/release/images\images_234.jpg,66
AMLdataset/release/images_augmentation\aug_0_images_234.jpg,66
AMLdataset/release/images_augmentation\aug_1_images_234.jpg,66
AMLdataset/release/images\images_235.jpg,66
AMLdataset/release/images_augmentation\aug_0_images_235.jpg,66
AMLdataset/release/images_augmentation\aug_1_images_235.jpg,66
AMLdataset/release/images\images_236.jpg,66
AMLdataset/release/images_augmentation\aug_0_images_236.jpg,66
AMLdataset/release/images_augmentation\aug_1_images_236.jpg,66
AMLdataset/release/images\images_237.jpg,66
AMLdataset/release/images_augmentation\aug_0_images_237.jpg,66
AMLdataset/release/images_augmentation\aug_1_images_237.jpg,66
AMLdataset/release/images\images_238.jpg,66
AMLdataset/release/images_augmentation\aug_0_images_238.jpg,66
AMLdataset/release/images_augmentation\aug_1_images_238.jpg,66
AMLdataset/release/images\images_239.jpg,66
AMLdataset/release/images_augmentation\aug_0_images_239.jpg,66
AMLdataset/release/images_augmentation\aug_1_images_239.jpg,66
AMLdataset/release/images\images_240.jpg,66
AMLdataset/release/images_augmentation\aug_0_images_240.jpg,66
AMLdataset/release/images_augmentation\aug_1_images_240.jpg,66
AMLdataset/release/images\images_241.jpg,113
AMLdataset/release/images_augmentation\aug_0_images_241.jpg,113
AMLdataset/release/images_augmentation\aug_1_images_241.jpg,113
AMLdataset/release/images\images_242.jpg,113
AMLdataset/release/images_augmentation\aug_0_images_242.jpg,113
AMLdataset/release/images_augmentation\aug_1_images_242.jpg,113
AMLdataset/release/images\images_243.jpg,113
AMLdataset/release/images_augmentation\aug_0_images_243.jpg,113
AMLdataset/release/images_augmentation\aug_1_images_243.jpg,113
AMLdataset/release/images\images_244.jpg,113
AMLdataset/release/images_augmentation\aug_0_images_244.jpg,113
AMLdataset/release/images_augmentation\aug_1_images_244.jpg,113
AMLdataset/release/images\images_245.jpg,113
AMLdataset/release/images_augmentation\aug_0_images_245.jpg,113
AMLdataset/release/images_augmentation\aug_1_images_245.jpg,113
AMLdataset/release/images\images_246.jpg,113
AMLdataset/release/images_augmentation\aug_0_images_246.jpg,113
AMLdataset/release/images_augmentation\aug_1_images_246.jpg,113
AMLdataset/release/images\images_247.jpg,113
AMLdataset/release/images_augmentation\aug_0_images_247.jpg,113
AMLdataset/release/images_augmentation\aug_1_images_247.jpg,113
AMLdataset/release/images\images_248.jpg,113
AMLdataset/release/images_augmentation\aug_0_images_248.jpg,113
AMLdataset/release/images_augmentation\aug_1_images_248.jpg,113
AMLdataset/release/images\images_249.jpg,113
AMLdataset/release/images_augmentation\aug_0_images_249.jpg,113
AMLdataset/release/images_augmentation\aug_1_images_249.jpg,113
AMLdataset/release/images\images_250.jpg,113
AMLdataset/release/images_augmentation\aug_0_images_250.jpg,113
AMLdataset/release/images_augmentation\aug_1_images_250.jpg,113
AMLdataset/release/images\images_251.jpg,113
AMLdataset/release/images_augmentation\aug_0_images_251.jpg,113
AMLdataset/release/images_augmentation\aug_1_images_251.jpg,113
AMLdataset/release/images\images_252.jpg,113
AMLdataset/release/images_augmentation\aug_0_images_252.jpg,113
AMLdataset/release/images_augmentation\aug_1_images_252.jpg,113
AMLdataset/release/images\images_253.jpg,113
AMLdataset/release/images_augmentation\aug_0_images_253.jpg,113
AMLdataset/release/images_augmentation\aug_1_images_253.jpg,113
AMLdataset/release/images\images_254.jpg,113
AMLdataset/release/images_augmentation\aug_0_images_254.jpg,113
AMLdataset/release/images_augmentation\aug_1_images_254.jpg,113
AMLdataset/release/images\images_255.jpg,113
AMLdataset/release/images_augmentation\aug_0_images_255.jpg,113
AMLdataset/release/images_augmentation\aug_1_images_255.jpg,113
AMLdataset/release/images\images_256.jpg,113
AMLdataset/release/images_augmentation\aug_0_images_256.jpg,113
AMLdataset/release/images_augmentation\aug_1_images_256.jpg,113
AMLdataset/release/images\images_257.jpg,113
AMLdataset/release/images_augmentation\aug_0_images_257.jpg,113
AMLdataset/release/images_augmentation\aug_1_images_257.jpg,113
AMLdataset/release/images\images_258.jpg,113
AMLdataset/release/images_augmentation\aug_0_images_258.jpg,113
AMLdataset/release/images_augmentation\aug_1_images_258.jpg,113
AMLdataset/release/images\images_259.jpg,113
AMLdataset/release/images_augmentation\aug_0_images_259.jpg,113
AMLdataset/release/images_augmentation\aug_1_images_259.jpg,113
AMLdataset/release/images\images_260.jpg,113
AMLdataset/release/images_augmentation\aug_0_images_260.jpg,113
AMLdataset/release/images_augmentation\aug_1_images_260.jpg,113
AMLdataset/release/images\images_261.jpg,210
AMLdataset/release/images_augmentation\aug_0_images_261.jpg,210
AMLdataset/release/images_augmentation\aug_1_images_261.jpg,210
AMLdataset/release/images\images_262.jpg,210
AMLdataset/release/images_augmentation\aug_0_images_262.jpg,210
AMLdataset/release/images_augmentation\aug_1_images_262.jpg,210
AMLdataset/release/images\images_263.jpg,210
AMLdataset/release/images_augmentation\aug_0_images_263.jpg,210
AMLdataset/release/images_augmentation\aug_1_images_263.jpg,210
AMLdataset/release/images\images_264.jpg,210
AMLdataset/release/images_augmentation\aug_0_images_264.jpg,210
AMLdataset/release/images_augmentation\aug_1_images_264.jpg,210
AMLdataset/release/images\images_265.jpg,210
AMLdataset/release/images_augmentation\aug_0_images_265.jpg,210
AMLdataset/release/images_augmentation\aug_1_images_265.jpg,210
AMLdataset/release/images\images_266.jpg,210
AMLdataset/release/images_augmentation\aug_0_images_266.jpg,210
AMLdataset/release/images_augmentation\aug_1_images_266.jpg,210
AMLdataset/release/images\images_267.jpg,210
AMLdataset/release/images_augmentation\aug_0_images_267.jpg,210
AMLdataset/release/images_augmentation\aug_1_images_267.jpg,210
AMLdataset/release/images\images_268.jpg,210
AMLdataset/release/images_augmentation\aug_0_images_268.jpg,210
AMLdataset/release/images_augmentation\aug_1_images_268.jpg,210
AMLdataset/release/images\images_269.jpg,210
AMLdataset/release/images_augmentation\aug_0_images_269.jpg,210
AMLdataset/release/images_augmentation\aug_1_images_269.jpg,210
AMLdataset/release/images\images_270.jpg,210
AMLdataset/release/images_augmentation\aug_0_images_270.jpg,210
AMLdataset/release/images_augmentation\aug_1_images_270.jpg,210
AMLdataset/release/images\images_271.jpg,210
AMLdataset/release/images_augmentation\aug_0_images_271.jpg,210
AMLdataset/release/images_augmentation\aug_1_images_271.jpg,210
AMLdataset/release/images\images_272.jpg,210
AMLdataset/release/images_augmentation\aug_0_images_272.jpg,210
AMLdataset/release/images_augmentation\aug_1_images_272.jpg,210
AMLdataset/release/images\images_273.jpg,210
AMLdataset/release/images_augmentation\aug_0_images_273.jpg,210
AMLdataset/release/images_augmentation\aug_1_images_273.jpg,210
AMLdataset/release/images\images_274.jpg,210
AMLdataset/release/images_augmentation\aug_0_images_274.jpg,210
AMLdataset/release/images_augmentation\aug_1_images_274.jpg,210
AMLdataset/release/images\images_275.jpg,210
AMLdataset/release/images_augmentation\aug_0_images_275.jpg,210
AMLdataset/release/images_augmentation\aug_1_images_275.jpg,210
AMLdataset/release/images\images_276.jpg,210
AMLdataset/release/images_augmentation\aug_0_images_276.jpg,210
AMLdataset/release/images_augmentation\aug_1_images_276.jpg,210
AMLdataset/release/images\images_277.jpg,210
AMLdataset/release/images_augmentation\aug_0_images_277.jpg,210
AMLdataset/release/images_augmentation\aug_1_images_277.jpg,210
AMLdataset/release/images\images_278.jpg,210
AMLdataset/release/images_augmentation\aug_0_images_278.jpg,210
AMLdataset/release/images_augmentation\aug_1_images_278.jpg,210
AMLdataset/release/images\images_279.jpg,210
AMLdataset/release/images_augmentation\aug_0_images_279.jpg,210
AMLdataset/release/images_augmentation\aug_1_images_279.jpg,210
AMLdataset/release/images\images_280.jpg,210
AMLdataset/release/images_augmentation\aug_0_images_280.jpg,210
AMLdataset/release/images_augmentation\aug_1_images_280.jpg,210
AMLdataset/release/images\images_281.jpg,317
AMLdataset/release/images_augmentation\aug_0_images_281.jpg,317
AMLdataset/release/images_augmentation\aug_1_images_281.jpg,317
AMLdataset/release/images\images_282.jpg,317
AMLdataset/release/images_augmentation\aug_0_images_282.jpg,317
AMLdataset/release/images_augmentation\aug_1_images_282.jpg,317
AMLdataset/release/images\images_283.jpg,317
AMLdataset/release/images_augmentation\aug_0_images_283.jpg,317
AMLdataset/release/images_augmentation\aug_1_images_283.jpg,317
AMLdataset/release/images\images_284.jpg,317
AMLdataset/release/images_augmentation\aug_0_images_284.jpg,317
AMLdataset/release/images_augmentation\aug_1_images_284.jpg,317
AMLdataset/release/images\images_285.jpg,317
AMLdataset/release/images_augmentation\aug_0_images_285.jpg,317
AMLdataset/release/images_augmentation\aug_1_images_285.jpg,317
AMLdataset/release/images\images_286.jpg,317
AMLdataset/release/images_augmentation\aug_0_images_286.jpg,317
AMLdataset/release/images_augmentation\aug_1_images_286.jpg,317
AMLdataset/release/images\images_287.jpg,317
AMLdataset/release/images_augmentation\aug_0_images_287.jpg,317
AMLdataset/release/images_augmentation\aug_1_images_287.jpg,317
AMLdataset/release/images\images_288.jpg,317
AMLdataset/release/images_augmentation\aug_0_images_288.jpg,317
AMLdataset/release/images_augmentation\aug_1_images_288.jpg,317
AMLdataset/release/images\images_289.jpg,317
AMLdataset/release/images_augmentation\aug_0_images_289.jpg,317
AMLdataset/release/images_augmentation\aug_1_images_289.jpg,317
AMLdataset/release/images\images_290.jpg,317
AMLdataset/release/images_augmentation\aug_0_images_290.jpg,317
AMLdataset/release/images_augmentation\aug_1_images_290.jpg,317
AMLdataset/release/images\images_291.jpg,317
AMLdataset/release/images_augmentation\aug_0_images_291.jpg,317
AMLdataset/release/images_augmentation\aug_1_images_291.jpg,317
AMLdataset/release/images\images_292.jpg,317
AMLdataset/release/images_augmentation\aug_0_images_292.jpg,317
AMLdataset/release/images_augmentation\aug_1_images_292.jpg,317
AMLdataset/release/images\images_293.jpg,317
AMLdataset/release/images_augmentation\aug_0_images_293.jpg,317
AMLdataset/release/images_augmentation\aug_1_images_293.jpg,317
AMLdataset/release/images\images_294.jpg,317
AMLdataset/release/images_augmentation\aug_0_images_294.jpg,317
AMLdataset/release/images_augmentation\aug_1_images_294.jpg,317
AMLdataset/release/images\images_295.jpg,317
AMLdataset/release/images_augmentation\aug_0_images_295.jpg,317
AMLdataset/release/images_augmentation\aug_1_images_295.jpg,317
AMLdataset/release/images\images_296.jpg,317
AMLdataset/release/images_augmentation\aug_0_images_296.jpg,317
AMLdataset/release/images_augmentation\aug_1_images_296.jpg,317
AMLdataset/release/images\images_297.jpg,317
AMLdataset/release/images_augmentation\aug_0_images_297.jpg,317
AMLdataset/release/images_augmentation\aug_1_images_297.jpg,317
AMLdataset/release/images\images_298.jpg,317
AMLdataset/release/images_augmentation\aug_0_images_298.jpg,317
AMLdataset/release/images_augmentation\aug_1_images_298.jpg,317
AMLdataset/release/images\images_299.jpg,317
AMLdataset/release/images_augmentation\aug_0_images_299.jpg,317
AMLdataset/release/images_augmentation\aug_1_images_299.jpg,317
AMLdataset/release/images\images_300.jpg,317
AMLdataset/release/images_augmentation\aug_0_images_300.jpg,317
AMLdataset/release/images_augmentation\aug_1_images_300.jpg,317
AMLdataset/release/images\images_301.jpg,241
AMLdataset/release/images_augmentation\aug_0_images_301.jpg,241
AMLdataset/release/images_augmentation\aug_1_images_301.jpg,241
AMLdataset/release/images\images_302.jpg,241
AMLdataset/release/images_augmentation\aug_0_images_302.jpg,241
AMLdataset/release/images_augmentation\aug_1_images_302.jpg,241
AMLdataset/release/images\images_303.jpg,241
AMLdataset/release/images_augmentation\aug_0_images_303.jpg,241
AMLdataset/release/images_augmentation\aug_1_images_303.jpg,241
AMLdataset/release/images\images_304.jpg,241
AMLdataset/release/images_augmentation\aug_0_images_304.jpg,241
AMLdataset/release/images_augmentation\aug_1_images_304.jpg,241
AMLdataset/release/images\images_305.jpg,241
AMLdataset/release/images_augmentation\aug_0_images_305.jpg,241
AMLdataset/release/images_augmentation\aug_1_images_305.jpg,241
AMLdataset/release/images\images_306.jpg,241
AMLdataset/release/images_augmentation\aug_0_images_306.jpg,241
AMLdataset/release/images_augmentation\aug_1_images_306.jpg,241
AMLdataset/release/images\images_307.jpg,241
AMLdataset/release/images_augmentation\aug_0_images_307.jpg,241
AMLdataset/release/images_augmentation\aug_1_images_307.jpg,241
AMLdataset/release/images\images_308.jpg,241
AMLdataset/release/images_augmentation\aug_0_images_308.jpg,241
AMLdataset/release/images_augmentation\aug_1_images_308.jpg,241
AMLdataset/release/images\images_309.jpg,241
AMLdataset/release/images_augmentation\aug_0_images_309.jpg,241
AMLdataset/release/images_augmentation\aug_1_images_309.jpg,241
AMLdataset/release/images\images_310.jpg,241
AMLdataset/release/images_augmentation\aug_0_images_310.jpg,241
AMLdataset/release/images_augmentation\aug_1_images_310.jpg,241
AMLdataset/release/images\images_311.jpg,241
AMLdataset/release/images_augmentation\aug_0_images_311.jpg,241
AMLdataset/release/images_augmentation\aug_1_images_311.jpg,241
AMLdataset/release/images\images_312.jpg,241
AMLdataset/release/images_augmentation\aug_0_images_312.jpg,241
AMLdataset/release/images_augmentation\aug_1_images_312.jpg,241
AMLdataset/release/images\images_313.jpg,241
AMLdataset/release/images_augmentation\aug_0_images_313.jpg,241
AMLdataset/release/images_augmentation\aug_1_images_313.jpg,241
AMLdataset/release/images\images_314.jpg,241
AMLdataset/release/images_augmentation\aug_0_images_314.jpg,241
AMLdataset/release/images_augmentation\aug_1_images_314.jpg,241
AMLdataset/release/images\images_315.jpg,241
AMLdataset/release/images_augmentation\aug_0_images_315.jpg,241
AMLdataset/release/images_augmentation\aug_1_images_315.jpg,241
AMLdataset/release/images\images_316.jpg,241
AMLdataset/release/images_augmentation\aug_0_images_316.jpg,241
AMLdataset/release/images_augmentation\aug_1_images_316.jpg,241
AMLdataset/release/images\images_317.jpg,241
AMLdataset/release/images_augmentation\aug_0_images_317.jpg,241
AMLdataset/release/images_augmentation\aug_1_images_317.jpg,241
AMLdataset/release/images\images_318.jpg,241
AMLdataset/release/images_augmentation\aug_0_images_318.jpg,241
AMLdataset/release/images_augmentation\aug_1_images_318.jpg,241
AMLdataset/release/images\images_319.jpg,241
AMLdataset/release/images_augmentation\aug_0_images_319.jpg,241
AMLdataset/release/images_augmentation\aug_1_images_319.jpg,241
AMLdataset/release/images\images_320.jpg,241
AMLdataset/release/images_augmentation\aug_0_images_320.jpg,241
AMLdataset/release/images_augmentation\aug_1_images_320.jpg,241
AMLdataset/release/images\images_321.jpg,177
AMLdataset/release/images_augmentation\aug_0_images_321.jpg,177
AMLdataset/release/images_augmentation\aug_1_images_321.jpg,177
AMLdataset/release/images\images_322.jpg,177
AMLdataset/release/images_augmentation\aug_0_images_322.jpg,177
AMLdataset/release/images_augmentation\aug_1_images_322.jpg,177
AMLdataset/release/images\images_323.jpg,177
AMLdataset/release/images_augmentation\aug_0_images_323.jpg,177
AMLdataset/release/images_augmentation\aug_1_images_323.jpg,177
AMLdataset/release/images\images_324.jpg,177
AMLdataset/release/images_augmentation\aug_0_images_324.jpg,177
AMLdataset/release/images_augmentation\aug_1_images_324.jpg,177
AMLdataset/release/images\images_325.jpg,177
AMLdataset/release/images_augmentation\aug_0_images_325.jpg,177
AMLdataset/release/images_augmentation\aug_1_images_325.jpg,177
AMLdataset/release/images\images_326.jpg,177
AMLdataset/release/images_augmentation\aug_0_images_326.jpg,177
AMLdataset/release/images_augmentation\aug_1_images_326.jpg,177
AMLdataset/release/images\images_327.jpg,177
AMLdataset/release/images_augmentation\aug_0_images_327.jpg,177
AMLdataset/release/images_augmentation\aug_1_images_327.jpg,177
AMLdataset/release/images\images_328.jpg,177
AMLdataset/release/images_augmentation\aug_0_images_328.jpg,177
AMLdataset/release/images_augmentation\aug_1_images_328.jpg,177
AMLdataset/release/images\images_329.jpg,177
AMLdataset/release/images_augmentation\aug_0_images_329.jpg,177
AMLdataset/release/images_augmentation\aug_1_images_329.jpg,177
AMLdataset/release/images\images_330.jpg,177
AMLdataset/release/images_augmentation\aug_0_images_330.jpg,177
AMLdataset/release/images_augmentation\aug_1_images_330.jpg,177
AMLdataset/release/images\images_331.jpg,177
AMLdataset/release/images_augmentation\aug_0_images_331.jpg,177
AMLdataset/release/images_augmentation\aug_1_images_331.jpg,177
AMLdataset/release/images\images_332.jpg,177
AMLdataset/release/images_augmentation\aug_0_images_332.jpg,177
AMLdataset/release/images_augmentation\aug_1_images_332.jpg,177
AMLdataset/release/images\images_333.jpg,177
AMLdataset/release/images_augmentation\aug_0_images_333.jpg,177
AMLdataset/release/images_augmentation\aug_1_images_333.jpg,177
AMLdataset/release/images\images_334.jpg,177
AMLdataset/release/images_augmentation\aug_0_images_334.jpg,177
AMLdataset/release/images_augmentation\aug_1_images_334.jpg,177
AMLdataset/release/images\images_335.jpg,177
AMLdataset/release/images_augmentation\aug_0_images_335.jpg,177
AMLdataset/release/images_augmentation\aug_1_images_335.jpg,177
AMLdataset/release/images\images_336.jpg,177
AMLdataset/release/images_augmentation\aug_0_images_336.jpg,177
AMLdataset/release/images_augmentation\aug_1_images_336.jpg,177
AMLdataset/release/images\images_337.jpg,177
AMLdataset/release/images_augmentation\aug_0_images_337.jpg,177
AMLdataset/release/images_augmentation\aug_1_images_337.jpg,177
AMLdataset/release/images\images_338.jpg,177
AMLdataset/release/images_augmentation\aug_0_images_338.jpg,177
AMLdataset/release/images_augmentation\aug_1_images_338.jpg,177
AMLdataset/release/images\images_339.jpg,177
AMLdataset/release/images_augmentation\aug_0_images_339.jpg,177
AMLdataset/release/images_augmentation\aug_1_images_339.jpg,177
AMLdataset/release/images\images_340.jpg,177
AMLdataset/release/images_augmentation\aug_0_images_340.jpg,177
AMLdataset/release/images_augmentation\aug_1_images_340.jpg,177
AMLdataset/release/images\images_341.jpg,106
AMLdataset/release/images_augmentation\aug_0_images_341.jpg,106
AMLdataset/release/images_augmentation\aug_1_images_341.jpg,106
AMLdataset/release/images\images_342.jpg,106
AMLdataset/release/images_augmentation\aug_0_images_342.jpg,106
AMLdataset/release/images_augmentation\aug_1_images_342.jpg,106
AMLdataset/release/images\images_343.jpg,106
AMLdataset/release/images_augmentation\aug_0_images_343.jpg,106
AMLdataset/release/images_augmentation\aug_1_images_343.jpg,106
AMLdataset/release/images\images_344.jpg,106
AMLdataset/release/images_augmentation\aug_0_images_344.jpg,106
AMLdataset/release/images_augmentation\aug_1_images_344.jpg,106
AMLdataset/release/images\images_345.jpg,106
AMLdataset/release/images_augmentation\aug_0_images_345.jpg,106
AMLdataset/release/images_augmentation\aug_1_images_345.jpg,106
AMLdataset/release/images\images_346.jpg,106
AMLdataset/release/images_augmentation\aug_0_images_346.jpg,106
AMLdataset/release/images_augmentation\aug_1_images_346.jpg,106
AMLdataset/release/images\images_347.jpg,106
AMLdataset/release/images_augmentation\aug_0_images_347.jpg,106
AMLdataset/release/images_augmentation\aug_1_images_347.jpg,106
AMLdataset/release/images\images_348.jpg,106
AMLdataset/release/images_augmentation\aug_0_images_348.jpg,106
AMLdataset/release/images_augmentation\aug_1_images_348.jpg,106
AMLdataset/release/images\images_349.jpg,106
AMLdataset/release/images_augmentation\aug_0_images_349.jpg,106
AMLdataset/release/images_augmentation\aug_1_images_349.jpg,106
AMLdataset/release/images\images_350.jpg,106
AMLdataset/release/images_augmentation\aug_0_images_350.jpg,106
AMLdataset/release/images_augmentation\aug_1_images_350.jpg,106
AMLdataset/release/images\images_351.jpg,106
AMLdataset/release/images_augmentation\aug_0_images_351.jpg,106
AMLdataset/release/images_augmentation\aug_1_images_351.jpg,106
AMLdataset/release/images\images_352.jpg,106
AMLdataset/release/images_augmentation\aug_0_images_352.jpg,106
AMLdataset/release/images_augmentation\aug_1_images_352.jpg,106
AMLdataset/release/images\images_353.jpg,106
AMLdataset/release/images_augmentation\aug_0_images_353.jpg,106
AMLdataset/release/images_augmentation\aug_1_images_353.jpg,106
AMLdataset/release/images\images_354.jpg,106
AMLdataset/release/images_augmentation\aug_0_images_354.jpg,106
AMLdataset/release/images_augmentation\aug_1_images_354.jpg,106
AMLdataset/release/images\images_355.jpg,106
AMLdataset/release/images_augmentation\aug_0_images_355.jpg,106
AMLdataset/release/images_augmentation\aug_1_images_355.jpg,106
AMLdataset/release/images\images_356.jpg,106
AMLdataset/release/images_augmentation\aug_0_images_356.jpg,106
AMLdataset/release/images_augmentation\aug_1_images_356.jpg,106
AMLdataset/release/images\images_357.jpg,106
AMLdataset/release/images_augmentation\aug_0_images_357.jpg,106
AMLdataset/release/images_augmentation\aug_1_images_357.jpg,106
AMLdataset/release/images\images_358.jpg,106
AMLdataset/release/images_augmentation\aug_0_images_358.jpg,106
AMLdataset/release/images_augmentation\aug_1_images_358.jpg,106
AMLdataset/release/images\images_359.jpg,106
AMLdataset/release/images_augmentation\aug_0_images_359.jpg,106
AMLdataset/release/images_augmentation\aug_1_images_359.jpg,106
AMLdataset/release/images\images_360.jpg,106
AMLdataset/release/images_augmentation\aug_0_images_360.jpg,106
AMLdataset/release/images_augmentation\aug_1_images_360.jpg,106
AMLdataset/release/images\images_361.jpg,144
AMLdataset/release/images_augmentation\aug_0_images_361.jpg,144
AMLdataset/release/images_augmentation\aug_1_images_361.jpg,144
AMLdataset/release/images\images_362.jpg,144
AMLdataset/release/images_augmentation\aug_0_images_362.jpg,144
AMLdataset/release/images_augmentation\aug_1_images_362.jpg,144
AMLdataset/release/images\images_363.jpg,144
AMLdataset/release/images_augmentation\aug_0_images_363.jpg,144
AMLdataset/release/images_augmentation\aug_1_images_363.jpg,144
AMLdataset/release/images\images_364.jpg,144
AMLdataset/release/images_augmentation\aug_0_images_364.jpg,144
AMLdataset/release/images_augmentation\aug_1_images_364.jpg,144
AMLdataset/release/images\images_365.jpg,144
AMLdataset/release/images_augmentation\aug_0_images_365.jpg,144
AMLdataset/release/images_augmentation\aug_1_images_365.jpg,144
AMLdataset/release/images\images_366.jpg,144
AMLdataset/release/images_augmentation\aug_0_images_366.jpg,144
AMLdataset/release/images_augmentation\aug_1_images_366.jpg,144
AMLdataset/release/images\images_367.jpg,144
AMLdataset/release/images_augmentation\aug_0_images_367.jpg,144
AMLdataset/release/images_augmentation\aug_1_images_367.jpg,144
AMLdataset/release/images\images_368.jpg,144
AMLdataset/release/images_augmentation\aug_0_images_368.jpg,144
AMLdataset/release/images_augmentation\aug_1_images_368.jpg,144
AMLdataset/release/images\images_369.jpg,144
AMLdataset/release/images_augmentation\aug_0_images_369.jpg,144
AMLdataset/release/images_augmentation\aug_1_images_369.jpg,144
AMLdataset/release/images\images_370.jpg,144
AMLdataset/release/images_augmentation\aug_0_images_370.jpg,144
AMLdataset/release/images_augmentation\aug_1_images_370.jpg,144
AMLdataset/release/images\images_371.jpg,144
AMLdataset/release/images_augmentation\aug_0_images_371.jpg,144
AMLdataset/release/images_augmentation\aug_1_images_371.jpg,144
AMLdataset/release/images\images_372.jpg,144
AMLdataset/release/images_augmentation\aug_0_images_372.jpg,144
AMLdataset/release/images_augmentation\aug_1_images_372.jpg,144
AMLdataset/release/images\images_373.jpg,144
AMLdataset/release/images_augmentation\aug_0_images_373.jpg,144
AMLdataset/release/images_augmentation\aug_1_images_373.jpg,144
AMLdataset/release/images\images_374.jpg,144
AMLdataset/release/images_augmentation\aug_0_images_374.jpg,144
AMLdataset/release/images_augmentation\aug_1_images_374.jpg,144
AMLdataset/release/images\images_375.jpg,144
AMLdataset/release/images_augmentation\aug_0_images_375.jpg,144
AMLdataset/release/images_augmentation\aug_1_images_375.jpg,144
AMLdataset/release/images\images_376.jpg,144
AMLdataset/release/images_augmentation\aug_0_images_376.jpg,144
AMLdataset/release/images_augmentation\aug_1_images_376.jpg,144
AMLdataset/release/images\images_377.jpg,144
AMLdataset/release/images_augmentation\aug_0_images_377.jpg,144
AMLdataset/release/images_augmentation\aug_1_images_377.jpg,144
AMLdataset/release/images\images_378.jpg,144
AMLdataset/release/images_augmentation\aug_0_images_378.jpg,144
AMLdataset/release/images_augmentation\aug_1_images_378.jpg,144
AMLdataset/release/images\images_379.jpg,144
AMLdataset/release/images_augmentation\aug_0_images_379.jpg,144
AMLdataset/release/images_augmentation\aug_1_images_379.jpg,144
AMLdataset/release/images\images_380.jpg,144
AMLdataset/release/images_augmentation\aug_0_images_380.jpg,144
AMLdataset/release/images_augmentation\aug_1_images_380.jpg,144
AMLdataset/release/images\images_381.jpg,103
AMLdataset/release/images_augmentation\aug_0_images_381.jpg,103
AMLdataset/release/images_augmentation\aug_1_images_381.jpg,103
AMLdataset/release/images\images_382.jpg,103
AMLdataset/release/images_augmentation\aug_0_images_382.jpg,103
AMLdataset/release/images_augmentation\aug_1_images_382.jpg,103
AMLdataset/release/images\images_383.jpg,103
AMLdataset/release/images_augmentation\aug_0_images_383.jpg,103
AMLdataset/release/images_augmentation\aug_1_images_383.jpg,103
AMLdataset/release/images\images_384.jpg,103
AMLdataset/release/images_augmentation\aug_0_images_384.jpg,103
AMLdataset/release/images_augmentation\aug_1_images_384.jpg,103
AMLdataset/release/images\images_385.jpg,103
AMLdataset/release/images_augmentation\aug_0_images_385.jpg,103
AMLdataset/release/images_augmentation\aug_1_images_385.jpg,103
AMLdataset/release/images\images_386.jpg,103
AMLdataset/release/images_augmentation\aug_0_images_386.jpg,103
AMLdataset/release/images_augmentation\aug_1_images_386.jpg,103
AMLdataset/release/images\images_387.jpg,103
AMLdataset/release/images_augmentation\aug_0_images_387.jpg,103
AMLdataset/release/images_augmentation\aug_1_images_387.jpg,103
AMLdataset/release/images\images_388.jpg,103
AMLdataset/release/images_augmentation\aug_0_images_388.jpg,103
AMLdataset/release/images_augmentation\aug_1_images_388.jpg,103
AMLdataset/release/images\images_389.jpg,103
AMLdataset/release/images_augmentation\aug_0_images_389.jpg,103
AMLdataset/release/images_augmentation\aug_1_images_389.jpg,103
AMLdataset/release/images\images_390.jpg,103
AMLdataset/release/images_augmentation\aug_0_images_390.jpg,103
AMLdataset/release/images_augmentation\aug_1_images_390.jpg,103
AMLdataset/release/images\images_391.jpg,103
AMLdataset/release/images_augmentation\aug_0_images_391.jpg,103
AMLdataset/release/images_augmentation\aug_1_images_391.jpg,103
AMLdataset/release/images\images_392.jpg,103
AMLdataset/release/images_augmentation\aug_0_images_392.jpg,103
AMLdataset/release/images_augmentation\aug_1_images_392.jpg,103
AMLdataset/release/images\images_393.jpg,103
AMLdataset/release/images_augmentation\aug_0_images_393.jpg,103
AMLdataset/release/images_augmentation\aug_1_images_393.jpg,103
AMLdataset/release/images\images_394.jpg,103
AMLdataset/release/images_augmentation\aug_0_images_394.jpg,103
AMLdataset/release/images_augmentation\aug_1_images_394.jpg,103
AMLdataset/release/images\images_395.jpg,103
AMLdataset/release/images_augmentation\aug_0_images_395.jpg,103
AMLdataset/release/images_augmentation\aug_1_images_395.jpg,103
AMLdataset/release/images\images_396.jpg,103
AMLdataset/release/images_augmentation\aug_0_images_396.jpg,103
AMLdataset/release/images_augmentation\aug_1_images_396.jpg,103
AMLdataset/release/images\images_397.jpg,103
AMLdataset/release/images_augmentation\aug_0_images_397.jpg,103
AMLdataset/release/images_augmentation\aug_1_images_397.jpg,103
AMLdataset/release/images\images_398.jpg,103
AMLdataset/release/images_augmentation\aug_0_images_398.jpg,103
AMLdataset/release/images_augmentation\aug_1_images_398.jpg,103
AMLdataset/release/images\images_399.jpg,103
AMLdataset/release/images_augmentation\aug_0_images_399.jpg,103
AMLdataset/release/images_augmentation\aug_1_images_399.jpg,103
AMLdataset/release/images\images_400.jpg,103
AMLdataset/release/images_augmentation\aug_0_images_400.jpg,103
AMLdataset/release/images_augmentation\aug_1_images_400.jpg,103
AMLdataset/release/images\images_401.jpg,80
AMLdataset/release/images_augmentation\aug_0_images_401.jpg,80
AMLdataset/release/images_augmentation\aug_1_images_401.jpg,80
AMLdataset/release/images\images_402.jpg,80
AMLdataset/release/images_augmentation\aug_0_images_402.jpg,80
AMLdataset/release/images_augmentation\aug_1_images_402.jpg,80
AMLdataset/release/images\images_403.jpg,80
AMLdataset/release/images_augmentation\aug_0_images_403.jpg,80
AMLdataset/release/images_augmentation\aug_1_images_403.jpg,80
AMLdataset/release/images\images_404.jpg,80
AMLdataset/release/images_augmentation\aug_0_images_404.jpg,80
AMLdataset/release/images_augmentation\aug_1_images_404.jpg,80
AMLdataset/release/images\images_405.jpg,80
AMLdataset/release/images_augmentation\aug_0_images_405.jpg,80
AMLdataset/release/images_augmentation\aug_1_images_405.jpg,80
AMLdataset/release/images\images_406.jpg,80
AMLdataset/release/images_augmentation\aug_0_images_406.jpg,80
AMLdataset/release/images_augmentation\aug_1_images_406.jpg,80
AMLdataset/release/images\images_407.jpg,80
AMLdataset/release/images_augmentation\aug_0_images_407.jpg,80
AMLdataset/release/images_augmentation\aug_1_images_407.jpg,80
AMLdataset/release/images\images_408.jpg,80
AMLdataset/release/images_augmentation\aug_0_images_408.jpg,80
AMLdataset/release/images_augmentation\aug_1_images_408.jpg,80
AMLdataset/release/images\images_409.jpg,80
AMLdataset/release/images_augmentation\aug_0_images_409.jpg,80
AMLdataset/release/images_augmentation\aug_1_images_409.jpg,80
AMLdataset/release/images\images_410.jpg,80
AMLdataset/release/images_augmentation\aug_0_images_410.jpg,80
AMLdataset/release/images_augmentation\aug_1_images_410.jpg,80
AMLdataset/release/images\images_411.jpg,80
AMLdataset/release/images_augmentation\aug_0_images_411.jpg,80
AMLdataset/release/images_augmentation\aug_1_images_411.jpg,80
AMLdataset/release/images\images_412.jpg,80
AMLdataset/release/images_augmentation\aug_0_images_412.jpg,80
AMLdataset/release/images_augmentation\aug_1_images_412.jpg,80
AMLdataset/release/images\images_413.jpg,80
AMLdataset/release/images_augmentation\aug_0_images_413.jpg,80
AMLdataset/release/images_augmentation\aug_1_images_413.jpg,80
AMLdataset/release/images\images_414.jpg,80
AMLdataset/release/images_augmentation\aug_0_images_414.jpg,80
AMLdataset/release/images_augmentation\aug_1_images_414.jpg,80
AMLdataset/release/images\images_415.jpg,80
AMLdataset/release/images_augmentation\aug_0_images_415.jpg,80
AMLdataset/release/images_augmentation\aug_1_images_415.jpg,80
AMLdataset/release/images\images_416.jpg,80
AMLdataset/release/images_augmentation\aug_0_images_416.jpg,80
AMLdataset/release/images_augmentation\aug_1_images_416.jpg,80
AMLdataset/release/images\images_417.jpg,80
AMLdataset/release/images_augmentation\aug_0_images_417.jpg,80
AMLdataset/release/images_augmentation\aug_1_images_417.jpg,80
AMLdataset/release/images\images_418.jpg,80
AMLdataset/release/images_augmentation\aug_0_images_418.jpg,80
AMLdataset/release/images_augmentation\aug_1_images_418.jpg,80
AMLdataset/release/images\images_419.jpg,80
AMLdataset/release/images_augmentation\aug_0_images_419.jpg,80
AMLdataset/release/images_augmentation\aug_1_images_419.jpg,80
AMLdataset/release/images\images_420.jpg,80
AMLdataset/release/images_augmentation\aug_0_images_420.jpg,80
AMLdataset/release/images_augmentation\aug_1_images_420.jpg,80
AMLdataset/release/images\images_421.jpg,203
AMLdataset/release/images_augmentation\aug_0_images_421.jpg,203
AMLdataset/release/images_augmentation\aug_1_images_421.jpg,203
AMLdataset/release/images\images_422.jpg,203
AMLdataset/release/images_augmentation\aug_0_images_422.jpg,203
AMLdataset/release/images_augmentation\aug_1_images_422.jpg,203
AMLdataset/release/images\images_423.jpg,203
AMLdataset/release/images_augmentation\aug_0_images_423.jpg,203
AMLdataset/release/images_augmentation\aug_1_images_423.jpg,203
AMLdataset/release/images\images_424.jpg,203
AMLdataset/release/images_augmentation\aug_0_images_424.jpg,203
AMLdataset/release/images_augmentation\aug_1_images_424.jpg,203
AMLdataset/release/images\images_425.jpg,203
AMLdataset/release/images_augmentation\aug_0_images_425.jpg,203
AMLdataset/release/images_augmentation\aug_1_images_425.jpg,203
AMLdataset/release/images\images_426.jpg,203
AMLdataset/release/images_augmentation\aug_0_images_426.jpg,203
AMLdataset/release/images_augmentation\aug_1_images_426.jpg,203
AMLdataset/release/images\images_427.jpg,203
AMLdataset/release/images_augmentation\aug_0_images_427.jpg,203
AMLdataset/release/images_augmentation\aug_1_images_427.jpg,203
AMLdataset/release/images\images_428.jpg,203
AMLdataset/release/images_augmentation\aug_0_images_428.jpg,203
AMLdataset/release/images_augmentation\aug_1_images_428.jpg,203
AMLdataset/release/images\images_429.jpg,203
AMLdataset/release/images_augmentation\aug_0_images_429.jpg,203
AMLdataset/release/images_augmentation\aug_1_images_429.jpg,203
AMLdataset/release/images\images_430.jpg,203
AMLdataset/release/images_augmentation\aug_0_images_430.jpg,203
AMLdataset/release/images_augmentation\aug_1_images_430.jpg,203
AMLdataset/release/images\images_431.jpg,203
AMLdataset/release/images_augmentation\aug_0_images_431.jpg,203
AMLdataset/release/images_augmentation\aug_1_images_431.jpg,203
AMLdataset/release/images\images_432.jpg,203
AMLdataset/release/images_augmentation\aug_0_images_432.jpg,203
AMLdataset/release/images_augmentation\aug_1_images_432.jpg,203
AMLdataset/release/images\images_433.jpg,203
AMLdataset/release/images_augmentation\aug_0_images_433.jpg,203
AMLdataset/release/images_augmentation\aug_1_images_433.jpg,203
AMLdataset/release/images\images_434.jpg,203
AMLdataset/release/images_augmentation\aug_0_images_434.jpg,203
AMLdataset/release/images_augmentation\aug_1_images_434.jpg,203
AMLdataset/release/images\images_435.jpg,203
AMLdataset/release/images_augmentation\aug_0_images_435.jpg,203
AMLdataset/release/images_augmentation\aug_1_images_435.jpg,203
AMLdataset/release/images\images_436.jpg,203
AMLdataset/release/images_augmentation\aug_0_images_436.jpg,203
AMLdataset/release/images_augmentation\aug_1_images_436.jpg,203
AMLdataset/release/images\images_437.jpg,203
AMLdataset/release/images_augmentation\aug_0_images_437.jpg,203
AMLdataset/release/images_augmentation\aug_1_images_437.jpg,203
AMLdataset/release/images\images_438.jpg,203
AMLdataset/release/images_augmentation\aug_0_images_438.jpg,203
AMLdataset/release/images_augmentation\aug_1_images_438.jpg,203
AMLdataset/release/images\images_439.jpg,203
AMLdataset/release/images_augmentation\aug_0_images_439.jpg,203
AMLdataset/release/images_augmentation\aug_1_images_439.jpg,203
AMLdataset/release/images\images_440.jpg,203
AMLdataset/release/images_augmentation\aug_0_images_440.jpg,203
AMLdataset/release/images_augmentation\aug_1_images_440.jpg,203
AMLdataset/release/images\images_441.jpg,289
AMLdataset/release/images_augmentation\aug_0_images_441.jpg,289
AMLdataset/release/images_augmentation\aug_1_images_441.jpg,289
AMLdataset/release/images\images_442.jpg,289
AMLdataset/release/images_augmentation\aug_0_images_442.jpg,289
AMLdataset/release/images_augmentation\aug_1_images_442.jpg,289
AMLdataset/release/images\images_443.jpg,289
AMLdataset/release/images_augmentation\aug_0_images_443.jpg,289
AMLdataset/release/images_augmentation\aug_1_images_443.jpg,289
AMLdataset/release/images\images_444.jpg,289
AMLdataset/release/images_augmentation\aug_0_images_444.jpg,289
AMLdataset/release/images_augmentation\aug_1_images_444.jpg,289
AMLdataset/release/images\images_445.jpg,289
AMLdataset/release/images_augmentation\aug_0_images_445.jpg,289
AMLdataset/release/images_augmentation\aug_1_images_445.jpg,289
AMLdataset/release/images\images_446.jpg,289
AMLdataset/release/images_augmentation\aug_0_images_446.jpg,289
AMLdataset/release/images_augmentation\aug_1_images_446.jpg,289
AMLdataset/release/images\images_447.jpg,289
AMLdataset/release/images_augmentation\aug_0_images_447.jpg,289
AMLdataset/release/images_augmentation\aug_1_images_447.jpg,289
AMLdataset/release/images\images_448.jpg,289
AMLdataset/release/images_augmentation\aug_0_images_448.jpg,289
AMLdataset/release/images_augmentation\aug_1_images_448.jpg,289
AMLdataset/release/images\images_449.jpg,289
AMLdataset/release/images_augmentation\aug_0_images_449.jpg,289
AMLdataset/release/images_augmentation\aug_1_images_449.jpg,289
AMLdataset/release/images\images_450.jpg,289
AMLdataset/release/images_augmentation\aug_0_images_450.jpg,289
AMLdataset/release/images_augmentation\aug_1_images_450.jpg,289
AMLdataset/release/images\images_451.jpg,289
AMLdataset/release/images_augmentation\aug_0_images_451.jpg,289
AMLdataset/release/images_augmentation\aug_1_images_451.jpg,289
AMLdataset/release/images\images_452.jpg,289
AMLdataset/release/images_augmentation\aug_0_images_452.jpg,289
AMLdataset/release/images_augmentation\aug_1_images_452.jpg,289
AMLdataset/release/images\images_453.jpg,289
AMLdataset/release/images_augmentation\aug_0_images_453.jpg,289
AMLdataset/release/images_augmentation\aug_1_images_453.jpg,289
AMLdataset/release/images\images_454.jpg,289
AMLdataset/release/images_augmentation\aug_0_images_454.jpg,289
AMLdataset/release/images_augmentation\aug_1_images_454.jpg,289
AMLdataset/release/images\images_455.jpg,289
AMLdataset/release/images_augmentation\aug_0_images_455.jpg,289
AMLdataset/release/images_augmentation\aug_1_images_455.jpg,289
AMLdataset/release/images\images_456.jpg,289
AMLdataset/release/images_augmentation\aug_0_images_456.jpg,289
AMLdataset/release/images_augmentation\aug_1_images_456.jpg,289
AMLdataset/release/images\images_457.jpg,289
AMLdataset/release/images_augmentation\aug_0_images_457.jpg,289
AMLdataset/release/images_augmentation\aug_1_images_457.jpg,289
AMLdataset/release/images\images_458.jpg,289
AMLdataset/release/images_augmentation\aug_0_images_458.jpg,289
AMLdataset/release/images_augmentation\aug_1_images_458.jpg,289
AMLdataset/release/images\images_459.jpg,289
AMLdataset/release/images_augmentation\aug_0_images_459.jpg,289
AMLdataset/release/images_augmentation\aug_1_images_459.jpg,289
AMLdataset/release/images\images_460.jpg,289
AMLdataset/release/images_augmentation\aug_0_images_460.jpg,289
AMLdataset/release/images_augmentation\aug_1_images_460.jpg,289
AMLdataset/release/images\images_461.jpg,190
AMLdataset/release/images_augmentation\aug_0_images_461.jpg,190
AMLdataset/release/images_augmentation\aug_1_images_461.jpg,190
AMLdataset/release/images\images_462.jpg,190
AMLdataset/release/images_augmentation\aug_0_images_462.jpg,190
AMLdataset/release/images_augmentation\aug_1_images_462.jpg,190
AMLdataset/release/images\images_463.jpg,190
AMLdataset/release/images_augmentation\aug_0_images_463.jpg,190
AMLdataset/release/images_augmentation\aug_1_images_463.jpg,190
AMLdataset/release/images\images_464.jpg,190
AMLdataset/release/images_augmentation\aug_0_images_464.jpg,190
AMLdataset/release/images_augmentation\aug_1_images_464.jpg,190
AMLdataset/release/images\images_465.jpg,190
AMLdataset/release/images_augmentation\aug_0_images_465.jpg,190
AMLdataset/release/images_augmentation\aug_1_images_465.jpg,190
AMLdataset/release/images\images_466.jpg,190
AMLdataset/release/images_augmentation\aug_0_images_466.jpg,190
AMLdataset/release/images_augmentation\aug_1_images_466.jpg,190
AMLdataset/release/images\images_467.jpg,190
AMLdataset/release/images_augmentation\aug_0_images_467.jpg,190
AMLdataset/release/images_augmentation\aug_1_images_467.jpg,190
AMLdataset/release/images\images_468.jpg,190
AMLdataset/release/images_augmentation\aug_0_images_468.jpg,190
AMLdataset/release/images_augmentation\aug_1_images_468.jpg,190
AMLdataset/release/images\images_469.jpg,190
AMLdataset/release/images_augmentation\aug_0_images_469.jpg,190
AMLdataset/release/images_augmentation\aug_1_images_469.jpg,190
AMLdataset/release/images\images_470.jpg,190
AMLdataset/release/images_augmentation\aug_0_images_470.jpg,190
AMLdataset/release/images_augmentation\aug_1_images_470.jpg,190
AMLdataset/release/images\images_471.jpg,190
AMLdataset/release/images_augmentation\aug_0_images_471.jpg,190
AMLdataset/release/images_augmentation\aug_1_images_471.jpg,190
AMLdataset/release/images\images_472.jpg,190
AMLdataset/release/images_augmentation\aug_0_images_472.jpg,190
AMLdataset/release/images_augmentation\aug_1_images_472.jpg,190
AMLdataset/release/images\images_473.jpg,190
AMLdataset/release/images_augmentation\aug_0_images_473.jpg,190
AMLdataset/release/images_augmentation\aug_1_images_473.jpg,190
AMLdataset/release/images\images_474.jpg,190
AMLdataset/release/images_augmentation\aug_0_images_474.jpg,190
AMLdataset/release/images_augmentation\aug_1_images_474.jpg,190
AMLdataset/release/images\images_475.jpg,190
AMLdataset/release/images_augmentation\aug_0_images_475.jpg,190
AMLdataset/release/images_augmentation\aug_1_images_475.jpg,190
AMLdataset/release/images\images_476.jpg,190
AMLdataset/release/images_augmentation\aug_0_images_476.jpg,190
AMLdataset/release/images_augmentation\aug_1_images_476.jpg,190
AMLdataset/release/images\images_477.jpg,190
AMLdataset/release/images_augmentation\aug_0_images_477.jpg,190
AMLdataset/release/images_augmentation\aug_1_images_477.jpg,190
AMLdataset/release/images\images_478.jpg,190
AMLdataset/release/images_augmentation\aug_0_images_478.jpg,190
AMLdataset/release/images_augmentation\aug_1_images_478.jpg,190
AMLdataset/release/images\images_479.jpg,190
AMLdataset/release/images_augmentation\aug_0_images_479.jpg,190
AMLdataset/release/images_augmentation\aug_1_images_479.jpg,190
AMLdataset/release/images\images_480.jpg,190
AMLdataset/release/images_augmentation\aug_0_images_480.jpg,190
AMLdataset/release/images_augmentation\aug_1_images_480.jpg,190
AMLdataset/release/images\images_481.jpg,99
AMLdataset/release/images_augmentation\aug_0_images_481.jpg,99
AMLdataset/release/images_augmentation\aug_1_images_481.jpg,99
AMLdataset/release/images\images_482.jpg,99
AMLdataset/release/images_augmentation\aug_0_images_482.jpg,99
AMLdataset/release/images_augmentation\aug_1_images_482.jpg,99
AMLdataset/release/images\images_483.jpg,99
AMLdataset/release/images_augmentation\aug_0_images_483.jpg,99
AMLdataset/release/images_augmentation\aug_1_images_483.jpg,99
AMLdataset/release/images\images_484.jpg,99
AMLdataset/release/images_augmentation\aug_0_images_484.jpg,99
AMLdataset/release/images_augmentation\aug_1_images_484.jpg,99
AMLdataset/release/images\images_485.jpg,99
AMLdataset/release/images_augmentation\aug_0_images_485.jpg,99
AMLdataset/release/images_augmentation\aug_1_images_485.jpg,99
AMLdataset/release/images\images_486.jpg,99
AMLdataset/release/images_augmentation\aug_0_images_486.jpg,99
AMLdataset/release/images_augmentation\aug_1_images_486.jpg,99
AMLdataset/release/images\images_487.jpg,99
AMLdataset/release/images_augmentation\aug_0_images_487.jpg,99
AMLdataset/release/images_augmentation\aug_1_images_487.jpg,99
AMLdataset/release/images\images_488.jpg,99
AMLdataset/release/images_augmentation\aug_0_images_488.jpg,99
AMLdataset/release/images_augmentation\aug_1_images_488.jpg,99
AMLdataset/release/images\images_489.jpg,99
AMLdataset/release/images_augmentation\aug_0_images_489.jpg,99
AMLdataset/release/images_augmentation\aug_1_images_489.jpg,99
AMLdataset/release/images\images_490.jpg,99
AMLdataset/release/images_augmentation\aug_0_images_490.jpg,99
AMLdataset/release/images_augmentation\aug_1_images_490.jpg,99
AMLdataset/release/images\images_491.jpg,99
AMLdataset/release/images_augmentation\aug_0_images_491.jpg,99
AMLdataset/release/images_augmentation\aug_1_images_491.jpg,99
AMLdataset/release/images\images_492.jpg,99
AMLdataset/release/images_augmentation\aug_0_images_492.jpg,99
AMLdataset/release/images_augmentation\aug_1_images_492.jpg,99
AMLdataset/release/images\images_493.jpg,99
AMLdataset/release/images_augmentation\aug_0_images_493.jpg,99
AMLdataset/release/images_augmentation\aug_1_images_493.jpg,99
AMLdataset/release/images\images_494.jpg,99
AMLdataset/release/images_augmentation\aug_0_images_494.jpg,99
AMLdataset/release/images_augmentation\aug_1_images_494.jpg,99
AMLdataset/release/images\images_495.jpg,99
AMLdataset/release/images_augmentation\aug_0_images_495.jpg,99
AMLdataset/release/images_augmentation\aug_1_images_495.jpg,99
AMLdataset/release/images\images_496.jpg,99
AMLdataset/release/images_augmentation\aug_0_images_496.jpg,99
AMLdataset/release/images_augmentation\aug_1_images_496.jpg,99
AMLdataset/release/images\images_497.jpg,99
AMLdataset/release/images_augmentation\aug_0_images_497.jpg,99
AMLdataset/release/images_augmentation\aug_1_images_497.jpg,99
AMLdataset/release/images\images_498.jpg,99
AMLdataset/release/images_augmentation\aug_0_images_498.jpg,99
AMLdataset/release/images_augmentation\aug_1_images_498.jpg,99
AMLdataset/release/images\images_499.jpg,99
AMLdataset/release/images_augmentation\aug_0_images_499.jpg,99
AMLdataset/release/images_augmentation\aug_1_images_499.jpg,99
AMLdataset/release/images\images_500.jpg,99
AMLdataset/release/images_augmentation\aug_0_images_500.jpg,99
AMLdataset/release/images_augmentation\aug_1_images_500.jpg,99
AMLdataset/release/images\images_501.jpg,100
AMLdataset/release/images_augmentation\aug_0_images_501.jpg,100
AMLdataset/release/images_augmentation\aug_1_images_501.jpg,100
AMLdataset/release/images\images_502.jpg,100
AMLdataset/release/images_augmentation\aug_0_images_502.jpg,100
AMLdataset/release/images_augmentation\aug_1_images_502.jpg,100
AMLdataset/release/images\images_503.jpg,100
AMLdataset/release/images_augmentation\aug_0_images_503.jpg,100
AMLdataset/release/images_augmentation\aug_1_images_503.jpg,100
AMLdataset/release/images\images_504.jpg,100
AMLdataset/release/images_augmentation\aug_0_images_504.jpg,100
AMLdataset/release/images_augmentation\aug_1_images_504.jpg,100
AMLdataset/release/images\images_505.jpg,100
AMLdataset/release/images_augmentation\aug_0_images_505.jpg,100
AMLdataset/release/images_augmentation\aug_1_images_505.jpg,100
AMLdataset/release/images\images_506.jpg,100
AMLdataset/release/images_augmentation\aug_0_images_506.jpg,100
AMLdataset/release/images_augmentation\aug_1_images_506.jpg,100
AMLdataset/release/images\images_507.jpg,100
AMLdataset/release/images_augmentation\aug_0_images_507.jpg,100
AMLdataset/release/images_augmentation\aug_1_images_507.jpg,100
AMLdataset/release/images\images_508.jpg,100
AMLdataset/release/images_augmentation\aug_0_images_508.jpg,100
AMLdataset/release/images_augmentation\aug_1_images_508.jpg,100
AMLdataset/release/images\images_509.jpg,100
AMLdataset/release/images_augmentation\aug_0_images_509.jpg,100
AMLdataset/release/images_augmentation\aug_1_images_509.jpg,100
AMLdataset/release/images\images_510.jpg,100
AMLdataset/release/images_augmentation\aug_0_images_510.jpg,100
AMLdataset/release/images_augmentation\aug_1_images_510.jpg,100
AMLdataset/release/images\images_511.jpg,100
AMLdataset/release/images_augmentation\aug_0_images_511.jpg,100
AMLdataset/release/images_augmentation\aug_1_images_511.jpg,100
AMLdataset/release/images\images_512.jpg,100
AMLdataset/release/images_augmentation\aug_0_images_512.jpg,100
AMLdataset/release/images_augmentation\aug_1_images_512.jpg,100
AMLdataset/release/images\images_513.jpg,100
AMLdataset/release/images_augmentation\aug_0_images_513.jpg,100
AMLdataset/release/images_augmentation\aug_1_images_513.jpg,100
AMLdataset/release/images\images_514.jpg,100
AMLdataset/release/images_augmentation\aug_0_images_514.jpg,100
AMLdataset/release/images_augmentation\aug_1_images_514.jpg,100
AMLdataset/release/images\images_515.jpg,100
AMLdataset/release/images_augmentation\aug_0_images_515.jpg,100
AMLdataset/release/images_augmentation\aug_1_images_515.jpg,100
AMLdataset/release/images\images_516.jpg,100
AMLdataset/release/images_augmentation\aug_0_images_516.jpg,100
AMLdataset/release/images_augmentation\aug_1_images_516.jpg,100
AMLdataset/release/images\images_517.jpg,100
AMLdataset/release/images_augmentation\aug_0_images_517.jpg,100
AMLdataset/release/images_augmentation\aug_1_images_517.jpg,100
AMLdataset/release/images\images_518.jpg,100
AMLdataset/release/images_augmentation\aug_0_images_518.jpg,100
AMLdataset/release/images_augmentation\aug_1_images_518.jpg,100
AMLdataset/release/images\images_519.jpg,100
AMLdataset/release/images_augmentation\aug_0_images_519.jpg,100
AMLdataset/release/images_augmentation\aug_1_images_519.jpg,100
AMLdataset/release/images\images_520.jpg,100
AMLdataset/release/images_augmentation\aug_0_images_520.jpg,100
AMLdataset/release/images_augmentation\aug_1_images_520.jpg,100
AMLdataset/release/images\images_521.jpg,243
AMLdataset/release/images_augmentation\aug_0_images_521.jpg,243
AMLdataset/release/images_augmentation\aug_1_images_521.jpg,243
AMLdataset/release/images\images_522.jpg,243
AMLdataset/release/images_augmentation\aug_0_images_522.jpg,243
AMLdataset/release/images_augmentation\aug_1_images_522.jpg,243
AMLdataset/release/images\images_523.jpg,243
AMLdataset/release/images_augmentation\aug_0_images_523.jpg,243
AMLdataset/release/images_augmentation\aug_1_images_523.jpg,243
AMLdataset/release/images\images_524.jpg,243
AMLdataset/release/images_augmentation\aug_0_images_524.jpg,243
AMLdataset/release/images_augmentation\aug_1_images_524.jpg,243
AMLdataset/release/images\images_525.jpg,243
AMLdataset/release/images_augmentation\aug_0_images_525.jpg,243
AMLdataset/release/images_augmentation\aug_1_images_525.jpg,243
AMLdataset/release/images\images_526.jpg,243
AMLdataset/release/images_augmentation\aug_0_images_526.jpg,243
AMLdataset/release/images_augmentation\aug_1_images_526.jpg,243
AMLdataset/release/images\images_527.jpg,243
AMLdataset/release/images_augmentation\aug_0_images_527.jpg,243
AMLdataset/release/images_augmentation\aug_1_images_527.jpg,243
AMLdataset/release/images\images_528.jpg,243
AMLdataset/release/images_augmentation\aug_0_images_528.jpg,243
AMLdataset/release/images_augmentation\aug_1_images_528.jpg,243
AMLdataset/release/images\images_529.jpg,243
AMLdataset/release/images_augmentation\aug_0_images_529.jpg,243
AMLdataset/release/images_augmentation\aug_1_images_529.jpg,243
AMLdataset/release/images\images_530.jpg,243
AMLdataset/release/images_augmentation\aug_0_images_530.jpg,243
AMLdataset/release/images_augmentation\aug_1_images_530.jpg,243
AMLdataset/release/images\images_531.jpg,243
AMLdataset/release/images_augmentation\aug_0_images_531.jpg,243
AMLdataset/release/images_augmentation\aug_1_images_531.jpg,243
AMLdataset/release/images\images_532.jpg,243
AMLdataset/release/images_augmentation\aug_0_images_532.jpg,243
AMLdataset/release/images_augmentation\aug_1_images_532.jpg,243
AMLdataset/release/images\images_533.jpg,243
AMLdataset/release/images_augmentation\aug_0_images_533.jpg,243
AMLdataset/release/images_augmentation\aug_1_images_533.jpg,243
AMLdataset/release/images\images_534.jpg,243
AMLdataset/release/images_augmentation\aug_0_images_534.jpg,243
AMLdataset/release/images_augmentation\aug_1_images_534.jpg,243
AMLdataset/release/images\images_535.jpg,243
AMLdataset/release/images_augmentation\aug_0_images_535.jpg,243
AMLdataset/release/images_augmentation\aug_1_images_535.jpg,243
AMLdataset/release/images\images_536.jpg,243
AMLdataset/release/images_augmentation\aug_0_images_536.jpg,243
AMLdataset/release/images_augmentation\aug_1_images_536.jpg,243
AMLdataset/release/images\images_537.jpg,243
AMLdataset/release/images_augmentation\aug_0_images_537.jpg,243
AMLdataset/release/images_augmentation\aug_1_images_537.jpg,243
AMLdataset/release/images\images_538.jpg,243
AMLdataset/release/images_augmentation\aug_0_images_538.jpg,243
AMLdataset/release/images_augmentation\aug_1_images_538.jpg,243
AMLdataset/release/images\images_539.jpg,243
AMLdataset/release/images_augmentation\aug_0_images_539.jpg,243
AMLdataset/release/images_augmentation\aug_1_images_539.jpg,243
AMLdataset/release/images\images_540.jpg,243
AMLdataset/release/images_augmentation\aug_0_images_540.jpg,243
AMLdataset/release/images_augmentation\aug_1_images_540.jpg,243
AMLdataset/release/images\images_541.jpg,207
AMLdataset/release/images_augmentation\aug_0_images_541.jpg,207
AMLdataset/release/images_augmentation\aug_1_images_541.jpg,207
AMLdataset/release/images\images_542.jpg,207
AMLdataset/release/images_augmentation\aug_0_images_542.jpg,207
AMLdataset/release/images_augmentation\aug_1_images_542.jpg,207
AMLdataset/release/images\images_543.jpg,207
AMLdataset/release/images_augmentation\aug_0_images_543.jpg,207
AMLdataset/release/images_augmentation\aug_1_images_543.jpg,207
AMLdataset/release/images\images_544.jpg,207
AMLdataset/release/images_augmentation\aug_0_images_544.jpg,207
AMLdataset/release/images_augmentation\aug_1_images_544.jpg,207
AMLdataset/release/images\images_545.jpg,207
AMLdataset/release/images_augmentation\aug_0_images_545.jpg,207
AMLdataset/release/images_augmentation\aug_1_images_545.jpg,207
AMLdataset/release/images\images_546.jpg,207
AMLdataset/release/images_augmentation\aug_0_images_546.jpg,207
AMLdataset/release/images_augmentation\aug_1_images_546.jpg,207
AMLdataset/release/images\images_547.jpg,207
AMLdataset/release/images_augmentation\aug_0_images_547.jpg,207
AMLdataset/release/images_augmentation\aug_1_images_547.jpg,207
AMLdataset/release/images\images_548.jpg,207
AMLdataset/release/images_augmentation\aug_0_images_548.jpg,207
AMLdataset/release/images_augmentation\aug_1_images_548.jpg,207
AMLdataset/release/images\images_549.jpg,207
AMLdataset/release/images_augmentation\aug_0_images_549.jpg,207
AMLdataset/release/images_augmentation\aug_1_images_549.jpg,207
AMLdataset/release/images\images_550.jpg,207
AMLdataset/release/images_augmentation\aug_0_images_550.jpg,207
AMLdataset/release/images_augmentation\aug_1_images_550.jpg,207
AMLdataset/release/images\images_551.jpg,207
AMLdataset/release/images_augmentation\aug_0_images_551.jpg,207
AMLdataset/release/images_augmentation\aug_1_images_551.jpg,207
AMLdataset/release/images\images_552.jpg,207
AMLdataset/release/images_augmentation\aug_0_images_552.jpg,207
AMLdataset/release/images_augmentation\aug_1_images_552.jpg,207
AMLdataset/release/images\images_553.jpg,207
AMLdataset/release/images_augmentation\aug_0_images_553.jpg,207
AMLdataset/release/images_augmentation\aug_1_images_553.jpg,207
AMLdataset/release/images\images_554.jpg,207
AMLdataset/release/images_augmentation\aug_0_images_554.jpg,207
AMLdataset/release/images_augmentation\aug_1_images_554.jpg,207
AMLdataset/release/images\images_555.jpg,207
AMLdataset/release/images_augmentation\aug_0_images_555.jpg,207
AMLdataset/release/images_augmentation\aug_1_images_555.jpg,207
AMLdataset/release/images\images_556.jpg,207
AMLdataset/release/images_augmentation\aug_0_images_556.jpg,207
AMLdataset/release/images_augmentation\aug_1_images_556.jpg,207
AMLdataset/release/images\images_557.jpg,207
AMLdataset/release/images_augmentation\aug_0_images_557.jpg,207
AMLdataset/release/images_augmentation\aug_1_images_557.jpg,207
AMLdataset/release/images\images_558.jpg,207
AMLdataset/release/images_augmentation\aug_0_images_558.jpg,207
AMLdataset/release/images_augmentation\aug_1_images_558.jpg,207
AMLdataset/release/images\images_559.jpg,207
AMLdataset/release/images_augmentation\aug_0_images_559.jpg,207
AMLdataset/release/images_augmentation\aug_1_images_559.jpg,207
AMLdataset/release/images\images_560.jpg,207
AMLdataset/release/images_augmentation\aug_0_images_560.jpg,207
AMLdataset/release/images_augmentation\aug_1_images_560.jpg,207
AMLdataset/release/images\images_561.jpg,96
AMLdataset/release/images_augmentation\aug_0_images_561.jpg,96
AMLdataset/release/images_augmentation\aug_1_images_561.jpg,96
AMLdataset/release/images\images_562.jpg,96
AMLdataset/release/images_augmentation\aug_0_images_562.jpg,96
AMLdataset/release/images_augmentation\aug_1_images_562.jpg,96
AMLdataset/release/images\images_563.jpg,96
AMLdataset/release/images_augmentation\aug_0_images_563.jpg,96
AMLdataset/release/images_augmentation\aug_1_images_563.jpg,96
AMLdataset/release/images\images_564.jpg,96
AMLdataset/release/images_augmentation\aug_0_images_564.jpg,96
AMLdataset/release/images_augmentation\aug_1_images_564.jpg,96
AMLdataset/release/images\images_565.jpg,96
AMLdataset/release/images_augmentation\aug_0_images_565.jpg,96
AMLdataset/release/images_augmentation\aug_1_images_565.jpg,96
AMLdataset/release/images\images_566.jpg,96
AMLdataset/release/images_augmentation\aug_0_images_566.jpg,96
AMLdataset/release/images_augmentation\aug_1_images_566.jpg,96
AMLdataset/release/images\images_567.jpg,96
AMLdataset/release/images_augmentation\aug_0_images_567.jpg,96
AMLdataset/release/images_augmentation\aug_1_images_567.jpg,96
AMLdataset/release/images\images_568.jpg,96
AMLdataset/release/images_augmentation\aug_0_images_568.jpg,96
AMLdataset/release/images_augmentation\aug_1_images_568.jpg,96
AMLdataset/release/images\images_569.jpg,96
AMLdataset/release/images_augmentation\aug_0_images_569.jpg,96
AMLdataset/release/images_augmentation\aug_1_images_569.jpg,96
AMLdataset/release/images\images_570.jpg,96
AMLdataset/release/images_augmentation\aug_0_images_570.jpg,96
AMLdataset/release/images_augmentation\aug_1_images_570.jpg,96
AMLdataset/release/images\images_571.jpg,96
AMLdataset/release/images_augmentation\aug_0_images_571.jpg,96
AMLdataset/release/images_augmentation\aug_1_images_571.jpg,96
AMLdataset/release/images\images_572.jpg,96
AMLdataset/release/images_augmentation\aug_0_images_572.jpg,96
AMLdataset/release/images_augmentation\aug_1_images_572.jpg,96
AMLdataset/release/images\images_573.jpg,96
AMLdataset/release/images_augmentation\aug_0_images_573.jpg,96
AMLdataset/release/images_augmentation\aug_1_images_573.jpg,96
AMLdataset/release/images\images_574.jpg,96
AMLdataset/release/images_augmentation\aug_0_images_574.jpg,96
AMLdataset/release/images_augmentation\aug_1_images_574.jpg,96
AMLdataset/release/images\images_575.jpg,96
AMLdataset/release/images_augmentation\aug_0_images_575.jpg,96
AMLdataset/release/images_augmentation\aug_1_images_575.jpg,96
AMLdataset/release/images\images_576.jpg,96
AMLdataset/release/images_augmentation\aug_0_images_576.jpg,96
AMLdataset/release/images_augmentation\aug_1_images_576.jpg,96
AMLdataset/release/images\images_577.jpg,96
AMLdataset/release/images_augmentation\aug_0_images_577.jpg,96
AMLdataset/release/images_augmentation\aug_1_images_577.jpg,96
AMLdataset/release/images\images_578.jpg,96
AMLdataset/release/images_augmentation\aug_0_images_578.jpg,96
AMLdataset/release/images_augmentation\aug_1_images_578.jpg,96
AMLdataset/release/images\images_579.jpg,96
AMLdataset/release/images_augmentation\aug_0_images_579.jpg,96
AMLdataset/release/images_augmentation\aug_1_images_579.jpg,96
AMLdataset/release/images\images_580.jpg,96
AMLdataset/release/images_augmentation\aug_0_images_580.jpg,96
AMLdataset/release/images_augmentation\aug_1_images_580.jpg,96
AMLdataset/release/images\images_581.jpg,146
AMLdataset/release/images_augmentation\aug_0_images_581.jpg,146
AMLdataset/release/images_augmentation\aug_1_images_581.jpg,146
AMLdataset/release/images\images_582.jpg,146
AMLdataset/release/images_augmentation\aug_0_images_582.jpg,146
AMLdataset/release/images_augmentation\aug_1_images_582.jpg,146
AMLdataset/release/images\images_583.jpg,146
AMLdataset/release/images_augmentation\aug_0_images_583.jpg,146
AMLdataset/release/images_augmentation\aug_1_images_583.jpg,146
AMLdataset/release/images\images_584.jpg,146
AMLdataset/release/images_augmentation\aug_0_images_584.jpg,146
AMLdataset/release/images_augmentation\aug_1_images_584.jpg,146
AMLdataset/release/images\images_585.jpg,146
AMLdataset/release/images_augmentation\aug_0_images_585.jpg,146
AMLdataset/release/images_augmentation\aug_1_images_585.jpg,146
AMLdataset/release/images\images_586.jpg,146
AMLdataset/release/images_augmentation\aug_0_images_586.jpg,146
AMLdataset/release/images_augmentation\aug_1_images_586.jpg,146
AMLdataset/release/images\images_587.jpg,146
AMLdataset/release/images_augmentation\aug_0_images_587.jpg,146
AMLdataset/release/images_augmentation\aug_1_images_587.jpg,146
AMLdataset/release/images\images_588.jpg,146
AMLdataset/release/images_augmentation\aug_0_images_588.jpg,146
AMLdataset/release/images_augmentation\aug_1_images_588.jpg,146
AMLdataset/release/images\images_589.jpg,146
AMLdataset/release/images_augmentation\aug_0_images_589.jpg,146
AMLdataset/release/images_augmentation\aug_1_images_589.jpg,146
AMLdataset/release/images\images_590.jpg,146
AMLdataset/release/images_augmentation\aug_0_images_590.jpg,146
AMLdataset/release/images_augmentation\aug_1_images_590.jpg,146
AMLdataset/release/images\images_591.jpg,146
AMLdataset/release/images_augmentation\aug_0_images_591.jpg,146
AMLdataset/release/images_augmentation\aug_1_images_591.jpg,146
AMLdataset/release/images\images_592.jpg,146
AMLdataset/release/images_augmentation\aug_0_images_592.jpg,146
AMLdataset/release/images_augmentation\aug_1_images_592.jpg,146
AMLdataset/release/images\images_593.jpg,146
AMLdataset/release/images_augmentation\aug_0_images_593.jpg,146
AMLdataset/release/images_augmentation\aug_1_images_593.jpg,146
AMLdataset/release/images\images_594.jpg,146
AMLdataset/release/images_augmentation\aug_0_images_594.jpg,146
AMLdataset/release/images_augmentation\aug_1_images_594.jpg,146
AMLdataset/release/images\images_595.jpg,146
AMLdataset/release/images_augmentation\aug_0_images_595.jpg,146
AMLdataset/release/images_augmentation\aug_1_images_595.jpg,146
AMLdataset/release/images\images_596.jpg,146
AMLdataset/release/images_augmentation\aug_0_images_596.jpg,146
AMLdataset/release/images_augmentation\aug_1_images_596.jpg,146
AMLdataset/release/images\images_597.jpg,146
AMLdataset/release/images_augmentation\aug_0_images_597.jpg,146
AMLdataset/release/images_augmentation\aug_1_images_597.jpg,146
AMLdataset/release/images\images_598.jpg,146
AMLdataset/release/images_augmentation\aug_0_images_598.jpg,146
AMLdataset/release/images_augmentation\aug_1_images_598.jpg,146
AMLdataset/release/images\images_599.jpg,146
AMLdataset/release/images_augmentation\aug_0_images_599.jpg,146
AMLdataset/release/images_augmentation\aug_1_images_599.jpg,146
AMLdataset/release/images\images_600.jpg,146
AMLdataset/release/images_augmentation\aug_0_images_600.jpg,146
AMLdataset/release/images_augmentation\aug_1_images_600.jpg,146
AMLdataset/release/images\images_601.jpg,257
AMLdataset/release/images_augmentation\aug_0_images_601.jpg,257
AMLdataset/release/images_augmentation\aug_1_images_601.jpg,257
AMLdataset/release/images\images_602.jpg,257
AMLdataset/release/images_augmentation\aug_0_images_602.jpg,257
AMLdataset/release/images_augmentation\aug_1_images_602.jpg,257
AMLdataset/release/images\images_603.jpg,257
AMLdataset/release/images_augmentation\aug_0_images_603.jpg,257
AMLdataset/release/images_augmentation\aug_1_images_603.jpg,257
AMLdataset/release/images\images_604.jpg,257
AMLdataset/release/images_augmentation\aug_0_images_604.jpg,257
AMLdataset/release/images_augmentation\aug_1_images_604.jpg,257
AMLdataset/release/images\images_605.jpg,257
AMLdataset/release/images_augmentation\aug_0_images_605.jpg,257
AMLdataset/release/images_augmentation\aug_1_images_605.jpg,257
AMLdataset/release/images\images_606.jpg,257
AMLdataset/release/images_augmentation\aug_0_images_606.jpg,257
AMLdataset/release/images_augmentation\aug_1_images_606.jpg,257
AMLdataset/release/images\images_607.jpg,257
AMLdataset/release/images_augmentation\aug_0_images_607.jpg,257
AMLdataset/release/images_augmentation\aug_1_images_607.jpg,257
AMLdataset/release/images\images_608.jpg,257
AMLdataset/release/images_augmentation\aug_0_images_608.jpg,257
AMLdataset/release/images_augmentation\aug_1_images_608.jpg,257
AMLdataset/release/images\images_609.jpg,257
AMLdataset/release/images_augmentation\aug_0_images_609.jpg,257
AMLdataset/release/images_augmentation\aug_1_images_609.jpg,257
AMLdataset/release/images\images_610.jpg,257
AMLdataset/release/images_augmentation\aug_0_images_610.jpg,257
AMLdataset/release/images_augmentation\aug_1_images_610.jpg,257
AMLdataset/release/images\images_611.jpg,257
AMLdataset/release/images_augmentation\aug_0_images_611.jpg,257
AMLdataset/release/images_augmentation\aug_1_images_611.jpg,257
AMLdataset/release/images\images_612.jpg,257
AMLdataset/release/images_augmentation\aug_0_images_612.jpg,257
AMLdataset/release/images_augmentation\aug_1_images_612.jpg,257
AMLdataset/release/images\images_613.jpg,257
AMLdataset/release/images_augmentation\aug_0_images_613.jpg,257
AMLdataset/release/images_augmentation\aug_1_images_613.jpg,257
AMLdataset/release/images\images_614.jpg,257
AMLdataset/release/images_augmentation\aug_0_images_614.jpg,257
AMLdataset/release/images_augmentation\aug_1_images_614.jpg,257
AMLdataset/release/images\images_615.jpg,257
AMLdataset/release/images_augmentation\aug_0_images_615.jpg,257
AMLdataset/release/images_augmentation\aug_1_images_615.jpg,257
AMLdataset/release/images\images_616.jpg,257
AMLdataset/release/images_augmentation\aug_0_images_616.jpg,257
AMLdataset/release/images_augmentation\aug_1_images_616.jpg,257
AMLdataset/release/images\images_617.jpg,257
AMLdataset/release/images_augmentation\aug_0_images_617.jpg,257
AMLdataset/release/images_augmentation\aug_1_images_617.jpg,257
AMLdataset/release/images\images_618.jpg,257
AMLdataset/release/images_augmentation\aug_0_images_618.jpg,257
AMLdataset/release/images_augmentation\aug_1_images_618.jpg,257
AMLdataset/release/images\images_619.jpg,257
AMLdataset/release/images_augmentation\aug_0_images_619.jpg,257
AMLdataset/release/images_augmentation\aug_1_images_619.jpg,257
AMLdataset/release/images\images_620.jpg,257
AMLdataset/release/images_augmentation\aug_0_images_620.jpg,257
AMLdataset/release/images_augmentation\aug_1_images_620.jpg,257
AMLdataset/release/images\images_621.jpg,34
AMLdataset/release/images_augmentation\aug_0_images_621.jpg,34
AMLdataset/release/images_augmentation\aug_1_images_621.jpg,34
AMLdataset/release/images\images_622.jpg,34
AMLdataset/release/images_augmentation\aug_0_images_622.jpg,34
AMLdataset/release/images_augmentation\aug_1_images_622.jpg,34
AMLdataset/release/images\images_623.jpg,34
AMLdataset/release/images_augmentation\aug_0_images_623.jpg,34
AMLdataset/release/images_augmentation\aug_1_images_623.jpg,34
AMLdataset/release/images\images_624.jpg,34
AMLdataset/release/images_augmentation\aug_0_images_624.jpg,34
AMLdataset/release/images_augmentation\aug_1_images_624.jpg,34
AMLdataset/release/images\images_625.jpg,34
AMLdataset/release/images_augmentation\aug_0_images_625.jpg,34
AMLdataset/release/images_augmentation\aug_1_images_625.jpg,34
AMLdataset/release/images\images_626.jpg,34
AMLdataset/release/images_augmentation\aug_0_images_626.jpg,34
AMLdataset/release/images_augmentation\aug_1_images_626.jpg,34
AMLdataset/release/images\images_627.jpg,34
AMLdataset/release/images_augmentation\aug_0_images_627.jpg,34
AMLdataset/release/images_augmentation\aug_1_images_627.jpg,34
AMLdataset/release/images\images_628.jpg,34
AMLdataset/release/images_augmentation\aug_0_images_628.jpg,34
AMLdataset/release/images_augmentation\aug_1_images_628.jpg,34
AMLdataset/release/images\images_629.jpg,34
AMLdataset/release/images_augmentation\aug_0_images_629.jpg,34
AMLdataset/release/images_augmentation\aug_1_images_629.jpg,34
AMLdataset/release/images\images_630.jpg,34
AMLdataset/release/images_augmentation\aug_0_images_630.jpg,34
AMLdataset/release/images_augmentation\aug_1_images_630.jpg,34
AMLdataset/release/images\images_631.jpg,34
AMLdataset/release/images_augmentation\aug_0_images_631.jpg,34
AMLdataset/release/images_augmentation\aug_1_images_631.jpg,34
AMLdataset/release/images\images_632.jpg,34
AMLdataset/release/images_augmentation\aug_0_images_632.jpg,34
AMLdataset/release/images_augmentation\aug_1_images_632.jpg,34
AMLdataset/release/images\images_633.jpg,34
AMLdataset/release/images_augmentation\aug_0_images_633.jpg,34
AMLdataset/release/images_augmentation\aug_1_images_633.jpg,34
AMLdataset/release/images\images_634.jpg,34
AMLdataset/release/images_augmentation\aug_0_images_634.jpg,34
AMLdataset/release/images_augmentation\aug_1_images_634.jpg,34
AMLdataset/release/images\images_635.jpg,34
AMLdataset/release/images_augmentation\aug_0_images_635.jpg,34
AMLdataset/release/images_augmentation\aug_1_images_635.jpg,34
AMLdataset/release/images\images_636.jpg,34
AMLdataset/release/images_augmentation\aug_0_images_636.jpg,34
AMLdataset/release/images_augmentation\aug_1_images_636.jpg,34
AMLdataset/release/images\images_637.jpg,34
AMLdataset/release/images_augmentation\aug_0_images_637.jpg,34
AMLdataset/release/images_augmentation\aug_1_images_637.jpg,34
AMLdataset/release/images\images_638.jpg,34
AMLdataset/release/images_augmentation\aug_0_images_638.jpg,34
AMLdataset/release/images_augmentation\aug_1_images_638.jpg,34
AMLdataset/release/images\images_639.jpg,34
AMLdataset/release/images_augmentation\aug_0_images_639.jpg,34
AMLdataset/release/images_augmentation\aug_1_images_639.jpg,34
AMLdataset/release/images\images_640.jpg,34
AMLdataset/release/images_augmentation\aug_0_images_640.jpg,34
AMLdataset/release/images_augmentation\aug_1_images_640.jpg,34
AMLdataset/release/images\images_641.jpg,224
AMLdataset/release/images_augmentation\aug_0_images_641.jpg,224
AMLdataset/release/images_augmentation\aug_1_images_641.jpg,224
AMLdataset/release/images\images_642.jpg,224
AMLdataset/release/images_augmentation\aug_0_images_642.jpg,224
AMLdataset/release/images_augmentation\aug_1_images_642.jpg,224
AMLdataset/release/images\images_643.jpg,224
AMLdataset/release/images_augmentation\aug_0_images_643.jpg,224
AMLdataset/release/images_augmentation\aug_1_images_643.jpg,224
AMLdataset/release/images\images_644.jpg,224
AMLdataset/release/images_augmentation\aug_0_images_644.jpg,224
AMLdataset/release/images_augmentation\aug_1_images_644.jpg,224
AMLdataset/release/images\images_645.jpg,224
AMLdataset/release/images_augmentation\aug_0_images_645.jpg,224
AMLdataset/release/images_augmentation\aug_1_images_645.jpg,224
AMLdataset/release/images\images_646.jpg,224
AMLdataset/release/images_augmentation\aug_0_images_646.jpg,224
AMLdataset/release/images_augmentation\aug_1_images_646.jpg,224
AMLdataset/release/images\images_647.jpg,224
AMLdataset/release/images_augmentation\aug_0_images_647.jpg,224
AMLdataset/release/images_augmentation\aug_1_images_647.jpg,224
AMLdataset/release/images\images_648.jpg,224
AMLdataset/release/images_augmentation\aug_0_images_648.jpg,224
AMLdataset/release/images_augmentation\aug_1_images_648.jpg,224
AMLdataset/release/images\images_649.jpg,224
AMLdataset/release/images_augmentation\aug_0_images_649.jpg,224
AMLdataset/release/images_augmentation\aug_1_images_649.jpg,224
AMLdataset/release/images\images_650.jpg,224
AMLdataset/release/images_augmentation\aug_0_images_650.jpg,224
AMLdataset/release/images_augmentation\aug_1_images_650.jpg,224
AMLdataset/release/images\images_651.jpg,224
AMLdataset/release/images_augmentation\aug_0_images_651.jpg,224
AMLdataset/release/images_augmentation\aug_1_images_651.jpg,224
AMLdataset/release/images\images_652.jpg,224
AMLdataset/release/images_augmentation\aug_0_images_652.jpg,224
AMLdataset/release/images_augmentation\aug_1_images_652.jpg,224
AMLdataset/release/images\images_653.jpg,224
AMLdataset/release/images_augmentation\aug_0_images_653.jpg,224
AMLdataset/release/images_augmentation\aug_1_images_653.jpg,224
AMLdataset/release/images\images_654.jpg,224
AMLdataset/release/images_augmentation\aug_0_images_654.jpg,224
AMLdataset/release/images_augmentation\aug_1_images_654.jpg,224
AMLdataset/release/images\images_655.jpg,224
AMLdataset/release/images_augmentation\aug_0_images_655.jpg,224
AMLdataset/release/images_augmentation\aug_1_images_655.jpg,224
AMLdataset/release/images\images_656.jpg,224
AMLdataset/release/images_augmentation\aug_0_images_656.jpg,224
AMLdataset/release/images_augmentation\aug_1_images_656.jpg,224
AMLdataset/release/images\images_657.jpg,224
AMLdataset/release/images_augmentation\aug_0_images_657.jpg,224
AMLdataset/release/images_augmentation\aug_1_images_657.jpg,224
AMLdataset/release/images\images_658.jpg,224
AMLdataset/release/images_augmentation\aug_0_images_658.jpg,224
AMLdataset/release/images_augmentation\aug_1_images_658.jpg,224
AMLdataset/release/images\images_659.jpg,224
AMLdataset/release/images_augmentation\aug_0_images_659.jpg,224
AMLdataset/release/images_augmentation\aug_1_images_659.jpg,224
AMLdataset/release/images\images_660.jpg,224
AMLdataset/release/images_augmentation\aug_0_images_660.jpg,224
AMLdataset/release/images_augmentation\aug_1_images_660.jpg,224
AMLdataset/release/images\images_661.jpg,159
AMLdataset/release/images_augmentation\aug_0_images_661.jpg,159
AMLdataset/release/images_augmentation\aug_1_images_661.jpg,159
AMLdataset/release/images\images_662.jpg,159
AMLdataset/release/images_augmentation\aug_0_images_662.jpg,159
AMLdataset/release/images_augmentation\aug_1_images_662.jpg,159
AMLdataset/release/images\images_663.jpg,159
AMLdataset/release/images_augmentation\aug_0_images_663.jpg,159
AMLdataset/release/images_augmentation\aug_1_images_663.jpg,159
AMLdataset/release/images\images_664.jpg,159
AMLdataset/release/images_augmentation\aug_0_images_664.jpg,159
AMLdataset/release/images_augmentation\aug_1_images_664.jpg,159
AMLdataset/release/images\images_665.jpg,159
AMLdataset/release/images_augmentation\aug_0_images_665.jpg,159
AMLdataset/release/images_augmentation\aug_1_images_665.jpg,159
AMLdataset/release/images\images_666.jpg,159
AMLdataset/release/images_augmentation\aug_0_images_666.jpg,159
AMLdataset/release/images_augmentation\aug_1_images_666.jpg,159
AMLdataset/release/images\images_667.jpg,159
AMLdataset/release/images_augmentation\aug_0_images_667.jpg,159
AMLdataset/release/images_augmentation\aug_1_images_667.jpg,159
AMLdataset/release/images\images_668.jpg,159
AMLdataset/release/images_augmentation\aug_0_images_668.jpg,159
AMLdataset/release/images_augmentation\aug_1_images_668.jpg,159
AMLdataset/release/images\images_669.jpg,159
AMLdataset/release/images_augmentation\aug_0_images_669.jpg,159
AMLdataset/release/images_augmentation\aug_1_images_669.jpg,159
AMLdataset/release/images\images_670.jpg,159
AMLdataset/release/images_augmentation\aug_0_images_670.jpg,159
AMLdataset/release/images_augmentation\aug_1_images_670.jpg,159
AMLdataset/release/images\images_671.jpg,159
AMLdataset/release/images_augmentation\aug_0_images_671.jpg,159
AMLdataset/release/images_augmentation\aug_1_images_671.jpg,159
AMLdataset/release/images\images_672.jpg,159
AMLdataset/release/images_augmentation\aug_0_images_672.jpg,159
AMLdataset/release/images_augmentation\aug_1_images_672.jpg,159
AMLdataset/release/images\images_673.jpg,159
AMLdataset/release/images_augmentation\aug_0_images_673.jpg,159
AMLdataset/release/images_augmentation\aug_1_images_673.jpg,159
AMLdataset/release/images\images_674.jpg,159
AMLdataset/release/images_augmentation\aug_0_images_674.jpg,159
AMLdataset/release/images_augmentation\aug_1_images_674.jpg,159
AMLdataset/release/images\images_675.jpg,159
AMLdataset/release/images_augmentation\aug_0_images_675.jpg,159
AMLdataset/release/images_augmentation\aug_1_images_675.jpg,159
AMLdataset/release/images\images_676.jpg,159
AMLdataset/release/images_augmentation\aug_0_images_676.jpg,159
AMLdataset/release/images_augmentation\aug_1_images_676.jpg,159
AMLdataset/release/images\images_677.jpg,159
AMLdataset/release/images_augmentation\aug_0_images_677.jpg,159
AMLdataset/release/images_augmentation\aug_1_images_677.jpg,159
AMLdataset/release/images\images_678.jpg,159
AMLdataset/release/images_augmentation\aug_0_images_678.jpg,159
AMLdataset/release/images_augmentation\aug_1_images_678.jpg,159
AMLdataset/release/images\images_679.jpg,159
AMLdataset/release/images_augmentation\aug_0_images_679.jpg,159
AMLdataset/release/images_augmentation\aug_1_images_679.jpg,159
AMLdataset/release/images\images_680.jpg,159
AMLdataset/release/images_augmentation\aug_0_images_680.jpg,159
AMLdataset/release/images_augmentation\aug_1_images_680.jpg,159
AMLdataset/release/images\images_681.jpg,187
AMLdataset/release/images_augmentation\aug_0_images_681.jpg,187
AMLdataset/release/images_augmentation\aug_1_images_681.jpg,187
AMLdataset/release/images\images_682.jpg,187
AMLdataset/release/images_augmentation\aug_0_images_682.jpg,187
AMLdataset/release/images_augmentation\aug_1_images_682.jpg,187
AMLdataset/release/images\images_683.jpg,187
AMLdataset/release/images_augmentation\aug_0_images_683.jpg,187
AMLdataset/release/images_augmentation\aug_1_images_683.jpg,187
AMLdataset/release/images\images_684.jpg,187
AMLdataset/release/images_augmentation\aug_0_images_684.jpg,187
AMLdataset/release/images_augmentation\aug_1_images_684.jpg,187
AMLdataset/release/images\images_685.jpg,187
AMLdataset/release/images_augmentation\aug_0_images_685.jpg,187
AMLdataset/release/images_augmentation\aug_1_images_685.jpg,187
AMLdataset/release/images\images_686.jpg,187
AMLdataset/release/images_augmentation\aug_0_images_686.jpg,187
AMLdataset/release/images_augmentation\aug_1_images_686.jpg,187
AMLdataset/release/images\images_687.jpg,187
AMLdataset/release/images_augmentation\aug_0_images_687.jpg,187
AMLdataset/release/images_augmentation\aug_1_images_687.jpg,187
AMLdataset/release/images\images_688.jpg,187
AMLdataset/release/images_augmentation\aug_0_images_688.jpg,187
AMLdataset/release/images_augmentation\aug_1_images_688.jpg,187
AMLdataset/release/images\images_689.jpg,187
AMLdataset/release/images_augmentation\aug_0_images_689.jpg,187
AMLdataset/release/images_augmentation\aug_1_images_689.jpg,187
AMLdataset/release/images\images_690.jpg,187
AMLdataset/release/images_augmentation\aug_0_images_690.jpg,187
AMLdataset/release/images_augmentation\aug_1_images_690.jpg,187
AMLdataset/release/images\images_691.jpg,187
AMLdataset/release/images_augmentation\aug_0_images_691.jpg,187
AMLdataset/release/images_augmentation\aug_1_images_691.jpg,187
AMLdataset/release/images\images_692.jpg,187
AMLdataset/release/images_augmentation\aug_0_images_692.jpg,187
AMLdataset/release/images_augmentation\aug_1_images_692.jpg,187
AMLdataset/release/images\images_693.jpg,187
AMLdataset/release/images_augmentation\aug_0_images_693.jpg,187
AMLdataset/release/images_augmentation\aug_1_images_693.jpg,187
AMLdataset/release/images\images_694.jpg,187
AMLdataset/release/images_augmentation\aug_0_images_694.jpg,187
AMLdataset/release/images_augmentation\aug_1_images_694.jpg,187
AMLdataset/release/images\images_695.jpg,187
AMLdataset/release/images_augmentation\aug_0_images_695.jpg,187
AMLdataset/release/images_augmentation\aug_1_images_695.jpg,187
AMLdataset/release/images\images_696.jpg,187
AMLdataset/release/images_augmentation\aug_0_images_696.jpg,187
AMLdataset/release/images_augmentation\aug_1_images_696.jpg,187
AMLdataset/release/images\images_697.jpg,187
AMLdataset/release/images_augmentation\aug_0_images_697.jpg,187
AMLdataset/release/images_augmentation\aug_1_images_697.jpg,187
AMLdataset/release/images\images_698.jpg,187
AMLdataset/release/images_augmentation\aug_0_images_698.jpg,187
AMLdataset/release/images_augmentation\aug_1_images_698.jpg,187
AMLdataset/release/images\images_699.jpg,187
AMLdataset/release/images_augmentation\aug_0_images_699.jpg,187
AMLdataset/release/images_augmentation\aug_1_images_699.jpg,187
AMLdataset/release/images\images_700.jpg,187
AMLdataset/release/images_augmentation\aug_0_images_700.jpg,187
AMLdataset/release/images_augmentation\aug_1_images_700.jpg,187
AMLdataset/release/images\images_701.jpg,342
AMLdataset/release/images_augmentation\aug_0_images_701.jpg,342
AMLdataset/release/images_augmentation\aug_1_images_701.jpg,342
AMLdataset/release/images\images_702.jpg,342
AMLdataset/release/images_augmentation\aug_0_images_702.jpg,342
AMLdataset/release/images_augmentation\aug_1_images_702.jpg,342
AMLdataset/release/images\images_703.jpg,342
AMLdataset/release/images_augmentation\aug_0_images_703.jpg,342
AMLdataset/release/images_augmentation\aug_1_images_703.jpg,342
AMLdataset/release/images\images_704.jpg,342
AMLdataset/release/images_augmentation\aug_0_images_704.jpg,342
AMLdataset/release/images_augmentation\aug_1_images_704.jpg,342
AMLdataset/release/images\images_705.jpg,342
AMLdataset/release/images_augmentation\aug_0_images_705.jpg,342
AMLdataset/release/images_augmentation\aug_1_images_705.jpg,342
AMLdataset/release/images\images_706.jpg,342
AMLdataset/release/images_augmentation\aug_0_images_706.jpg,342
AMLdataset/release/images_augmentation\aug_1_images_706.jpg,342
AMLdataset/release/images\images_707.jpg,342
AMLdataset/release/images_augmentation\aug_0_images_707.jpg,342
AMLdataset/release/images_augmentation\aug_1_images_707.jpg,342
AMLdataset/release/images\images_708.jpg,342
AMLdataset/release/images_augmentation\aug_0_images_708.jpg,342
AMLdataset/release/images_augmentation\aug_1_images_708.jpg,342
AMLdataset/release/images\images_709.jpg,342
AMLdataset/release/images_augmentation\aug_0_images_709.jpg,342
AMLdataset/release/images_augmentation\aug_1_images_709.jpg,342
AMLdataset/release/images\images_710.jpg,342
AMLdataset/release/images_augmentation\aug_0_images_710.jpg,342
AMLdataset/release/images_augmentation\aug_1_images_710.jpg,342
AMLdataset/release/images\images_711.jpg,342
AMLdataset/release/images_augmentation\aug_0_images_711.jpg,342
AMLdataset/release/images_augmentation\aug_1_images_711.jpg,342
AMLdataset/release/images\images_712.jpg,342
AMLdataset/release/images_augmentation\aug_0_images_712.jpg,342
AMLdataset/release/images_augmentation\aug_1_images_712.jpg,342
AMLdataset/release/images\images_713.jpg,342
AMLdataset/release/images_augmentation\aug_0_images_713.jpg,342
AMLdataset/release/images_augmentation\aug_1_images_713.jpg,342
AMLdataset/release/images\images_714.jpg,342
AMLdataset/release/images_augmentation\aug_0_images_714.jpg,342
AMLdataset/release/images_augmentation\aug_1_images_714.jpg,342
AMLdataset/release/images\images_715.jpg,342
AMLdataset/release/images_augmentation\aug_0_images_715.jpg,342
AMLdataset/release/images_augmentation\aug_1_images_715.jpg,342
AMLdataset/release/images\images_716.jpg,342
AMLdataset/release/images_augmentation\aug_0_images_716.jpg,342
AMLdataset/release/images_augmentation\aug_1_images_716.jpg,342
AMLdataset/release/images\images_717.jpg,342
AMLdataset/release/images_augmentation\aug_0_images_717.jpg,342
AMLdataset/release/images_augmentation\aug_1_images_717.jpg,342
AMLdataset/release/images\images_718.jpg,342
AMLdataset/release/images_augmentation\aug_0_images_718.jpg,342
AMLdataset/release/images_augmentation\aug_1_images_718.jpg,342
AMLdataset/release/images\images_719.jpg,342
AMLdataset/release/images_augmentation\aug_0_images_719.jpg,342
AMLdataset/release/images_augmentation\aug_1_images_719.jpg,342
AMLdataset/release/images\images_720.jpg,342
AMLdataset/release/images_augmentation\aug_0_images_720.jpg,342
AMLdataset/release/images_augmentation\aug_1_images_720.jpg,342
AMLdataset/release/images\images_721.jpg,215
AMLdataset/release/images_augmentation\aug_0_images_721.jpg,215
AMLdataset/release/images_augmentation\aug_1_images_721.jpg,215
AMLdataset/release/images\images_722.jpg,215
AMLdataset/release/images_augmentation\aug_0_images_722.jpg,215
AMLdataset/release/images_augmentation\aug_1_images_722.jpg,215
AMLdataset/release/images\images_723.jpg,215
AMLdataset/release/images_augmentation\aug_0_images_723.jpg,215
AMLdataset/release/images_augmentation\aug_1_images_723.jpg,215
AMLdataset/release/images\images_724.jpg,215
AMLdataset/release/images_augmentation\aug_0_images_724.jpg,215
AMLdataset/release/images_augmentation\aug_1_images_724.jpg,215
AMLdataset/release/images\images_725.jpg,215
AMLdataset/release/images_augmentation\aug_0_images_725.jpg,215
AMLdataset/release/images_augmentation\aug_1_images_725.jpg,215
AMLdataset/release/images\images_726.jpg,215
AMLdataset/release/images_augmentation\aug_0_images_726.jpg,215
AMLdataset/release/images_augmentation\aug_1_images_726.jpg,215
AMLdataset/release/images\images_727.jpg,215
AMLdataset/release/images_augmentation\aug_0_images_727.jpg,215
AMLdataset/release/images_augmentation\aug_1_images_727.jpg,215
AMLdataset/release/images\images_728.jpg,215
AMLdataset/release/images_augmentation\aug_0_images_728.jpg,215
AMLdataset/release/images_augmentation\aug_1_images_728.jpg,215
AMLdataset/release/images\images_729.jpg,215
AMLdataset/release/images_augmentation\aug_0_images_729.jpg,215
AMLdataset/release/images_augmentation\aug_1_images_729.jpg,215
AMLdataset/release/images\images_730.jpg,215
AMLdataset/release/images_augmentation\aug_0_images_730.jpg,215
AMLdataset/release/images_augmentation\aug_1_images_730.jpg,215
AMLdataset/release/images\images_731.jpg,215
AMLdataset/release/images_augmentation\aug_0_images_731.jpg,215
AMLdataset/release/images_augmentation\aug_1_images_731.jpg,215
AMLdataset/release/images\images_732.jpg,215
AMLdataset/release/images_augmentation\aug_0_images_732.jpg,215
AMLdataset/release/images_augmentation\aug_1_images_732.jpg,215
AMLdataset/release/images\images_733.jpg,215
AMLdataset/release/images_augmentation\aug_0_images_733.jpg,215
AMLdataset/release/images_augmentation\aug_1_images_733.jpg,215
AMLdataset/release/images\images_734.jpg,215
AMLdataset/release/images_augmentation\aug_0_images_734.jpg,215
AMLdataset/release/images_augmentation\aug_1_images_734.jpg,215
AMLdataset/release/images\images_735.jpg,215
AMLdataset/release/images_augmentation\aug_0_images_735.jpg,215
AMLdataset/release/images_augmentation\aug_1_images_735.jpg,215
AMLdataset/release/images\images_736.jpg,215
AMLdataset/release/images_augmentation\aug_0_images_736.jpg,215
AMLdataset/release/images_augmentation\aug_1_images_736.jpg,215
AMLdataset/release/images\images_737.jpg,215
AMLdataset/release/images_augmentation\aug_0_images_737.jpg,215
AMLdataset/release/images_augmentation\aug_1_images_737.jpg,215
AMLdataset/release/images\images_738.jpg,215
AMLdataset/release/images_augmentation\aug_0_images_738.jpg,215
AMLdataset/release/images_augmentation\aug_1_images_738.jpg,215
AMLdataset/release/images\images_739.jpg,215
AMLdataset/release/images_augmentation\aug_0_images_739.jpg,215
AMLdataset/release/images_augmentation\aug_1_images_739.jpg,215
AMLdataset/release/images\images_740.jpg,215
AMLdataset/release/images_augmentation\aug_0_images_740.jpg,215
AMLdataset/release/images_augmentation\aug_1_images_740.jpg,215
AMLdataset/release/images\images_741.jpg,169
AMLdataset/release/images_augmentation\aug_0_images_741.jpg,169
AMLdataset/release/images_augmentation\aug_1_images_741.jpg,169
AMLdataset/release/images\images_742.jpg,169
AMLdataset/release/images_augmentation\aug_0_images_742.jpg,169
AMLdataset/release/images_augmentation\aug_1_images_742.jpg,169
AMLdataset/release/images\images_743.jpg,169
AMLdataset/release/images_augmentation\aug_0_images_743.jpg,169
AMLdataset/release/images_augmentation\aug_1_images_743.jpg,169
AMLdataset/release/images\images_744.jpg,169
AMLdataset/release/images_augmentation\aug_0_images_744.jpg,169
AMLdataset/release/images_augmentation\aug_1_images_744.jpg,169
AMLdataset/release/images\images_745.jpg,169
AMLdataset/release/images_augmentation\aug_0_images_745.jpg,169
AMLdataset/release/images_augmentation\aug_1_images_745.jpg,169
AMLdataset/release/images\images_746.jpg,169
AMLdataset/release/images_augmentation\aug_0_images_746.jpg,169
AMLdataset/release/images_augmentation\aug_1_images_746.jpg,169
AMLdataset/release/images\images_747.jpg,169
AMLdataset/release/images_augmentation\aug_0_images_747.jpg,169
AMLdataset/release/images_augmentation\aug_1_images_747.jpg,169
AMLdataset/release/images\images_748.jpg,169
AMLdataset/release/images_augmentation\aug_0_images_748.jpg,169
AMLdataset/release/images_augmentation\aug_1_images_748.jpg,169
AMLdataset/release/images\images_749.jpg,169
AMLdataset/release/images_augmentation\aug_0_images_749.jpg,169
AMLdataset/release/images_augmentation\aug_1_images_749.jpg,169
AMLdataset/release/images\images_750.jpg,169
AMLdataset/release/images_augmentation\aug_0_images_750.jpg,169
AMLdataset/release/images_augmentation\aug_1_images_750.jpg,169
AMLdataset/release/images\images_751.jpg,169
AMLdataset/release/images_augmentation\aug_0_images_751.jpg,169
AMLdataset/release/images_augmentation\aug_1_images_751.jpg,169
AMLdataset/release/images\images_752.jpg,169
AMLdataset/release/images_augmentation\aug_0_images_752.jpg,169
AMLdataset/release/images_augmentation\aug_1_images_752.jpg,169
AMLdataset/release/images\images_753.jpg,169
AMLdataset/release/images_augmentation\aug_0_images_753.jpg,169
AMLdataset/release/images_augmentation\aug_1_images_753.jpg,169
AMLdataset/release/images\images_754.jpg,169
AMLdataset/release/images_augmentation\aug_0_images_754.jpg,169
AMLdataset/release/images_augmentation\aug_1_images_754.jpg,169
AMLdataset/release/images\images_755.jpg,169
AMLdataset/release/images_augmentation\aug_0_images_755.jpg,169
AMLdataset/release/images_augmentation\aug_1_images_755.jpg,169
AMLdataset/release/images\images_756.jpg,169
AMLdataset/release/images_augmentation\aug_0_images_756.jpg,169
AMLdataset/release/images_augmentation\aug_1_images_756.jpg,169
AMLdataset/release/images\images_757.jpg,169
AMLdataset/release/images_augmentation\aug_0_images_757.jpg,169
AMLdataset/release/images_augmentation\aug_1_images_757.jpg,169
AMLdataset/release/images\images_758.jpg,169
AMLdataset/release/images_augmentation\aug_0_images_758.jpg,169
AMLdataset/release/images_augmentation\aug_1_images_758.jpg,169
AMLdataset/release/images\images_759.jpg,169
AMLdataset/release/images_augmentation\aug_0_images_759.jpg,169
AMLdataset/release/images_augmentation\aug_1_images_759.jpg,169
AMLdataset/release/images\images_760.jpg,169
AMLdataset/release/images_augmentation\aug_0_images_760.jpg,169
AMLdataset/release/images_augmentation\aug_1_images_760.jpg,169
AMLdataset/release/images\images_761.jpg,26
AMLdataset/release/images_augmentation\aug_0_images_761.jpg,26
AMLdataset/release/images_augmentation\aug_1_images_761.jpg,26
AMLdataset/release/images\images_762.jpg,26
AMLdataset/release/images_augmentation\aug_0_images_762.jpg,26
AMLdataset/release/images_augmentation\aug_1_images_762.jpg,26
AMLdataset/release/images\images_763.jpg,26
AMLdataset/release/images_augmentation\aug_0_images_763.jpg,26
AMLdataset/release/images_augmentation\aug_1_images_763.jpg,26
AMLdataset/release/images\images_764.jpg,26
AMLdataset/release/images_augmentation\aug_0_images_764.jpg,26
AMLdataset/release/images_augmentation\aug_1_images_764.jpg,26
AMLdataset/release/images\images_765.jpg,26
AMLdataset/release/images_augmentation\aug_0_images_765.jpg,26
AMLdataset/release/images_augmentation\aug_1_images_765.jpg,26
AMLdataset/release/images\images_766.jpg,26
AMLdataset/release/images_augmentation\aug_0_images_766.jpg,26
AMLdataset/release/images_augmentation\aug_1_images_766.jpg,26
AMLdataset/release/images\images_767.jpg,26
AMLdataset/release/images_augmentation\aug_0_images_767.jpg,26
AMLdataset/release/images_augmentation\aug_1_images_767.jpg,26
AMLdataset/release/images\images_768.jpg,26
AMLdataset/release/images_augmentation\aug_0_images_768.jpg,26
AMLdataset/release/images_augmentation\aug_1_images_768.jpg,26
AMLdataset/release/images\images_769.jpg,26
AMLdataset/release/images_augmentation\aug_0_images_769.jpg,26
AMLdataset/release/images_augmentation\aug_1_images_769.jpg,26
AMLdataset/release/images\images_770.jpg,26
AMLdataset/release/images_augmentation\aug_0_images_770.jpg,26
AMLdataset/release/images_augmentation\aug_1_images_770.jpg,26
AMLdataset/release/images\images_771.jpg,26
AMLdataset/release/images_augmentation\aug_0_images_771.jpg,26
AMLdataset/release/images_augmentation\aug_1_images_771.jpg,26
AMLdataset/release/images\images_772.jpg,26
AMLdataset/release/images_augmentation\aug_0_images_772.jpg,26
AMLdataset/release/images_augmentation\aug_1_images_772.jpg,26
AMLdataset/release/images\images_773.jpg,26
AMLdataset/release/images_augmentation\aug_0_images_773.jpg,26
AMLdataset/release/images_augmentation\aug_1_images_773.jpg,26
AMLdataset/release/images\images_774.jpg,26
AMLdataset/release/images_augmentation\aug_0_images_774.jpg,26
AMLdataset/release/images_augmentation\aug_1_images_774.jpg,26
AMLdataset/release/images\images_775.jpg,26
AMLdataset/release/images_augmentation\aug_0_images_775.jpg,26
AMLdataset/release/images_augmentation\aug_1_images_775.jpg,26
AMLdataset/release/images\images_776.jpg,26
AMLdataset/release/images_augmentation\aug_0_images_776.jpg,26
AMLdataset/release/images_augmentation\aug_1_images_776.jpg,26
AMLdataset/release/images\images_777.jpg,26
AMLdataset/release/images_augmentation\aug_0_images_777.jpg,26
AMLdataset/release/images_augmentation\aug_1_images_777.jpg,26
AMLdataset/release/images\images_778.jpg,26
AMLdataset/release/images_augmentation\aug_0_images_778.jpg,26
AMLdataset/release/images_augmentation\aug_1_images_778.jpg,26
AMLdataset/release/images\images_779.jpg,26
AMLdataset/release/images_augmentation\aug_0_images_779.jpg,26
AMLdataset/release/images_augmentation\aug_1_images_779.jpg,26
AMLdataset/release/images\images_780.jpg,26
AMLdataset/release/images_augmentation\aug_0_images_780.jpg,26
AMLdataset/release/images_augmentation\aug_1_images_780.jpg,26
AMLdataset/release/images\images_781.jpg,55
AMLdataset/release/images_augmentation\aug_0_images_781.jpg,55
AMLdataset/release/images_augmentation\aug_1_images_781.jpg,55
AMLdataset/release/images\images_782.jpg,55
AMLdataset/release/images_augmentation\aug_0_images_782.jpg,55
AMLdataset/release/images_augmentation\aug_1_images_782.jpg,55
AMLdataset/release/images\images_783.jpg,55
AMLdataset/release/images_augmentation\aug_0_images_783.jpg,55
AMLdataset/release/images_augmentation\aug_1_images_783.jpg,55
AMLdataset/release/images\images_784.jpg,55
AMLdataset/release/images_augmentation\aug_0_images_784.jpg,55
AMLdataset/release/images_augmentation\aug_1_images_784.jpg,55
AMLdataset/release/images\images_785.jpg,55
AMLdataset/release/images_augmentation\aug_0_images_785.jpg,55
AMLdataset/release/images_augmentation\aug_1_images_785.jpg,55
AMLdataset/release/images\images_786.jpg,55
AMLdataset/release/images_augmentation\aug_0_images_786.jpg,55
AMLdataset/release/images_augmentation\aug_1_images_786.jpg,55
AMLdataset/release/images\images_787.jpg,55
AMLdataset/release/images_augmentation\aug_0_images_787.jpg,55
AMLdataset/release/images_augmentation\aug_1_images_787.jpg,55
AMLdataset/release/images\images_788.jpg,55
AMLdataset/release/images_augmentation\aug_0_images_788.jpg,55
AMLdataset/release/images_augmentation\aug_1_images_788.jpg,55
AMLdataset/release/images\images_789.jpg,55
AMLdataset/release/images_augmentation\aug_0_images_789.jpg,55
AMLdataset/release/images_augmentation\aug_1_images_789.jpg,55
AMLdataset/release/images\images_790.jpg,55
AMLdataset/release/images_augmentation\aug_0_images_790.jpg,55
AMLdataset/release/images_augmentation\aug_1_images_790.jpg,55
AMLdataset/release/images\images_791.jpg,55
AMLdataset/release/images_augmentation\aug_0_images_791.jpg,55
AMLdataset/release/images_augmentation\aug_1_images_791.jpg,55
AMLdataset/release/images\images_792.jpg,55
AMLdataset/release/images_augmentation\aug_0_images_792.jpg,55
AMLdataset/release/images_augmentation\aug_1_images_792.jpg,55
AMLdataset/release/images\images_793.jpg,55
AMLdataset/release/images_augmentation\aug_0_images_793.jpg,55
AMLdataset/release/images_augmentation\aug_1_images_793.jpg,55
AMLdataset/release/images\images_794.jpg,55
AMLdataset/release/images_augmentation\aug_0_images_794.jpg,55
AMLdataset/release/images_augmentation\aug_1_images_794.jpg,55
AMLdataset/release/images\images_795.jpg,55
AMLdataset/release/images_augmentation\aug_0_images_795.jpg,55
AMLdataset/release/images_augmentation\aug_1_images_795.jpg,55
AMLdataset/release/images\images_796.jpg,55
AMLdataset/release/images_augmentation\aug_0_images_796.jpg,55
AMLdataset/release/images_augmentation\aug_1_images_796.jpg,55
AMLdataset/release/images\images_797.jpg,55
AMLdataset/release/images_augmentation\aug_0_images_797.jpg,55
AMLdataset/release/images_augmentation\aug_1_images_797.jpg,55
AMLdataset/release/images\images_798.jpg,55
AMLdataset/release/images_augmentation\aug_0_images_798.jpg,55
AMLdataset/release/images_augmentation\aug_1_images_798.jpg,55
AMLdataset/release/images\images_799.jpg,55
AMLdataset/release/images_augmentation\aug_0_images_799.jpg,55
AMLdataset/release/images_augmentation\aug_1_images_799.jpg,55
AMLdataset/release/images\images_800.jpg,55
AMLdataset/release/images_augmentation\aug_0_images_800.jpg,55
AMLdataset/release/images_augmentation\aug_1_images_800.jpg,55
AMLdataset/release/images\images_801.jpg,206
AMLdataset/release/images_augmentation\aug_0_images_801.jpg,206
AMLdataset/release/images_augmentation\aug_1_images_801.jpg,206
AMLdataset/release/images\images_802.jpg,206
AMLdataset/release/images_augmentation\aug_0_images_802.jpg,206
AMLdataset/release/images_augmentation\aug_1_images_802.jpg,206
AMLdataset/release/images\images_803.jpg,206
AMLdataset/release/images_augmentation\aug_0_images_803.jpg,206
AMLdataset/release/images_augmentation\aug_1_images_803.jpg,206
AMLdataset/release/images\images_804.jpg,206
AMLdataset/release/images_augmentation\aug_0_images_804.jpg,206
AMLdataset/release/images_augmentation\aug_1_images_804.jpg,206
AMLdataset/release/images\images_805.jpg,206
AMLdataset/release/images_augmentation\aug_0_images_805.jpg,206
AMLdataset/release/images_augmentation\aug_1_images_805.jpg,206
AMLdataset/release/images\images_806.jpg,206
AMLdataset/release/images_augmentation\aug_0_images_806.jpg,206
AMLdataset/release/images_augmentation\aug_1_images_806.jpg,206
AMLdataset/release/images\images_807.jpg,206
AMLdataset/release/images_augmentation\aug_0_images_807.jpg,206
AMLdataset/release/images_augmentation\aug_1_images_807.jpg,206
AMLdataset/release/images\images_808.jpg,206
AMLdataset/release/images_augmentation\aug_0_images_808.jpg,206
AMLdataset/release/images_augmentation\aug_1_images_808.jpg,206
AMLdataset/release/images\images_809.jpg,206
AMLdataset/release/images_augmentation\aug_0_images_809.jpg,206
AMLdataset/release/images_augmentation\aug_1_images_809.jpg,206
AMLdataset/release/images\images_810.jpg,206
AMLdataset/release/images_augmentation\aug_0_images_810.jpg,206
AMLdataset/release/images_augmentation\aug_1_images_810.jpg,206
AMLdataset/release/images\images_811.jpg,206
AMLdataset/release/images_augmentation\aug_0_images_811.jpg,206
AMLdataset/release/images_augmentation\aug_1_images_811.jpg,206
AMLdataset/release/images\images_812.jpg,206
AMLdataset/release/images_augmentation\aug_0_images_812.jpg,206
AMLdataset/release/images_augmentation\aug_1_images_812.jpg,206
AMLdataset/release/images\images_813.jpg,206
AMLdataset/release/images_augmentation\aug_0_images_813.jpg,206
AMLdataset/release/images_augmentation\aug_1_images_813.jpg,206
AMLdataset/release/images\images_814.jpg,206
AMLdataset/release/images_augmentation\aug_0_images_814.jpg,206
AMLdataset/release/images_augmentation\aug_1_images_814.jpg,206
AMLdataset/release/images\images_815.jpg,206
AMLdataset/release/images_augmentation\aug_0_images_815.jpg,206
AMLdataset/release/images_augmentation\aug_1_images_815.jpg,206
AMLdataset/release/images\images_816.jpg,206
AMLdataset/release/images_augmentation\aug_0_images_816.jpg,206
AMLdataset/release/images_augmentation\aug_1_images_816.jpg,206
AMLdataset/release/images\images_817.jpg,206
AMLdataset/release/images_augmentation\aug_0_images_817.jpg,206
AMLdataset/release/images_augmentation\aug_1_images_817.jpg,206
AMLdataset/release/images\images_818.jpg,206
AMLdataset/release/images_augmentation\aug_0_images_818.jpg,206
AMLdataset/release/images_augmentation\aug_1_images_818.jpg,206
AMLdataset/release/images\images_819.jpg,206
AMLdataset/release/images_augmentation\aug_0_images_819.jpg,206
AMLdataset/release/images_augmentation\aug_1_images_819.jpg,206
AMLdataset/release/images\images_820.jpg,206
AMLdataset/release/images_augmentation\aug_0_images_820.jpg,206
AMLdataset/release/images_augmentation\aug_1_images_820.jpg,206
AMLdataset/release/images\images_821.jpg,238
AMLdataset/release/images_augmentation\aug_0_images_821.jpg,238
AMLdataset/release/images_augmentation\aug_1_images_821.jpg,238
AMLdataset/release/images\images_822.jpg,238
AMLdataset/release/images_augmentation\aug_0_images_822.jpg,238
AMLdataset/release/images_augmentation\aug_1_images_822.jpg,238
AMLdataset/release/images\images_823.jpg,238
AMLdataset/release/images_augmentation\aug_0_images_823.jpg,238
AMLdataset/release/images_augmentation\aug_1_images_823.jpg,238
AMLdataset/release/images\images_824.jpg,238
AMLdataset/release/images_augmentation\aug_0_images_824.jpg,238
AMLdataset/release/images_augmentation\aug_1_images_824.jpg,238
AMLdataset/release/images\images_825.jpg,238
AMLdataset/release/images_augmentation\aug_0_images_825.jpg,238
AMLdataset/release/images_augmentation\aug_1_images_825.jpg,238
AMLdataset/release/images\images_826.jpg,238
AMLdataset/release/images_augmentation\aug_0_images_826.jpg,238
AMLdataset/release/images_augmentation\aug_1_images_826.jpg,238
AMLdataset/release/images\images_827.jpg,238
AMLdataset/release/images_augmentation\aug_0_images_827.jpg,238
AMLdataset/release/images_augmentation\aug_1_images_827.jpg,238
AMLdataset/release/images\images_828.jpg,238
AMLdataset/release/images_augmentation\aug_0_images_828.jpg,238
AMLdataset/release/images_augmentation\aug_1_images_828.jpg,238
AMLdataset/release/images\images_829.jpg,238
AMLdataset/release/images_augmentation\aug_0_images_829.jpg,238
AMLdataset/release/images_augmentation\aug_1_images_829.jpg,238
AMLdataset/release/images\images_830.jpg,238
AMLdataset/release/images_augmentation\aug_0_images_830.jpg,238
AMLdataset/release/images_augmentation\aug_1_images_830.jpg,238
AMLdataset/release/images\images_831.jpg,238
AMLdataset/release/images_augmentation\aug_0_images_831.jpg,238
AMLdataset/release/images_augmentation\aug_1_images_831.jpg,238
AMLdataset/release/images\images_832.jpg,238
AMLdataset/release/images_augmentation\aug_0_images_832.jpg,238
AMLdataset/release/images_augmentation\aug_1_images_832.jpg,238
AMLdataset/release/images\images_833.jpg,238
AMLdataset/release/images_augmentation\aug_0_images_833.jpg,238
AMLdataset/release/images_augmentation\aug_1_images_833.jpg,238
AMLdataset/release/images\images_834.jpg,238
AMLdataset/release/images_augmentation\aug_0_images_834.jpg,238
AMLdataset/release/images_augmentation\aug_1_images_834.jpg,238
AMLdataset/release/images\images_835.jpg,238
AMLdataset/release/images_augmentation\aug_0_images_835.jpg,238
AMLdataset/release/images_augmentation\aug_1_images_835.jpg,238
AMLdataset/release/images\images_836.jpg,238
AMLdataset/release/images_augmentation\aug_0_images_836.jpg,238
AMLdataset/release/images_augmentation\aug_1_images_836.jpg,238
AMLdataset/release/images\images_837.jpg,238
AMLdataset/release/images_augmentation\aug_0_images_837.jpg,238
AMLdataset/release/images_augmentation\aug_1_images_837.jpg,238
AMLdataset/release/images\images_838.jpg,238
AMLdataset/release/images_augmentation\aug_0_images_838.jpg,238
AMLdataset/release/images_augmentation\aug_1_images_838.jpg,238
AMLdataset/release/images\images_839.jpg,238
AMLdataset/release/images_augmentation\aug_0_images_839.jpg,238
AMLdataset/release/images_augmentation\aug_1_images_839.jpg,238
AMLdataset/release/images\images_840.jpg,238
AMLdataset/release/images_augmentation\aug_0_images_840.jpg,238
AMLdataset/release/images_augmentation\aug_1_images_840.jpg,238
AMLdataset/release/images\images_841.jpg,188
AMLdataset/release/images_augmentation\aug_0_images_841.jpg,188
AMLdataset/release/images_augmentation\aug_1_images_841.jpg,188
AMLdataset/release/images\images_842.jpg,188
AMLdataset/release/images_augmentation\aug_0_images_842.jpg,188
AMLdataset/release/images_augmentation\aug_1_images_842.jpg,188
AMLdataset/release/images\images_843.jpg,188
AMLdataset/release/images_augmentation\aug_0_images_843.jpg,188
AMLdataset/release/images_augmentation\aug_1_images_843.jpg,188
AMLdataset/release/images\images_844.jpg,188
AMLdataset/release/images_augmentation\aug_0_images_844.jpg,188
AMLdataset/release/images_augmentation\aug_1_images_844.jpg,188
AMLdataset/release/images\images_845.jpg,188
AMLdataset/release/images_augmentation\aug_0_images_845.jpg,188
AMLdataset/release/images_augmentation\aug_1_images_845.jpg,188
AMLdataset/release/images\images_846.jpg,188
AMLdataset/release/images_augmentation\aug_0_images_846.jpg,188
AMLdataset/release/images_augmentation\aug_1_images_846.jpg,188
AMLdataset/release/images\images_847.jpg,188
AMLdataset/release/images_augmentation\aug_0_images_847.jpg,188
AMLdataset/release/images_augmentation\aug_1_images_847.jpg,188
AMLdataset/release/images\images_848.jpg,188
AMLdataset/release/images_augmentation\aug_0_images_848.jpg,188
AMLdataset/release/images_augmentation\aug_1_images_848.jpg,188
AMLdataset/release/images\images_849.jpg,188
AMLdataset/release/images_augmentation\aug_0_images_849.jpg,188
AMLdataset/release/images_augmentation\aug_1_images_849.jpg,188
AMLdataset/release/images\images_850.jpg,188
AMLdataset/release/images_augmentation\aug_0_images_850.jpg,188
AMLdataset/release/images_augmentation\aug_1_images_850.jpg,188
AMLdataset/release/images\images_851.jpg,188
AMLdataset/release/images_augmentation\aug_0_images_851.jpg,188
AMLdataset/release/images_augmentation\aug_1_images_851.jpg,188
AMLdataset/release/images\images_852.jpg,188
AMLdataset/release/images_augmentation\aug_0_images_852.jpg,188
AMLdataset/release/images_augmentation\aug_1_images_852.jpg,188
AMLdataset/release/images\images_853.jpg,188
AMLdataset/release/images_augmentation\aug_0_images_853.jpg,188
AMLdataset/release/images_augmentation\aug_1_images_853.jpg,188
AMLdataset/release/images\images_854.jpg,188
AMLdataset/release/images_augmentation\aug_0_images_854.jpg,188
AMLdataset/release/images_augmentation\aug_1_images_854.jpg,188
AMLdataset/release/images\images_855.jpg,188
AMLdataset/release/images_augmentation\aug_0_images_855.jpg,188
AMLdataset/release/images_augmentation\aug_1_images_855.jpg,188
AMLdataset/release/images\images_856.jpg,188
AMLdataset/release/images_augmentation\aug_0_images_856.jpg,188
AMLdataset/release/images_augmentation\aug_1_images_856.jpg,188
AMLdataset/release/images\images_857.jpg,188
AMLdataset/release/images_augmentation\aug_0_images_857.jpg,188
AMLdataset/release/images_augmentation\aug_1_images_857.jpg,188
AMLdataset/release/images\images_858.jpg,188
AMLdataset/release/images_augmentation\aug_0_images_858.jpg,188
AMLdataset/release/images_augmentation\aug_1_images_858.jpg,188
AMLdataset/release/images\images_859.jpg,188
AMLdataset/release/images_augmentation\aug_0_images_859.jpg,188
AMLdataset/release/images_augmentation\aug_1_images_859.jpg,188
AMLdataset/release/images\images_860.jpg,188
AMLdataset/release/images_augmentation\aug_0_images_860.jpg,188
AMLdataset/release/images_augmentation\aug_1_images_860.jpg,188
AMLdataset/release/images\images_861.jpg,245
AMLdataset/release/images_augmentation\aug_0_images_861.jpg,245
AMLdataset/release/images_augmentation\aug_1_images_861.jpg,245
AMLdataset/release/images\images_862.jpg,245
AMLdataset/release/images_augmentation\aug_0_images_862.jpg,245
AMLdataset/release/images_augmentation\aug_1_images_862.jpg,245
AMLdataset/release/images\images_863.jpg,245
AMLdataset/release/images_augmentation\aug_0_images_863.jpg,245
AMLdataset/release/images_augmentation\aug_1_images_863.jpg,245
AMLdataset/release/images\images_864.jpg,245
AMLdataset/release/images_augmentation\aug_0_images_864.jpg,245
AMLdataset/release/images_augmentation\aug_1_images_864.jpg,245
AMLdataset/release/images\images_865.jpg,245
AMLdataset/release/images_augmentation\aug_0_images_865.jpg,245
AMLdataset/release/images_augmentation\aug_1_images_865.jpg,245
AMLdataset/release/images\images_866.jpg,245
AMLdataset/release/images_augmentation\aug_0_images_866.jpg,245
AMLdataset/release/images_augmentation\aug_1_images_866.jpg,245
AMLdataset/release/images\images_867.jpg,245
AMLdataset/release/images_augmentation\aug_0_images_867.jpg,245
AMLdataset/release/images_augmentation\aug_1_images_867.jpg,245
AMLdataset/release/images\images_868.jpg,245
AMLdataset/release/images_augmentation\aug_0_images_868.jpg,245
AMLdataset/release/images_augmentation\aug_1_images_868.jpg,245
AMLdataset/release/images\images_869.jpg,245
AMLdataset/release/images_augmentation\aug_0_images_869.jpg,245
AMLdataset/release/images_augmentation\aug_1_images_869.jpg,245
AMLdataset/release/images\images_870.jpg,245
AMLdataset/release/images_augmentation\aug_0_images_870.jpg,245
AMLdataset/release/images_augmentation\aug_1_images_870.jpg,245
AMLdataset/release/images\images_871.jpg,245
AMLdataset/release/images_augmentation\aug_0_images_871.jpg,245
AMLdataset/release/images_augmentation\aug_1_images_871.jpg,245
AMLdataset/release/images\images_872.jpg,245
AMLdataset/release/images_augmentation\aug_0_images_872.jpg,245
AMLdataset/release/images_augmentation\aug_1_images_872.jpg,245
AMLdataset/release/images\images_873.jpg,245
AMLdataset/release/images_augmentation\aug_0_images_873.jpg,245
AMLdataset/release/images_augmentation\aug_1_images_873.jpg,245
AMLdataset/release/images\images_874.jpg,245
AMLdataset/release/images_augmentation\aug_0_images_874.jpg,245
AMLdataset/release/images_augmentation\aug_1_images_874.jpg,245
AMLdataset/release/images\images_875.jpg,245
AMLdataset/release/images_augmentation\aug_0_images_875.jpg,245
AMLdataset/release/images_augmentation\aug_1_images_875.jpg,245
AMLdataset/release/images\images_876.jpg,245
AMLdataset/release/images_augmentation\aug_0_images_876.jpg,245
AMLdataset/release/images_augmentation\aug_1_images_876.jpg,245
AMLdataset/release/images\images_877.jpg,245
AMLdataset/release/images_augmentation\aug_0_images_877.jpg,245
AMLdataset/release/images_augmentation\aug_1_images_877.jpg,245
AMLdataset/release/images\images_878.jpg,245
AMLdataset/release/images_augmentation\aug_0_images_878.jpg,245
AMLdataset/release/images_augmentation\aug_1_images_878.jpg,245
AMLdataset/release/images\images_879.jpg,245
AMLdataset/release/images_augmentation\aug_0_images_879.jpg,245
AMLdataset/release/images_augmentation\aug_1_images_879.jpg,245
AMLdataset/release/images\images_880.jpg,245
AMLdataset/release/images_augmentation\aug_0_images_880.jpg,245
AMLdataset/release/images_augmentation\aug_1_images_880.jpg,245
AMLdataset/release/images\images_881.jpg,333
AMLdataset/release/images_augmentation\aug_0_images_881.jpg,333
AMLdataset/release/images_augmentation\aug_1_images_881.jpg,333
AMLdataset/release/images\images_882.jpg,333
AMLdataset/release/images_augmentation\aug_0_images_882.jpg,333
AMLdataset/release/images_augmentation\aug_1_images_882.jpg,333
AMLdataset/release/images\images_883.jpg,333
AMLdataset/release/images_augmentation\aug_0_images_883.jpg,333
AMLdataset/release/images_augmentation\aug_1_images_883.jpg,333
AMLdataset/release/images\images_884.jpg,333
AMLdataset/release/images_augmentation\aug_0_images_884.jpg,333
AMLdataset/release/images_augmentation\aug_1_images_884.jpg,333
AMLdataset/release/images\images_885.jpg,333
AMLdataset/release/images_augmentation\aug_0_images_885.jpg,333
AMLdataset/release/images_augmentation\aug_1_images_885.jpg,333
AMLdataset/release/images\images_886.jpg,333
AMLdataset/release/images_augmentation\aug_0_images_886.jpg,333
AMLdataset/release/images_augmentation\aug_1_images_886.jpg,333
AMLdataset/release/images\images_887.jpg,333
AMLdataset/release/images_augmentation\aug_0_images_887.jpg,333
AMLdataset/release/images_augmentation\aug_1_images_887.jpg,333
AMLdataset/release/images\images_888.jpg,333
AMLdataset/release/images_augmentation\aug_0_images_888.jpg,333
AMLdataset/release/images_augmentation\aug_1_images_888.jpg,333
AMLdataset/release/images\images_889.jpg,333
AMLdataset/release/images_augmentation\aug_0_images_889.jpg,333
AMLdataset/release/images_augmentation\aug_1_images_889.jpg,333
AMLdataset/release/images\images_890.jpg,333
AMLdataset/release/images_augmentation\aug_0_images_890.jpg,333
AMLdataset/release/images_augmentation\aug_1_images_890.jpg,333
AMLdataset/release/images\images_891.jpg,333
AMLdataset/release/images_augmentation\aug_0_images_891.jpg,333
AMLdataset/release/images_augmentation\aug_1_images_891.jpg,333
AMLdataset/release/images\images_892.jpg,333
AMLdataset/release/images_augmentation\aug_0_images_892.jpg,333
AMLdataset/release/images_augmentation\aug_1_images_892.jpg,333
AMLdataset/release/images\images_893.jpg,333
AMLdataset/release/images_augmentation\aug_0_images_893.jpg,333
AMLdataset/release/images_augmentation\aug_1_images_893.jpg,333
AMLdataset/release/images\images_894.jpg,333
AMLdataset/release/images_augmentation\aug_0_images_894.jpg,333
AMLdataset/release/images_augmentation\aug_1_images_894.jpg,333
AMLdataset/release/images\images_895.jpg,333
AMLdataset/release/images_augmentation\aug_0_images_895.jpg,333
AMLdataset/release/images_augmentation\aug_1_images_895.jpg,333
AMLdataset/release/images\images_896.jpg,333
AMLdataset/release/images_augmentation\aug_0_images_896.jpg,333
AMLdataset/release/images_augmentation\aug_1_images_896.jpg,333
AMLdataset/release/images\images_897.jpg,333
AMLdataset/release/images_augmentation\aug_0_images_897.jpg,333
AMLdataset/release/images_augmentation\aug_1_images_897.jpg,333
AMLdataset/release/images\images_898.jpg,333
AMLdataset/release/images_augmentation\aug_0_images_898.jpg,333
AMLdataset/release/images_augmentation\aug_1_images_898.jpg,333
AMLdataset/release/images\images_899.jpg,333
AMLdataset/release/images_augmentation\aug_0_images_899.jpg,333
AMLdataset/release/images_augmentation\aug_1_images_899.jpg,333
AMLdataset/release/images\images_900.jpg,333
AMLdataset/release/images_augmentation\aug_0_images_900.jpg,333
AMLdataset/release/images_augmentation\aug_1_images_900.jpg,333
AMLdataset/release/images\images_901.jpg,211
AMLdataset/release/images_augmentation\aug_0_images_901.jpg,211
AMLdataset/release/images_augmentation\aug_1_images_901.jpg,211
AMLdataset/release/images\images_902.jpg,211
AMLdataset/release/images_augmentation\aug_0_images_902.jpg,211
AMLdataset/release/images_augmentation\aug_1_images_902.jpg,211
AMLdataset/release/images\images_903.jpg,211
AMLdataset/release/images_augmentation\aug_0_images_903.jpg,211
AMLdataset/release/images_augmentation\aug_1_images_903.jpg,211
AMLdataset/release/images\images_904.jpg,211
AMLdataset/release/images_augmentation\aug_0_images_904.jpg,211
AMLdataset/release/images_augmentation\aug_1_images_904.jpg,211
AMLdataset/release/images\images_905.jpg,211
AMLdataset/release/images_augmentation\aug_0_images_905.jpg,211
AMLdataset/release/images_augmentation\aug_1_images_905.jpg,211
AMLdataset/release/images\images_906.jpg,211
AMLdataset/release/images_augmentation\aug_0_images_906.jpg,211
AMLdataset/release/images_augmentation\aug_1_images_906.jpg,211
AMLdataset/release/images\images_907.jpg,211
AMLdataset/release/images_augmentation\aug_0_images_907.jpg,211
AMLdataset/release/images_augmentation\aug_1_images_907.jpg,211
AMLdataset/release/images\images_908.jpg,211
AMLdataset/release/images_augmentation\aug_0_images_908.jpg,211
AMLdataset/release/images_augmentation\aug_1_images_908.jpg,211
AMLdataset/release/images\images_909.jpg,211
AMLdataset/release/images_augmentation\aug_0_images_909.jpg,211
AMLdataset/release/images_augmentation\aug_1_images_909.jpg,211
AMLdataset/release/images\images_910.jpg,211
AMLdataset/release/images_augmentation\aug_0_images_910.jpg,211
AMLdataset/release/images_augmentation\aug_1_images_910.jpg,211
AMLdataset/release/images\images_911.jpg,211
AMLdataset/release/images_augmentation\aug_0_images_911.jpg,211
AMLdataset/release/images_augmentation\aug_1_images_911.jpg,211
AMLdataset/release/images\images_912.jpg,211
AMLdataset/release/images_augmentation\aug_0_images_912.jpg,211
AMLdataset/release/images_augmentation\aug_1_images_912.jpg,211
AMLdataset/release/images\images_913.jpg,211
AMLdataset/release/images_augmentation\aug_0_images_913.jpg,211
AMLdataset/release/images_augmentation\aug_1_images_913.jpg,211
AMLdataset/release/images\images_914.jpg,211
AMLdataset/release/images_augmentation\aug_0_images_914.jpg,211
AMLdataset/release/images_augmentation\aug_1_images_914.jpg,211
AMLdataset/release/images\images_915.jpg,211
AMLdataset/release/images_augmentation\aug_0_images_915.jpg,211
AMLdataset/release/images_augmentation\aug_1_images_915.jpg,211
AMLdataset/release/images\images_916.jpg,211
AMLdataset/release/images_augmentation\aug_0_images_916.jpg,211
AMLdataset/release/images_augmentation\aug_1_images_916.jpg,211
AMLdataset/release/images\images_917.jpg,211
AMLdataset/release/images_augmentation\aug_0_images_917.jpg,211
AMLdataset/release/images_augmentation\aug_1_images_917.jpg,211
AMLdataset/release/images\images_918.jpg,211
AMLdataset/release/images_augmentation\aug_0_images_918.jpg,211
AMLdataset/release/images_augmentation\aug_1_images_918.jpg,211
AMLdataset/release/images\images_919.jpg,211
AMLdataset/release/images_augmentation\aug_0_images_919.jpg,211
AMLdataset/release/images_augmentation\aug_1_images_919.jpg,211
AMLdataset/release/images\images_920.jpg,211
AMLdataset/release/images_augmentation\aug_0_images_920.jpg,211
AMLdataset/release/images_augmentation\aug_1_images_920.jpg,211
AMLdataset/release/images\images_921.jpg,65
AMLdataset/release/images_augmentation\aug_0_images_921.jpg,65
AMLdataset/release/images_augmentation\aug_1_images_921.jpg,65
AMLdataset/release/images\images_922.jpg,65
AMLdataset/release/images_augmentation\aug_0_images_922.jpg,65
AMLdataset/release/images_augmentation\aug_1_images_922.jpg,65
AMLdataset/release/images\images_923.jpg,65
AMLdataset/release/images_augmentation\aug_0_images_923.jpg,65
AMLdataset/release/images_augmentation\aug_1_images_923.jpg,65
AMLdataset/release/images\images_924.jpg,65
AMLdataset/release/images_augmentation\aug_0_images_924.jpg,65
AMLdataset/release/images_augmentation\aug_1_images_924.jpg,65
AMLdataset/release/images\images_925.jpg,65
AMLdataset/release/images_augmentation\aug_0_images_925.jpg,65
AMLdataset/release/images_augmentation\aug_1_images_925.jpg,65
AMLdataset/release/images\images_926.jpg,65
AMLdataset/release/images_augmentation\aug_0_images_926.jpg,65
AMLdataset/release/images_augmentation\aug_1_images_926.jpg,65
AMLdataset/release/images\images_927.jpg,65
AMLdataset/release/images_augmentation\aug_0_images_927.jpg,65
AMLdataset/release/images_augmentation\aug_1_images_927.jpg,65
AMLdataset/release/images\images_928.jpg,65
AMLdataset/release/images_augmentation\aug_0_images_928.jpg,65
AMLdataset/release/images_augmentation\aug_1_images_928.jpg,65
AMLdataset/release/images\images_929.jpg,65
AMLdataset/release/images_augmentation\aug_0_images_929.jpg,65
AMLdataset/release/images_augmentation\aug_1_images_929.jpg,65
AMLdataset/release/images\images_930.jpg,65
AMLdataset/release/images_augmentation\aug_0_images_930.jpg,65
AMLdataset/release/images_augmentation\aug_1_images_930.jpg,65
AMLdataset/release/images\images_931.jpg,65
AMLdataset/release/images_augmentation\aug_0_images_931.jpg,65
AMLdataset/release/images_augmentation\aug_1_images_931.jpg,65
AMLdataset/release/images\images_932.jpg,65
AMLdataset/release/images_augmentation\aug_0_images_932.jpg,65
AMLdataset/release/images_augmentation\aug_1_images_932.jpg,65
AMLdataset/release/images\images_933.jpg,65
AMLdataset/release/images_augmentation\aug_0_images_933.jpg,65
AMLdataset/release/images_augmentation\aug_1_images_933.jpg,65
AMLdataset/release/images\images_934.jpg,65
AMLdataset/release/images_augmentation\aug_0_images_934.jpg,65
AMLdataset/release/images_augmentation\aug_1_images_934.jpg,65
AMLdataset/release/images\images_935.jpg,65
AMLdataset/release/images_augmentation\aug_0_images_935.jpg,65
AMLdataset/release/images_augmentation\aug_1_images_935.jpg,65
AMLdataset/release/images\images_936.jpg,65
AMLdataset/release/images_augmentation\aug_0_images_936.jpg,65
AMLdataset/release/images_augmentation\aug_1_images_936.jpg,65
AMLdataset/release/images\images_937.jpg,65
AMLdataset/release/images_augmentation\aug_0_images_937.jpg,65
AMLdataset/release/images_augmentation\aug_1_images_937.jpg,65
AMLdataset/release/images\images_938.jpg,65
AMLdataset/release/images_augmentation\aug_0_images_938.jpg,65
AMLdataset/release/images_augmentation\aug_1_images_938.jpg,65
AMLdataset/release/images\images_939.jpg,65
AMLdataset/release/images_augmentation\aug_0_images_939.jpg,65
AMLdataset/release/images_augmentation\aug_1_images_939.jpg,65
AMLdataset/release/images\images_940.jpg,65
AMLdataset/release/images_augmentation\aug_0_images_940.jpg,65
AMLdataset/release/images_augmentation\aug_1_images_940.jpg,65
AMLdataset/release/images\images_941.jpg,25
AMLdataset/release/images_augmentation\aug_0_images_941.jpg,25
AMLdataset/release/images_augmentation\aug_1_images_941.jpg,25
AMLdataset/release/images\images_942.jpg,25
AMLdataset/release/images_augmentation\aug_0_images_942.jpg,25
AMLdataset/release/images_augmentation\aug_1_images_942.jpg,25
AMLdataset/release/images\images_943.jpg,25
AMLdataset/release/images_augmentation\aug_0_images_943.jpg,25
AMLdataset/release/images_augmentation\aug_1_images_943.jpg,25
AMLdataset/release/images\images_944.jpg,25
AMLdataset/release/images_augmentation\aug_0_images_944.jpg,25
AMLdataset/release/images_augmentation\aug_1_images_944.jpg,25
AMLdataset/release/images\images_945.jpg,25
AMLdataset/release/images_augmentation\aug_0_images_945.jpg,25
AMLdataset/release/images_augmentation\aug_1_images_945.jpg,25
AMLdataset/release/images\images_946.jpg,25
AMLdataset/release/images_augmentation\aug_0_images_946.jpg,25
AMLdataset/release/images_augmentation\aug_1_images_946.jpg,25
AMLdataset/release/images\images_947.jpg,25
AMLdataset/release/images_augmentation\aug_0_images_947.jpg,25
AMLdataset/release/images_augmentation\aug_1_images_947.jpg,25
AMLdataset/release/images\images_948.jpg,25
AMLdataset/release/images_augmentation\aug_0_images_948.jpg,25
AMLdataset/release/images_augmentation\aug_1_images_948.jpg,25
AMLdataset/release/images\images_949.jpg,25
AMLdataset/release/images_augmentation\aug_0_images_949.jpg,25
AMLdataset/release/images_augmentation\aug_1_images_949.jpg,25
AMLdataset/release/images\images_950.jpg,25
AMLdataset/release/images_augmentation\aug_0_images_950.jpg,25
AMLdataset/release/images_augmentation\aug_1_images_950.jpg,25
AMLdataset/release/images\images_951.jpg,25
AMLdataset/release/images_augmentation\aug_0_images_951.jpg,25
AMLdataset/release/images_augmentation\aug_1_images_951.jpg,25
AMLdataset/release/images\images_952.jpg,25
AMLdataset/release/images_augmentation\aug_0_images_952.jpg,25
AMLdataset/release/images_augmentation\aug_1_images_952.jpg,25
AMLdataset/release/images\images_953.jpg,25
AMLdataset/release/images_augmentation\aug_0_images_953.jpg,25
AMLdataset/release/images_augmentation\aug_1_images_953.jpg,25
AMLdataset/release/images\images_954.jpg,25
AMLdataset/release/images_augmentation\aug_0_images_954.jpg,25
AMLdataset/release/images_augmentation\aug_1_images_954.jpg,25
AMLdataset/release/images\images_955.jpg,25
AMLdataset/release/images_augmentation\aug_0_images_955.jpg,25
AMLdataset/release/images_augmentation\aug_1_images_955.jpg,25
AMLdataset/release/images\images_956.jpg,25
AMLdataset/release/images_augmentation\aug_0_images_956.jpg,25
AMLdataset/release/images_augmentation\aug_1_images_956.jpg,25
AMLdataset/release/images\images_957.jpg,25
AMLdataset/release/images_augmentation\aug_0_images_957.jpg,25
AMLdataset/release/images_augmentation\aug_1_images_957.jpg,25
AMLdataset/release/images\images_958.jpg,25
AMLdataset/release/images_augmentation\aug_0_images_958.jpg,25
AMLdataset/release/images_augmentation\aug_1_images_958.jpg,25
AMLdataset/release/images\images_959.jpg,25
AMLdataset/release/images_augmentation\aug_0_images_959.jpg,25
AMLdataset/release/images_augmentation\aug_1_images_959.jpg,25
AMLdataset/release/images\images_960.jpg,25
AMLdataset/release/images_augmentation\aug_0_images_960.jpg,25
AMLdataset/release/images_augmentation\aug_1_images_960.jpg,25
AMLdataset/release/images\images_961.jpg,149
AMLdataset/release/images_augmentation\aug_0_images_961.jpg,149
AMLdataset/release/images_augmentation\aug_1_images_961.jpg,149
AMLdataset/release/images\images_962.jpg,149
AMLdataset/release/images_augmentation\aug_0_images_962.jpg,149
AMLdataset/release/images_augmentation\aug_1_images_962.jpg,149
AMLdataset/release/images\images_963.jpg,149
AMLdataset/release/images_augmentation\aug_0_images_963.jpg,149
AMLdataset/release/images_augmentation\aug_1_images_963.jpg,149
AMLdataset/release/images\images_964.jpg,149
AMLdataset/release/images_augmentation\aug_0_images_964.jpg,149
AMLdataset/release/images_augmentation\aug_1_images_964.jpg,149
AMLdataset/release/images\images_965.jpg,149
AMLdataset/release/images_augmentation\aug_0_images_965.jpg,149
AMLdataset/release/images_augmentation\aug_1_images_965.jpg,149
AMLdataset/release/images\images_966.jpg,149
AMLdataset/release/images_augmentation\aug_0_images_966.jpg,149
AMLdataset/release/images_augmentation\aug_1_images_966.jpg,149
AMLdataset/release/images\images_967.jpg,149
AMLdataset/release/images_augmentation\aug_0_images_967.jpg,149
AMLdataset/release/images_augmentation\aug_1_images_967.jpg,149
AMLdataset/release/images\images_968.jpg,149
AMLdataset/release/images_augmentation\aug_0_images_968.jpg,149
AMLdataset/release/images_augmentation\aug_1_images_968.jpg,149
AMLdataset/release/images\images_969.jpg,149
AMLdataset/release/images_augmentation\aug_0_images_969.jpg,149
AMLdataset/release/images_augmentation\aug_1_images_969.jpg,149
AMLdataset/release/images\images_970.jpg,149
AMLdataset/release/images_augmentation\aug_0_images_970.jpg,149
AMLdataset/release/images_augmentation\aug_1_images_970.jpg,149
AMLdataset/release/images\images_971.jpg,149
AMLdataset/release/images_augmentation\aug_0_images_971.jpg,149
AMLdataset/release/images_augmentation\aug_1_images_971.jpg,149
AMLdataset/release/images\images_972.jpg,149
AMLdataset/release/images_augmentation\aug_0_images_972.jpg,149
AMLdataset/release/images_augmentation\aug_1_images_972.jpg,149
AMLdataset/release/images\images_973.jpg,149
AMLdataset/release/images_augmentation\aug_0_images_973.jpg,149
AMLdataset/release/images_augmentation\aug_1_images_973.jpg,149
AMLdataset/release/images\images_974.jpg,149
AMLdataset/release/images_augmentation\aug_0_images_974.jpg,149
AMLdataset/release/images_augmentation\aug_1_images_974.jpg,149
AMLdataset/release/images\images_975.jpg,149
AMLdataset/release/images_augmentation\aug_0_images_975.jpg,149
AMLdataset/release/images_augmentation\aug_1_images_975.jpg,149
AMLdataset/release/images\images_976.jpg,149
AMLdataset/release/images_augmentation\aug_0_images_976.jpg,149
AMLdataset/release/images_augmentation\aug_1_images_976.jpg,149
AMLdataset/release/images\images_977.jpg,149
AMLdataset/release/images_augmentation\aug_0_images_977.jpg,149
AMLdataset/release/images_augmentation\aug_1_images_977.jpg,149
AMLdataset/release/images\images_978.jpg,149
AMLdataset/release/images_augmentation\aug_0_images_978.jpg,149
AMLdataset/release/images_augmentation\aug_1_images_978.jpg,149
AMLdataset/release/images\images_979.jpg,149
AMLdataset/release/images_augmentation\aug_0_images_979.jpg,149
AMLdataset/release/images_augmentation\aug_1_images_979.jpg,149
AMLdataset/release/images\images_980.jpg,149
AMLdataset/release/images_augmentation\aug_0_images_980.jpg,149
AMLdataset/release/images_augmentation\aug_1_images_980.jpg,149
AMLdataset/release/images\images_981.jpg,359
AMLdataset/release/images_augmentation\aug_0_images_981.jpg,359
AMLdataset/release/images_augmentation\aug_1_images_981.jpg,359
AMLdataset/release/images\images_982.jpg,359
AMLdataset/release/images_augmentation\aug_0_images_982.jpg,359
AMLdataset/release/images_augmentation\aug_1_images_982.jpg,359
AMLdataset/release/images\images_983.jpg,359
AMLdataset/release/images_augmentation\aug_0_images_983.jpg,359
AMLdataset/release/images_augmentation\aug_1_images_983.jpg,359
AMLdataset/release/images\images_984.jpg,359
AMLdataset/release/images_augmentation\aug_0_images_984.jpg,359
AMLdataset/release/images_augmentation\aug_1_images_984.jpg,359
AMLdataset/release/images\images_985.jpg,359
AMLdataset/release/images_augmentation\aug_0_images_985.jpg,359
AMLdataset/release/images_augmentation\aug_1_images_985.jpg,359
AMLdataset/release/images\images_986.jpg,359
AMLdataset/release/images_augmentation\aug_0_images_986.jpg,359
AMLdataset/release/images_augmentation\aug_1_images_986.jpg,359
AMLdataset/release/images\images_987.jpg,359
AMLdataset/release/images_augmentation\aug_0_images_987.jpg,359
AMLdataset/release/images_augmentation\aug_1_images_987.jpg,359
AMLdataset/release/images\images_988.jpg,359
AMLdataset/release/images_augmentation\aug_0_images_988.jpg,359
AMLdataset/release/images_augmentation\aug_1_images_988.jpg,359
AMLdataset/release/images\images_989.jpg,359
AMLdataset/release/images_augmentation\aug_0_images_989.jpg,359
AMLdataset/release/images_augmentation\aug_1_images_989.jpg,359
AMLdataset/release/images\images_990.jpg,359
AMLdataset/release/images_augmentation\aug_0_images_990.jpg,359
AMLdataset/release/images_augmentation\aug_1_images_990.jpg,359
AMLdataset/release/images\images_991.jpg,359
AMLdataset/release/images_augmentation\aug_0_images_991.jpg,359
AMLdataset/release/images_augmentation\aug_1_images_991.jpg,359
AMLdataset/release/images\images_992.jpg,359
AMLdataset/release/images_augmentation\aug_0_images_992.jpg,359
AMLdataset/release/images_augmentation\aug_1_images_992.jpg,359
AMLdataset/release/images\images_993.jpg,359
AMLdataset/release/images_augmentation\aug_0_images_993.jpg,359
AMLdataset/release/images_augmentation\aug_1_images_993.jpg,359
AMLdataset/release/images\images_994.jpg,359
AMLdataset/release/images_augmentation\aug_0_images_994.jpg,359
AMLdataset/release/images_augmentation\aug_1_images_994.jpg,359
AMLdataset/release/images\images_995.jpg,359
AMLdataset/release/images_augmentation\aug_0_images_995.jpg,359
AMLdataset/release/images_augmentation\aug_1_images_995.jpg,359
AMLdataset/release/images\images_996.jpg,359
AMLdataset/release/images_augmentation\aug_0_images_996.jpg,359
AMLdataset/release/images_augmentation\aug_1_images_996.jpg,359
AMLdataset/release/images\images_997.jpg,359
AMLdataset/release/images_augmentation\aug_0_images_997.jpg,359
AMLdataset/release/images_augmentation\aug_1_images_997.jpg,359
AMLdataset/release/images\images_998.jpg,359
AMLdataset/release/images_augmentation\aug_0_images_998.jpg,359
AMLdataset/release/images_augmentation\aug_1_images_998.jpg,359
AMLdataset/release/images\images_999.jpg,359
AMLdataset/release/images_augmentation\aug_0_images_999.jpg,359
AMLdataset/release/images_augmentation\aug_1_images_999.jpg,359
AMLdataset/release/images\images_1000.jpg,359
AMLdataset/release/images_augmentation\aug_0_images_1000.jpg,359
AMLdataset/release/images_augmentation\aug_1_images_1000.jpg,359
AMLdataset/release/images\images_1001.jpg,88
AMLdataset/release/images_augmentation\aug_0_images_1001.jpg,88
AMLdataset/release/images_augmentation\aug_1_images_1001.jpg,88
AMLdataset/release/images\images_1002.jpg,88
AMLdataset/release/images_augmentation\aug_0_images_1002.jpg,88
AMLdataset/release/images_augmentation\aug_1_images_1002.jpg,88
AMLdataset/release/images\images_1003.jpg,88
AMLdataset/release/images_augmentation\aug_0_images_1003.jpg,88
AMLdataset/release/images_augmentation\aug_1_images_1003.jpg,88
AMLdataset/release/images\images_1004.jpg,88
AMLdataset/release/images_augmentation\aug_0_images_1004.jpg,88
AMLdataset/release/images_augmentation\aug_1_images_1004.jpg,88
AMLdataset/release/images\images_1005.jpg,88
AMLdataset/release/images_augmentation\aug_0_images_1005.jpg,88
AMLdataset/release/images_augmentation\aug_1_images_1005.jpg,88
AMLdataset/release/images\images_1006.jpg,88
AMLdataset/release/images_augmentation\aug_0_images_1006.jpg,88
AMLdataset/release/images_augmentation\aug_1_images_1006.jpg,88
AMLdataset/release/images\images_1007.jpg,88
AMLdataset/release/images_augmentation\aug_0_images_1007.jpg,88
AMLdataset/release/images_augmentation\aug_1_images_1007.jpg,88
AMLdataset/release/images\images_1008.jpg,88
AMLdataset/release/images_augmentation\aug_0_images_1008.jpg,88
AMLdataset/release/images_augmentation\aug_1_images_1008.jpg,88
AMLdataset/release/images\images_1009.jpg,88
AMLdataset/release/images_augmentation\aug_0_images_1009.jpg,88
AMLdataset/release/images_augmentation\aug_1_images_1009.jpg,88
AMLdataset/release/images\images_1010.jpg,88
AMLdataset/release/images_augmentation\aug_0_images_1010.jpg,88
AMLdataset/release/images_augmentation\aug_1_images_1010.jpg,88
AMLdataset/release/images\images_1011.jpg,88
AMLdataset/release/images_augmentation\aug_0_images_1011.jpg,88
AMLdataset/release/images_augmentation\aug_1_images_1011.jpg,88
AMLdataset/release/images\images_1012.jpg,88
AMLdataset/release/images_augmentation\aug_0_images_1012.jpg,88
AMLdataset/release/images_augmentation\aug_1_images_1012.jpg,88
AMLdataset/release/images\images_1013.jpg,88
AMLdataset/release/images_augmentation\aug_0_images_1013.jpg,88
AMLdataset/release/images_augmentation\aug_1_images_1013.jpg,88
AMLdataset/release/images\images_1014.jpg,88
AMLdataset/release/images_augmentation\aug_0_images_1014.jpg,88
AMLdataset/release/images_augmentation\aug_1_images_1014.jpg,88
AMLdataset/release/images\images_1015.jpg,88
AMLdataset/release/images_augmentation\aug_0_images_1015.jpg,88
AMLdataset/release/images_augmentation\aug_1_images_1015.jpg,88
AMLdataset/release/images\images_1016.jpg,88
AMLdataset/release/images_augmentation\aug_0_images_1016.jpg,88
AMLdataset/release/images_augmentation\aug_1_images_1016.jpg,88
AMLdataset/release/images\images_1017.jpg,88
AMLdataset/release/images_augmentation\aug_0_images_1017.jpg,88
AMLdataset/release/images_augmentation\aug_1_images_1017.jpg,88
AMLdataset/release/images\images_1018.jpg,88
AMLdataset/release/images_augmentation\aug_0_images_1018.jpg,88
AMLdataset/release/images_augmentation\aug_1_images_1018.jpg,88
AMLdataset/release/images\images_1019.jpg,88
AMLdataset/release/images_augmentation\aug_0_images_1019.jpg,88
AMLdataset/release/images_augmentation\aug_1_images_1019.jpg,88
AMLdataset/release/images\images_1020.jpg,88
AMLdataset/release/images_augmentation\aug_0_images_1020.jpg,88
AMLdataset/release/images_augmentation\aug_1_images_1020.jpg,88
AMLdataset/release/images\images_1021.jpg,38
AMLdataset/release/images_augmentation\aug_0_images_1021.jpg,38
AMLdataset/release/images_augmentation\aug_1_images_1021.jpg,38
AMLdataset/release/images\images_1022.jpg,38
AMLdataset/release/images_augmentation\aug_0_images_1022.jpg,38
AMLdataset/release/images_augmentation\aug_1_images_1022.jpg,38
AMLdataset/release/images\images_1023.jpg,38
AMLdataset/release/images_augmentation\aug_0_images_1023.jpg,38
AMLdataset/release/images_augmentation\aug_1_images_1023.jpg,38
AMLdataset/release/images\images_1024.jpg,38
AMLdataset/release/images_augmentation\aug_0_images_1024.jpg,38
AMLdataset/release/images_augmentation\aug_1_images_1024.jpg,38
AMLdataset/release/images\images_1025.jpg,38
AMLdataset/release/images_augmentation\aug_0_images_1025.jpg,38
AMLdataset/release/images_augmentation\aug_1_images_1025.jpg,38
AMLdataset/release/images\images_1026.jpg,38
AMLdataset/release/images_augmentation\aug_0_images_1026.jpg,38
AMLdataset/release/images_augmentation\aug_1_images_1026.jpg,38
AMLdataset/release/images\images_1027.jpg,38
AMLdataset/release/images_augmentation\aug_0_images_1027.jpg,38
AMLdataset/release/images_augmentation\aug_1_images_1027.jpg,38
AMLdataset/release/images\images_1028.jpg,38
AMLdataset/release/images_augmentation\aug_0_images_1028.jpg,38
AMLdataset/release/images_augmentation\aug_1_images_1028.jpg,38
AMLdataset/release/images\images_1029.jpg,38
AMLdataset/release/images_augmentation\aug_0_images_1029.jpg,38
AMLdataset/release/images_augmentation\aug_1_images_1029.jpg,38
AMLdataset/release/images\images_1030.jpg,38
AMLdataset/release/images_augmentation\aug_0_images_1030.jpg,38
AMLdataset/release/images_augmentation\aug_1_images_1030.jpg,38
AMLdataset/release/images\images_1031.jpg,38
AMLdataset/release/images_augmentation\aug_0_images_1031.jpg,38
AMLdataset/release/images_augmentation\aug_1_images_1031.jpg,38
AMLdataset/release/images\images_1032.jpg,38
AMLdataset/release/images_augmentation\aug_0_images_1032.jpg,38
AMLdataset/release/images_augmentation\aug_1_images_1032.jpg,38
AMLdataset/release/images\images_1033.jpg,38
AMLdataset/release/images_augmentation\aug_0_images_1033.jpg,38
AMLdataset/release/images_augmentation\aug_1_images_1033.jpg,38
AMLdataset/release/images\images_1034.jpg,38
AMLdataset/release/images_augmentation\aug_0_images_1034.jpg,38
AMLdataset/release/images_augmentation\aug_1_images_1034.jpg,38
AMLdataset/release/images\images_1035.jpg,38
AMLdataset/release/images_augmentation\aug_0_images_1035.jpg,38
AMLdataset/release/images_augmentation\aug_1_images_1035.jpg,38
AMLdataset/release/images\images_1036.jpg,38
AMLdataset/release/images_augmentation\aug_0_images_1036.jpg,38
AMLdataset/release/images_augmentation\aug_1_images_1036.jpg,38
AMLdataset/release/images\images_1037.jpg,38
AMLdataset/release/images_augmentation\aug_0_images_1037.jpg,38
AMLdataset/release/images_augmentation\aug_1_images_1037.jpg,38
AMLdataset/release/images\images_1038.jpg,38
AMLdataset/release/images_augmentation\aug_0_images_1038.jpg,38
AMLdataset/release/images_augmentation\aug_1_images_1038.jpg,38
AMLdataset/release/images\images_1039.jpg,38
AMLdataset/release/images_augmentation\aug_0_images_1039.jpg,38
AMLdataset/release/images_augmentation\aug_1_images_1039.jpg,38
AMLdataset/release/images\images_1040.jpg,38
AMLdataset/release/images_augmentation\aug_0_images_1040.jpg,38
AMLdataset/release/images_augmentation\aug_1_images_1040.jpg,38
AMLdataset/release/images\images_1041.jpg,262
AMLdataset/release/images_augmentation\aug_0_images_1041.jpg,262
AMLdataset/release/images_augmentation\aug_1_images_1041.jpg,262
AMLdataset/release/images\images_1042.jpg,262
AMLdataset/release/images_augmentation\aug_0_images_1042.jpg,262
AMLdataset/release/images_augmentation\aug_1_images_1042.jpg,262
AMLdataset/release/images\images_1043.jpg,262
AMLdataset/release/images_augmentation\aug_0_images_1043.jpg,262
AMLdataset/release/images_augmentation\aug_1_images_1043.jpg,262
AMLdataset/release/images\images_1044.jpg,262
AMLdataset/release/images_augmentation\aug_0_images_1044.jpg,262
AMLdataset/release/images_augmentation\aug_1_images_1044.jpg,262
AMLdataset/release/images\images_1045.jpg,262
AMLdataset/release/images_augmentation\aug_0_images_1045.jpg,262
AMLdataset/release/images_augmentation\aug_1_images_1045.jpg,262
AMLdataset/release/images\images_1046.jpg,262
AMLdataset/release/images_augmentation\aug_0_images_1046.jpg,262
AMLdataset/release/images_augmentation\aug_1_images_1046.jpg,262
AMLdataset/release/images\images_1047.jpg,262
AMLdataset/release/images_augmentation\aug_0_images_1047.jpg,262
AMLdataset/release/images_augmentation\aug_1_images_1047.jpg,262
AMLdataset/release/images\images_1048.jpg,262
AMLdataset/release/images_augmentation\aug_0_images_1048.jpg,262
AMLdataset/release/images_augmentation\aug_1_images_1048.jpg,262
AMLdataset/release/images\images_1049.jpg,262
AMLdataset/release/images_augmentation\aug_0_images_1049.jpg,262
AMLdataset/release/images_augmentation\aug_1_images_1049.jpg,262
AMLdataset/release/images\images_1050.jpg,262
AMLdataset/release/images_augmentation\aug_0_images_1050.jpg,262
AMLdataset/release/images_augmentation\aug_1_images_1050.jpg,262
AMLdataset/release/images\images_1051.jpg,262
AMLdataset/release/images_augmentation\aug_0_images_1051.jpg,262
AMLdataset/release/images_augmentation\aug_1_images_1051.jpg,262
AMLdataset/release/images\images_1052.jpg,262
AMLdataset/release/images_augmentation\aug_0_images_1052.jpg,262
AMLdataset/release/images_augmentation\aug_1_images_1052.jpg,262
AMLdataset/release/images\images_1053.jpg,262
AMLdataset/release/images_augmentation\aug_0_images_1053.jpg,262
AMLdataset/release/images_augmentation\aug_1_images_1053.jpg,262
AMLdataset/release/images\images_1054.jpg,262
AMLdataset/release/images_augmentation\aug_0_images_1054.jpg,262
AMLdataset/release/images_augmentation\aug_1_images_1054.jpg,262
AMLdataset/release/images\images_1055.jpg,262
AMLdataset/release/images_augmentation\aug_0_images_1055.jpg,262
AMLdataset/release/images_augmentation\aug_1_images_1055.jpg,262
AMLdataset/release/images\images_1056.jpg,262
AMLdataset/release/images_augmentation\aug_0_images_1056.jpg,262
AMLdataset/release/images_augmentation\aug_1_images_1056.jpg,262
AMLdataset/release/images\images_1057.jpg,262
AMLdataset/release/images_augmentation\aug_0_images_1057.jpg,262
AMLdataset/release/images_augmentation\aug_1_images_1057.jpg,262
AMLdataset/release/images\images_1058.jpg,262
AMLdataset/release/images_augmentation\aug_0_images_1058.jpg,262
AMLdataset/release/images_augmentation\aug_1_images_1058.jpg,262
AMLdataset/release/images\images_1059.jpg,262
AMLdataset/release/images_augmentation\aug_0_images_1059.jpg,262
AMLdataset/release/images_augmentation\aug_1_images_1059.jpg,262
AMLdataset/release/images\images_1060.jpg,262
AMLdataset/release/images_augmentation\aug_0_images_1060.jpg,262
AMLdataset/release/images_augmentation\aug_1_images_1060.jpg,262
AMLdataset/release/images\images_1061.jpg,91
AMLdataset/release/images_augmentation\aug_0_images_1061.jpg,91
AMLdataset/release/images_augmentation\aug_1_images_1061.jpg,91
AMLdataset/release/images\images_1062.jpg,91
AMLdataset/release/images_augmentation\aug_0_images_1062.jpg,91
AMLdataset/release/images_augmentation\aug_1_images_1062.jpg,91
AMLdataset/release/images\images_1063.jpg,91
AMLdataset/release/images_augmentation\aug_0_images_1063.jpg,91
AMLdataset/release/images_augmentation\aug_1_images_1063.jpg,91
AMLdataset/release/images\images_1064.jpg,91
AMLdataset/release/images_augmentation\aug_0_images_1064.jpg,91
AMLdataset/release/images_augmentation\aug_1_images_1064.jpg,91
AMLdataset/release/images\images_1065.jpg,91
AMLdataset/release/images_augmentation\aug_0_images_1065.jpg,91
AMLdataset/release/images_augmentation\aug_1_images_1065.jpg,91
AMLdataset/release/images\images_1066.jpg,91
AMLdataset/release/images_augmentation\aug_0_images_1066.jpg,91
AMLdataset/release/images_augmentation\aug_1_images_1066.jpg,91
AMLdataset/release/images\images_1067.jpg,91
AMLdataset/release/images_augmentation\aug_0_images_1067.jpg,91
AMLdataset/release/images_augmentation\aug_1_images_1067.jpg,91
AMLdataset/release/images\images_1068.jpg,91
AMLdataset/release/images_augmentation\aug_0_images_1068.jpg,91
AMLdataset/release/images_augmentation\aug_1_images_1068.jpg,91
AMLdataset/release/images\images_1069.jpg,91
AMLdataset/release/images_augmentation\aug_0_images_1069.jpg,91
AMLdataset/release/images_augmentation\aug_1_images_1069.jpg,91
AMLdataset/release/images\images_1070.jpg,91
AMLdataset/release/images_augmentation\aug_0_images_1070.jpg,91
AMLdataset/release/images_augmentation\aug_1_images_1070.jpg,91
AMLdataset/release/images\images_1071.jpg,91
AMLdataset/release/images_augmentation\aug_0_images_1071.jpg,91
AMLdataset/release/images_augmentation\aug_1_images_1071.jpg,91
AMLdataset/release/images\images_1072.jpg,91
AMLdataset/release/images_augmentation\aug_0_images_1072.jpg,91
AMLdataset/release/images_augmentation\aug_1_images_1072.jpg,91
AMLdataset/release/images\images_1073.jpg,91
AMLdataset/release/images_augmentation\aug_0_images_1073.jpg,91
AMLdataset/release/images_augmentation\aug_1_images_1073.jpg,91
AMLdataset/release/images\images_1074.jpg,91
AMLdataset/release/images_augmentation\aug_0_images_1074.jpg,91
AMLdataset/release/images_augmentation\aug_1_images_1074.jpg,91
AMLdataset/release/images\images_1075.jpg,91
AMLdataset/release/images_augmentation\aug_0_images_1075.jpg,91
AMLdataset/release/images_augmentation\aug_1_images_1075.jpg,91
AMLdataset/release/images\images_1076.jpg,91
AMLdataset/release/images_augmentation\aug_0_images_1076.jpg,91
AMLdataset/release/images_augmentation\aug_1_images_1076.jpg,91
AMLdataset/release/images\images_1077.jpg,91
AMLdataset/release/images_augmentation\aug_0_images_1077.jpg,91
AMLdataset/release/images_augmentation\aug_1_images_1077.jpg,91
AMLdataset/release/images\images_1078.jpg,91
AMLdataset/release/images_augmentation\aug_0_images_1078.jpg,91
AMLdataset/release/images_augmentation\aug_1_images_1078.jpg,91
AMLdataset/release/images\images_1079.jpg,91
AMLdataset/release/images_augmentation\aug_0_images_1079.jpg,91
AMLdataset/release/images_augmentation\aug_1_images_1079.jpg,91
AMLdataset/release/images\images_1080.jpg,91
AMLdataset/release/images_augmentation\aug_0_images_1080.jpg,91
AMLdataset/release/images_augmentation\aug_1_images_1080.jpg,91
AMLdataset/release/images\images_1081.jpg,299
AMLdataset/release/images_augmentation\aug_0_images_1081.jpg,299
AMLdataset/release/images_augmentation\aug_1_images_1081.jpg,299
AMLdataset/release/images\images_1082.jpg,299
AMLdataset/release/images_augmentation\aug_0_images_1082.jpg,299
AMLdataset/release/images_augmentation\aug_1_images_1082.jpg,299
AMLdataset/release/images\images_1083.jpg,299
AMLdataset/release/images_augmentation\aug_0_images_1083.jpg,299
AMLdataset/release/images_augmentation\aug_1_images_1083.jpg,299
AMLdataset/release/images\images_1084.jpg,299
AMLdataset/release/images_augmentation\aug_0_images_1084.jpg,299
AMLdataset/release/images_augmentation\aug_1_images_1084.jpg,299
AMLdataset/release/images\images_1085.jpg,299
AMLdataset/release/images_augmentation\aug_0_images_1085.jpg,299
AMLdataset/release/images_augmentation\aug_1_images_1085.jpg,299
AMLdataset/release/images\images_1086.jpg,299
AMLdataset/release/images_augmentation\aug_0_images_1086.jpg,299
AMLdataset/release/images_augmentation\aug_1_images_1086.jpg,299
AMLdataset/release/images\images_1087.jpg,299
AMLdataset/release/images_augmentation\aug_0_images_1087.jpg,299
AMLdataset/release/images_augmentation\aug_1_images_1087.jpg,299
AMLdataset/release/images\images_1088.jpg,299
AMLdataset/release/images_augmentation\aug_0_images_1088.jpg,299
AMLdataset/release/images_augmentation\aug_1_images_1088.jpg,299
AMLdataset/release/images\images_1089.jpg,299
AMLdataset/release/images_augmentation\aug_0_images_1089.jpg,299
AMLdataset/release/images_augmentation\aug_1_images_1089.jpg,299
AMLdataset/release/images\images_1090.jpg,299
AMLdataset/release/images_augmentation\aug_0_images_1090.jpg,299
AMLdataset/release/images_augmentation\aug_1_images_1090.jpg,299
AMLdataset/release/images\images_1091.jpg,299
AMLdataset/release/images_augmentation\aug_0_images_1091.jpg,299
AMLdataset/release/images_augmentation\aug_1_images_1091.jpg,299
AMLdataset/release/images\images_1092.jpg,299
AMLdataset/release/images_augmentation\aug_0_images_1092.jpg,299
AMLdataset/release/images_augmentation\aug_1_images_1092.jpg,299
AMLdataset/release/images\images_1093.jpg,299
AMLdataset/release/images_augmentation\aug_0_images_1093.jpg,299
AMLdataset/release/images_augmentation\aug_1_images_1093.jpg,299
AMLdataset/release/images\images_1094.jpg,299
AMLdataset/release/images_augmentation\aug_0_images_1094.jpg,299
AMLdataset/release/images_augmentation\aug_1_images_1094.jpg,299
AMLdataset/release/images\images_1095.jpg,299
AMLdataset/release/images_augmentation\aug_0_images_1095.jpg,299
AMLdataset/release/images_augmentation\aug_1_images_1095.jpg,299
AMLdataset/release/images\images_1096.jpg,299
AMLdataset/release/images_augmentation\aug_0_images_1096.jpg,299
AMLdataset/release/images_augmentation\aug_1_images_1096.jpg,299
AMLdataset/release/images\images_1097.jpg,299
AMLdataset/release/images_augmentation\aug_0_images_1097.jpg,299
AMLdataset/release/images_augmentation\aug_1_images_1097.jpg,299
AMLdataset/release/images\images_1098.jpg,299
AMLdataset/release/images_augmentation\aug_0_images_1098.jpg,299
AMLdataset/release/images_augmentation\aug_1_images_1098.jpg,299
AMLdataset/release/images\images_1099.jpg,299
AMLdataset/release/images_augmentation\aug_0_images_1099.jpg,299
AMLdataset/release/images_augmentation\aug_1_images_1099.jpg,299
AMLdataset/release/images\images_1100.jpg,299
AMLdataset/release/images_augmentation\aug_0_images_1100.jpg,299
AMLdataset/release/images_augmentation\aug_1_images_1100.jpg,299
AMLdataset/release/images\images_1101.jpg,157
AMLdataset/release/images_augmentation\aug_0_images_1101.jpg,157
AMLdataset/release/images_augmentation\aug_1_images_1101.jpg,157
AMLdataset/release/images\images_1102.jpg,157
AMLdataset/release/images_augmentation\aug_0_images_1102.jpg,157
AMLdataset/release/images_augmentation\aug_1_images_1102.jpg,157
AMLdataset/release/images\images_1103.jpg,157
AMLdataset/release/images_augmentation\aug_0_images_1103.jpg,157
AMLdataset/release/images_augmentation\aug_1_images_1103.jpg,157
AMLdataset/release/images\images_1104.jpg,157
AMLdataset/release/images_augmentation\aug_0_images_1104.jpg,157
AMLdataset/release/images_augmentation\aug_1_images_1104.jpg,157
AMLdataset/release/images\images_1105.jpg,157
AMLdataset/release/images_augmentation\aug_0_images_1105.jpg,157
AMLdataset/release/images_augmentation\aug_1_images_1105.jpg,157
AMLdataset/release/images\images_1106.jpg,157
AMLdataset/release/images_augmentation\aug_0_images_1106.jpg,157
AMLdataset/release/images_augmentation\aug_1_images_1106.jpg,157
AMLdataset/release/images\images_1107.jpg,157
AMLdataset/release/images_augmentation\aug_0_images_1107.jpg,157
AMLdataset/release/images_augmentation\aug_1_images_1107.jpg,157
AMLdataset/release/images\images_1108.jpg,157
AMLdataset/release/images_augmentation\aug_0_images_1108.jpg,157
AMLdataset/release/images_augmentation\aug_1_images_1108.jpg,157
AMLdataset/release/images\images_1109.jpg,157
AMLdataset/release/images_augmentation\aug_0_images_1109.jpg,157
AMLdataset/release/images_augmentation\aug_1_images_1109.jpg,157
AMLdataset/release/images\images_1110.jpg,157
AMLdataset/release/images_augmentation\aug_0_images_1110.jpg,157
AMLdataset/release/images_augmentation\aug_1_images_1110.jpg,157
AMLdataset/release/images\images_1111.jpg,157
AMLdataset/release/images_augmentation\aug_0_images_1111.jpg,157
AMLdataset/release/images_augmentation\aug_1_images_1111.jpg,157
AMLdataset/release/images\images_1112.jpg,157
AMLdataset/release/images_augmentation\aug_0_images_1112.jpg,157
AMLdataset/release/images_augmentation\aug_1_images_1112.jpg,157
AMLdataset/release/images\images_1113.jpg,157
AMLdataset/release/images_augmentation\aug_0_images_1113.jpg,157
AMLdataset/release/images_augmentation\aug_1_images_1113.jpg,157
AMLdataset/release/images\images_1114.jpg,157
AMLdataset/release/images_augmentation\aug_0_images_1114.jpg,157
AMLdataset/release/images_augmentation\aug_1_images_1114.jpg,157
AMLdataset/release/images\images_1115.jpg,157
AMLdataset/release/images_augmentation\aug_0_images_1115.jpg,157
AMLdataset/release/images_augmentation\aug_1_images_1115.jpg,157
AMLdataset/release/images\images_1116.jpg,157
AMLdataset/release/images_augmentation\aug_0_images_1116.jpg,157
AMLdataset/release/images_augmentation\aug_1_images_1116.jpg,157
AMLdataset/release/images\images_1117.jpg,157
AMLdataset/release/images_augmentation\aug_0_images_1117.jpg,157
AMLdataset/release/images_augmentation\aug_1_images_1117.jpg,157
AMLdataset/release/images\images_1118.jpg,157
AMLdataset/release/images_augmentation\aug_0_images_1118.jpg,157
AMLdataset/release/images_augmentation\aug_1_images_1118.jpg,157
AMLdataset/release/images\images_1119.jpg,157
AMLdataset/release/images_augmentation\aug_0_images_1119.jpg,157
AMLdataset/release/images_augmentation\aug_1_images_1119.jpg,157
AMLdataset/release/images\images_1120.jpg,157
AMLdataset/release/images_augmentation\aug_0_images_1120.jpg,157
AMLdataset/release/images_augmentation\aug_1_images_1120.jpg,157
AMLdataset/release/images\images_1121.jpg,268
AMLdataset/release/images_augmentation\aug_0_images_1121.jpg,268
AMLdataset/release/images_augmentation\aug_1_images_1121.jpg,268
AMLdataset/release/images\images_1122.jpg,268
AMLdataset/release/images_augmentation\aug_0_images_1122.jpg,268
AMLdataset/release/images_augmentation\aug_1_images_1122.jpg,268
AMLdataset/release/images\images_1123.jpg,268
AMLdataset/release/images_augmentation\aug_0_images_1123.jpg,268
AMLdataset/release/images_augmentation\aug_1_images_1123.jpg,268
AMLdataset/release/images\images_1124.jpg,268
AMLdataset/release/images_augmentation\aug_0_images_1124.jpg,268
AMLdataset/release/images_augmentation\aug_1_images_1124.jpg,268
AMLdataset/release/images\images_1125.jpg,268
AMLdataset/release/images_augmentation\aug_0_images_1125.jpg,268
AMLdataset/release/images_augmentation\aug_1_images_1125.jpg,268
AMLdataset/release/images\images_1126.jpg,268
AMLdataset/release/images_augmentation\aug_0_images_1126.jpg,268
AMLdataset/release/images_augmentation\aug_1_images_1126.jpg,268
AMLdataset/release/images\images_1127.jpg,268
AMLdataset/release/images_augmentation\aug_0_images_1127.jpg,268
AMLdataset/release/images_augmentation\aug_1_images_1127.jpg,268
AMLdataset/release/images\images_1128.jpg,268
AMLdataset/release/images_augmentation\aug_0_images_1128.jpg,268
AMLdataset/release/images_augmentation\aug_1_images_1128.jpg,268
AMLdataset/release/images\images_1129.jpg,268
AMLdataset/release/images_augmentation\aug_0_images_1129.jpg,268
AMLdataset/release/images_augmentation\aug_1_images_1129.jpg,268
AMLdataset/release/images\images_1130.jpg,268
AMLdataset/release/images_augmentation\aug_0_images_1130.jpg,268
AMLdataset/release/images_augmentation\aug_1_images_1130.jpg,268
AMLdataset/release/images\images_1131.jpg,268
AMLdataset/release/images_augmentation\aug_0_images_1131.jpg,268
AMLdataset/release/images_augmentation\aug_1_images_1131.jpg,268
AMLdataset/release/images\images_1132.jpg,268
AMLdataset/release/images_augmentation\aug_0_images_1132.jpg,268
AMLdataset/release/images_augmentation\aug_1_images_1132.jpg,268
AMLdataset/release/images\images_1133.jpg,268
AMLdataset/release/images_augmentation\aug_0_images_1133.jpg,268
AMLdataset/release/images_augmentation\aug_1_images_1133.jpg,268
AMLdataset/release/images\images_1134.jpg,268
AMLdataset/release/images_augmentation\aug_0_images_1134.jpg,268
AMLdataset/release/images_augmentation\aug_1_images_1134.jpg,268
AMLdataset/release/images\images_1135.jpg,268
AMLdataset/release/images_augmentation\aug_0_images_1135.jpg,268
AMLdataset/release/images_augmentation\aug_1_images_1135.jpg,268
AMLdataset/release/images\images_1136.jpg,268
AMLdataset/release/images_augmentation\aug_0_images_1136.jpg,268
AMLdataset/release/images_augmentation\aug_1_images_1136.jpg,268
AMLdataset/release/images\images_1137.jpg,268
AMLdataset/release/images_augmentation\aug_0_images_1137.jpg,268
AMLdataset/release/images_augmentation\aug_1_images_1137.jpg,268
AMLdataset/release/images\images_1138.jpg,268
AMLdataset/release/images_augmentation\aug_0_images_1138.jpg,268
AMLdataset/release/images_augmentation\aug_1_images_1138.jpg,268
AMLdataset/release/images\images_1139.jpg,268
AMLdataset/release/images_augmentation\aug_0_images_1139.jpg,268
AMLdataset/release/images_augmentation\aug_1_images_1139.jpg,268
AMLdataset/release/images\images_1140.jpg,268
AMLdataset/release/images_augmentation\aug_0_images_1140.jpg,268
AMLdataset/release/images_augmentation\aug_1_images_1140.jpg,268
AMLdataset/release/images\images_1141.jpg,334
AMLdataset/release/images_augmentation\aug_0_images_1141.jpg,334
AMLdataset/release/images_augmentation\aug_1_images_1141.jpg,334
AMLdataset/release/images\images_1142.jpg,334
AMLdataset/release/images_augmentation\aug_0_images_1142.jpg,334
AMLdataset/release/images_augmentation\aug_1_images_1142.jpg,334
AMLdataset/release/images\images_1143.jpg,334
AMLdataset/release/images_augmentation\aug_0_images_1143.jpg,334
AMLdataset/release/images_augmentation\aug_1_images_1143.jpg,334
AMLdataset/release/images\images_1144.jpg,334
AMLdataset/release/images_augmentation\aug_0_images_1144.jpg,334
AMLdataset/release/images_augmentation\aug_1_images_1144.jpg,334
AMLdataset/release/images\images_1145.jpg,334
AMLdataset/release/images_augmentation\aug_0_images_1145.jpg,334
AMLdataset/release/images_augmentation\aug_1_images_1145.jpg,334
AMLdataset/release/images\images_1146.jpg,334
AMLdataset/release/images_augmentation\aug_0_images_1146.jpg,334
AMLdataset/release/images_augmentation\aug_1_images_1146.jpg,334
AMLdataset/release/images\images_1147.jpg,334
AMLdataset/release/images_augmentation\aug_0_images_1147.jpg,334
AMLdataset/release/images_augmentation\aug_1_images_1147.jpg,334
AMLdataset/release/images\images_1148.jpg,334
AMLdataset/release/images_augmentation\aug_0_images_1148.jpg,334
AMLdataset/release/images_augmentation\aug_1_images_1148.jpg,334
AMLdataset/release/images\images_1149.jpg,334
AMLdataset/release/images_augmentation\aug_0_images_1149.jpg,334
AMLdataset/release/images_augmentation\aug_1_images_1149.jpg,334
AMLdataset/release/images\images_1150.jpg,334
AMLdataset/release/images_augmentation\aug_0_images_1150.jpg,334
AMLdataset/release/images_augmentation\aug_1_images_1150.jpg,334
AMLdataset/release/images\images_1151.jpg,334
AMLdataset/release/images_augmentation\aug_0_images_1151.jpg,334
AMLdataset/release/images_augmentation\aug_1_images_1151.jpg,334
AMLdataset/release/images\images_1152.jpg,334
AMLdataset/release/images_augmentation\aug_0_images_1152.jpg,334
AMLdataset/release/images_augmentation\aug_1_images_1152.jpg,334
AMLdataset/release/images\images_1153.jpg,334
AMLdataset/release/images_augmentation\aug_0_images_1153.jpg,334
AMLdataset/release/images_augmentation\aug_1_images_1153.jpg,334
AMLdataset/release/images\images_1154.jpg,334
AMLdataset/release/images_augmentation\aug_0_images_1154.jpg,334
AMLdataset/release/images_augmentation\aug_1_images_1154.jpg,334
AMLdataset/release/images\images_1155.jpg,334
AMLdataset/release/images_augmentation\aug_0_images_1155.jpg,334
AMLdataset/release/images_augmentation\aug_1_images_1155.jpg,334
AMLdataset/release/images\images_1156.jpg,334
AMLdataset/release/images_augmentation\aug_0_images_1156.jpg,334
AMLdataset/release/images_augmentation\aug_1_images_1156.jpg,334
AMLdataset/release/images\images_1157.jpg,334
AMLdataset/release/images_augmentation\aug_0_images_1157.jpg,334
AMLdataset/release/images_augmentation\aug_1_images_1157.jpg,334
AMLdataset/release/images\images_1158.jpg,334
AMLdataset/release/images_augmentation\aug_0_images_1158.jpg,334
AMLdataset/release/images_augmentation\aug_1_images_1158.jpg,334
AMLdataset/release/images\images_1159.jpg,334
AMLdataset/release/images_augmentation\aug_0_images_1159.jpg,334
AMLdataset/release/images_augmentation\aug_1_images_1159.jpg,334
AMLdataset/release/images\images_1160.jpg,334
AMLdataset/release/images_augmentation\aug_0_images_1160.jpg,334
AMLdataset/release/images_augmentation\aug_1_images_1160.jpg,334
AMLdataset/release/images\images_1161.jpg,10
AMLdataset/release/images_augmentation\aug_0_images_1161.jpg,10
AMLdataset/release/images_augmentation\aug_1_images_1161.jpg,10
AMLdataset/release/images\images_1162.jpg,10
AMLdataset/release/images_augmentation\aug_0_images_1162.jpg,10
AMLdataset/release/images_augmentation\aug_1_images_1162.jpg,10
AMLdataset/release/images\images_1163.jpg,10
AMLdataset/release/images_augmentation\aug_0_images_1163.jpg,10
AMLdataset/release/images_augmentation\aug_1_images_1163.jpg,10
AMLdataset/release/images\images_1164.jpg,10
AMLdataset/release/images_augmentation\aug_0_images_1164.jpg,10
AMLdataset/release/images_augmentation\aug_1_images_1164.jpg,10
AMLdataset/release/images\images_1165.jpg,10
AMLdataset/release/images_augmentation\aug_0_images_1165.jpg,10
AMLdataset/release/images_augmentation\aug_1_images_1165.jpg,10
AMLdataset/release/images\images_1166.jpg,10
AMLdataset/release/images_augmentation\aug_0_images_1166.jpg,10
AMLdataset/release/images_augmentation\aug_1_images_1166.jpg,10
AMLdataset/release/images\images_1167.jpg,10
AMLdataset/release/images_augmentation\aug_0_images_1167.jpg,10
AMLdataset/release/images_augmentation\aug_1_images_1167.jpg,10
AMLdataset/release/images\images_1168.jpg,10
AMLdataset/release/images_augmentation\aug_0_images_1168.jpg,10
AMLdataset/release/images_augmentation\aug_1_images_1168.jpg,10
AMLdataset/release/images\images_1169.jpg,10
AMLdataset/release/images_augmentation\aug_0_images_1169.jpg,10
AMLdataset/release/images_augmentation\aug_1_images_1169.jpg,10
AMLdataset/release/images\images_1170.jpg,10
AMLdataset/release/images_augmentation\aug_0_images_1170.jpg,10
AMLdataset/release/images_augmentation\aug_1_images_1170.jpg,10
AMLdataset/release/images\images_1171.jpg,10
AMLdataset/release/images_augmentation\aug_0_images_1171.jpg,10
AMLdataset/release/images_augmentation\aug_1_images_1171.jpg,10
AMLdataset/release/images\images_1172.jpg,10
AMLdataset/release/images_augmentation\aug_0_images_1172.jpg,10
AMLdataset/release/images_augmentation\aug_1_images_1172.jpg,10
AMLdataset/release/images\images_1173.jpg,10
AMLdataset/release/images_augmentation\aug_0_images_1173.jpg,10
AMLdataset/release/images_augmentation\aug_1_images_1173.jpg,10
AMLdataset/release/images\images_1174.jpg,10
AMLdataset/release/images_augmentation\aug_0_images_1174.jpg,10
AMLdataset/release/images_augmentation\aug_1_images_1174.jpg,10
AMLdataset/release/images\images_1175.jpg,10
AMLdataset/release/images_augmentation\aug_0_images_1175.jpg,10
AMLdataset/release/images_augmentation\aug_1_images_1175.jpg,10
AMLdataset/release/images\images_1176.jpg,10
AMLdataset/release/images_augmentation\aug_0_images_1176.jpg,10
AMLdataset/release/images_augmentation\aug_1_images_1176.jpg,10
AMLdataset/release/images\images_1177.jpg,10
AMLdataset/release/images_augmentation\aug_0_images_1177.jpg,10
AMLdataset/release/images_augmentation\aug_1_images_1177.jpg,10
AMLdataset/release/images\images_1178.jpg,10
AMLdataset/release/images_augmentation\aug_0_images_1178.jpg,10
AMLdataset/release/images_augmentation\aug_1_images_1178.jpg,10
AMLdataset/release/images\images_1179.jpg,10
AMLdataset/release/images_augmentation\aug_0_images_1179.jpg,10
AMLdataset/release/images_augmentation\aug_1_images_1179.jpg,10
AMLdataset/release/images\images_1180.jpg,10
AMLdataset/release/images_augmentation\aug_0_images_1180.jpg,10
AMLdataset/release/images_augmentation\aug_1_images_1180.jpg,10
AMLdataset/release/images\images_1181.jpg,231
AMLdataset/release/images_augmentation\aug_0_images_1181.jpg,231
AMLdataset/release/images_augmentation\aug_1_images_1181.jpg,231
AMLdataset/release/images\images_1182.jpg,231
AMLdataset/release/images_augmentation\aug_0_images_1182.jpg,231
AMLdataset/release/images_augmentation\aug_1_images_1182.jpg,231
AMLdataset/release/images\images_1183.jpg,231
AMLdataset/release/images_augmentation\aug_0_images_1183.jpg,231
AMLdataset/release/images_augmentation\aug_1_images_1183.jpg,231
AMLdataset/release/images\images_1184.jpg,231
AMLdataset/release/images_augmentation\aug_0_images_1184.jpg,231
AMLdataset/release/images_augmentation\aug_1_images_1184.jpg,231
AMLdataset/release/images\images_1185.jpg,231
AMLdataset/release/images_augmentation\aug_0_images_1185.jpg,231
AMLdataset/release/images_augmentation\aug_1_images_1185.jpg,231
AMLdataset/release/images\images_1186.jpg,231
AMLdataset/release/images_augmentation\aug_0_images_1186.jpg,231
AMLdataset/release/images_augmentation\aug_1_images_1186.jpg,231
AMLdataset/release/images\images_1187.jpg,231
AMLdataset/release/images_augmentation\aug_0_images_1187.jpg,231
AMLdataset/release/images_augmentation\aug_1_images_1187.jpg,231
AMLdataset/release/images\images_1188.jpg,231
AMLdataset/release/images_augmentation\aug_0_images_1188.jpg,231
AMLdataset/release/images_augmentation\aug_1_images_1188.jpg,231
AMLdataset/release/images\images_1189.jpg,231
AMLdataset/release/images_augmentation\aug_0_images_1189.jpg,231
AMLdataset/release/images_augmentation\aug_1_images_1189.jpg,231
AMLdataset/release/images\images_1190.jpg,231
AMLdataset/release/images_augmentation\aug_0_images_1190.jpg,231
AMLdataset/release/images_augmentation\aug_1_images_1190.jpg,231
AMLdataset/release/images\images_1191.jpg,231
AMLdataset/release/images_augmentation\aug_0_images_1191.jpg,231
AMLdataset/release/images_augmentation\aug_1_images_1191.jpg,231
AMLdataset/release/images\images_1192.jpg,231
AMLdataset/release/images_augmentation\aug_0_images_1192.jpg,231
AMLdataset/release/images_augmentation\aug_1_images_1192.jpg,231
AMLdataset/release/images\images_1193.jpg,231
AMLdataset/release/images_augmentation\aug_0_images_1193.jpg,231
AMLdataset/release/images_augmentation\aug_1_images_1193.jpg,231
AMLdataset/release/images\images_1194.jpg,231
AMLdataset/release/images_augmentation\aug_0_images_1194.jpg,231
AMLdataset/release/images_augmentation\aug_1_images_1194.jpg,231
AMLdataset/release/images\images_1195.jpg,231
AMLdataset/release/images_augmentation\aug_0_images_1195.jpg,231
AMLdataset/release/images_augmentation\aug_1_images_1195.jpg,231
AMLdataset/release/images\images_1196.jpg,231
AMLdataset/release/images_augmentation\aug_0_images_1196.jpg,231
AMLdataset/release/images_augmentation\aug_1_images_1196.jpg,231
AMLdataset/release/images\images_1197.jpg,231
AMLdataset/release/images_augmentation\aug_0_images_1197.jpg,231
AMLdataset/release/images_augmentation\aug_1_images_1197.jpg,231
AMLdataset/release/images\images_1198.jpg,231
AMLdataset/release/images_augmentation\aug_0_images_1198.jpg,231
AMLdataset/release/images_augmentation\aug_1_images_1198.jpg,231
AMLdataset/release/images\images_1199.jpg,231
AMLdataset/release/images_augmentation\aug_0_images_1199.jpg,231
AMLdataset/release/images_augmentation\aug_1_images_1199.jpg,231
AMLdataset/release/images\images_1200.jpg,231
AMLdataset/release/images_augmentation\aug_0_images_1200.jpg,231
AMLdataset/release/images_augmentation\aug_1_images_1200.jpg,231
AMLdataset/release/images\images_1201.jpg,225
AMLdataset/release/images_augmentation\aug_0_images_1201.jpg,225
AMLdataset/release/images_augmentation\aug_1_images_1201.jpg,225
AMLdataset/release/images\images_1202.jpg,225
AMLdataset/release/images_augmentation\aug_0_images_1202.jpg,225
AMLdataset/release/images_augmentation\aug_1_images_1202.jpg,225
AMLdataset/release/images\images_1203.jpg,225
AMLdataset/release/images_augmentation\aug_0_images_1203.jpg,225
AMLdataset/release/images_augmentation\aug_1_images_1203.jpg,225
AMLdataset/release/images\images_1204.jpg,225
AMLdataset/release/images_augmentation\aug_0_images_1204.jpg,225
AMLdataset/release/images_augmentation\aug_1_images_1204.jpg,225
AMLdataset/release/images\images_1205.jpg,225
AMLdataset/release/images_augmentation\aug_0_images_1205.jpg,225
AMLdataset/release/images_augmentation\aug_1_images_1205.jpg,225
AMLdataset/release/images\images_1206.jpg,225
AMLdataset/release/images_augmentation\aug_0_images_1206.jpg,225
AMLdataset/release/images_augmentation\aug_1_images_1206.jpg,225
AMLdataset/release/images\images_1207.jpg,225
AMLdataset/release/images_augmentation\aug_0_images_1207.jpg,225
AMLdataset/release/images_augmentation\aug_1_images_1207.jpg,225
AMLdataset/release/images\images_1208.jpg,225
AMLdataset/release/images_augmentation\aug_0_images_1208.jpg,225
AMLdataset/release/images_augmentation\aug_1_images_1208.jpg,225
AMLdataset/release/images\images_1209.jpg,225
AMLdataset/release/images_augmentation\aug_0_images_1209.jpg,225
AMLdataset/release/images_augmentation\aug_1_images_1209.jpg,225
AMLdataset/release/images\images_1210.jpg,225
AMLdataset/release/images_augmentation\aug_0_images_1210.jpg,225
AMLdataset/release/images_augmentation\aug_1_images_1210.jpg,225
AMLdataset/release/images\images_1211.jpg,225
AMLdataset/release/images_augmentation\aug_0_images_1211.jpg,225
AMLdataset/release/images_augmentation\aug_1_images_1211.jpg,225
AMLdataset/release/images\images_1212.jpg,225
AMLdataset/release/images_augmentation\aug_0_images_1212.jpg,225
AMLdataset/release/images_augmentation\aug_1_images_1212.jpg,225
AMLdataset/release/images\images_1213.jpg,225
AMLdataset/release/images_augmentation\aug_0_images_1213.jpg,225
AMLdataset/release/images_augmentation\aug_1_images_1213.jpg,225
AMLdataset/release/images\images_1214.jpg,225
AMLdataset/release/images_augmentation\aug_0_images_1214.jpg,225
AMLdataset/release/images_augmentation\aug_1_images_1214.jpg,225
AMLdataset/release/images\images_1215.jpg,225
AMLdataset/release/images_augmentation\aug_0_images_1215.jpg,225
AMLdataset/release/images_augmentation\aug_1_images_1215.jpg,225
AMLdataset/release/images\images_1216.jpg,225
AMLdataset/release/images_augmentation\aug_0_images_1216.jpg,225
AMLdataset/release/images_augmentation\aug_1_images_1216.jpg,225
AMLdataset/release/images\images_1217.jpg,225
AMLdataset/release/images_augmentation\aug_0_images_1217.jpg,225
AMLdataset/release/images_augmentation\aug_1_images_1217.jpg,225
AMLdataset/release/images\images_1218.jpg,225
AMLdataset/release/images_augmentation\aug_0_images_1218.jpg,225
AMLdataset/release/images_augmentation\aug_1_images_1218.jpg,225
AMLdataset/release/images\images_1219.jpg,225
AMLdataset/release/images_augmentation\aug_0_images_1219.jpg,225
AMLdataset/release/images_augmentation\aug_1_images_1219.jpg,225
AMLdataset/release/images\images_1220.jpg,225
AMLdataset/release/images_augmentation\aug_0_images_1220.jpg,225
AMLdataset/release/images_augmentation\aug_1_images_1220.jpg,225
AMLdataset/release/images\images_1221.jpg,77
AMLdataset/release/images_augmentation\aug_0_images_1221.jpg,77
AMLdataset/release/images_augmentation\aug_1_images_1221.jpg,77
AMLdataset/release/images\images_1222.jpg,77
AMLdataset/release/images_augmentation\aug_0_images_1222.jpg,77
AMLdataset/release/images_augmentation\aug_1_images_1222.jpg,77
AMLdataset/release/images\images_1223.jpg,77
AMLdataset/release/images_augmentation\aug_0_images_1223.jpg,77
AMLdataset/release/images_augmentation\aug_1_images_1223.jpg,77
AMLdataset/release/images\images_1224.jpg,77
AMLdataset/release/images_augmentation\aug_0_images_1224.jpg,77
AMLdataset/release/images_augmentation\aug_1_images_1224.jpg,77
AMLdataset/release/images\images_1225.jpg,77
AMLdataset/release/images_augmentation\aug_0_images_1225.jpg,77
AMLdataset/release/images_augmentation\aug_1_images_1225.jpg,77
AMLdataset/release/images\images_1226.jpg,77
AMLdataset/release/images_augmentation\aug_0_images_1226.jpg,77
AMLdataset/release/images_augmentation\aug_1_images_1226.jpg,77
AMLdataset/release/images\images_1227.jpg,77
AMLdataset/release/images_augmentation\aug_0_images_1227.jpg,77
AMLdataset/release/images_augmentation\aug_1_images_1227.jpg,77
AMLdataset/release/images\images_1228.jpg,77
AMLdataset/release/images_augmentation\aug_0_images_1228.jpg,77
AMLdataset/release/images_augmentation\aug_1_images_1228.jpg,77
AMLdataset/release/images\images_1229.jpg,77
AMLdataset/release/images_augmentation\aug_0_images_1229.jpg,77
AMLdataset/release/images_augmentation\aug_1_images_1229.jpg,77
AMLdataset/release/images\images_1230.jpg,77
AMLdataset/release/images_augmentation\aug_0_images_1230.jpg,77
AMLdataset/release/images_augmentation\aug_1_images_1230.jpg,77
AMLdataset/release/images\images_1231.jpg,77
AMLdataset/release/images_augmentation\aug_0_images_1231.jpg,77
AMLdataset/release/images_augmentation\aug_1_images_1231.jpg,77
AMLdataset/release/images\images_1232.jpg,77
AMLdataset/release/images_augmentation\aug_0_images_1232.jpg,77
AMLdataset/release/images_augmentation\aug_1_images_1232.jpg,77
AMLdataset/release/images\images_1233.jpg,77
AMLdataset/release/images_augmentation\aug_0_images_1233.jpg,77
AMLdataset/release/images_augmentation\aug_1_images_1233.jpg,77
AMLdataset/release/images\images_1234.jpg,77
AMLdataset/release/images_augmentation\aug_0_images_1234.jpg,77
AMLdataset/release/images_augmentation\aug_1_images_1234.jpg,77
AMLdataset/release/images\images_1235.jpg,77
AMLdataset/release/images_augmentation\aug_0_images_1235.jpg,77
AMLdataset/release/images_augmentation\aug_1_images_1235.jpg,77
AMLdataset/release/images\images_1236.jpg,77
AMLdataset/release/images_augmentation\aug_0_images_1236.jpg,77
AMLdataset/release/images_augmentation\aug_1_images_1236.jpg,77
AMLdataset/release/images\images_1237.jpg,77
AMLdataset/release/images_augmentation\aug_0_images_1237.jpg,77
AMLdataset/release/images_augmentation\aug_1_images_1237.jpg,77
AMLdataset/release/images\images_1238.jpg,77
AMLdataset/release/images_augmentation\aug_0_images_1238.jpg,77
AMLdataset/release/images_augmentation\aug_1_images_1238.jpg,77
AMLdataset/release/images\images_1239.jpg,77
AMLdataset/release/images_augmentation\aug_0_images_1239.jpg,77
AMLdataset/release/images_augmentation\aug_1_images_1239.jpg,77
AMLdataset/release/images\images_1240.jpg,77
AMLdataset/release/images_augmentation\aug_0_images_1240.jpg,77
AMLdataset/release/images_augmentation\aug_1_images_1240.jpg,77
AMLdataset/release/images\images_1241.jpg,294
AMLdataset/release/images_augmentation\aug_0_images_1241.jpg,294
AMLdataset/release/images_augmentation\aug_1_images_1241.jpg,294
AMLdataset/release/images\images_1242.jpg,294
AMLdataset/release/images_augmentation\aug_0_images_1242.jpg,294
AMLdataset/release/images_augmentation\aug_1_images_1242.jpg,294
AMLdataset/release/images\images_1243.jpg,294
AMLdataset/release/images_augmentation\aug_0_images_1243.jpg,294
AMLdataset/release/images_augmentation\aug_1_images_1243.jpg,294
AMLdataset/release/images\images_1244.jpg,294
AMLdataset/release/images_augmentation\aug_0_images_1244.jpg,294
AMLdataset/release/images_augmentation\aug_1_images_1244.jpg,294
AMLdataset/release/images\images_1245.jpg,294
AMLdataset/release/images_augmentation\aug_0_images_1245.jpg,294
AMLdataset/release/images_augmentation\aug_1_images_1245.jpg,294
AMLdataset/release/images\images_1246.jpg,294
AMLdataset/release/images_augmentation\aug_0_images_1246.jpg,294
AMLdataset/release/images_augmentation\aug_1_images_1246.jpg,294
AMLdataset/release/images\images_1247.jpg,294
AMLdataset/release/images_augmentation\aug_0_images_1247.jpg,294
AMLdataset/release/images_augmentation\aug_1_images_1247.jpg,294
AMLdataset/release/images\images_1248.jpg,294
AMLdataset/release/images\images_1249.jpg,294
AMLdataset/release/images_augmentation\aug_0_images_1249.jpg,294
AMLdataset/release/images_augmentation\aug_1_images_1249.jpg,294
AMLdataset/release/images\images_1250.jpg,294
AMLdataset/release/images_augmentation\aug_0_images_1250.jpg,294
AMLdataset/release/images_augmentation\aug_1_images_1250.jpg,294
AMLdataset/release/images\images_1251.jpg,294
AMLdataset/release/images_augmentation\aug_0_images_1251.jpg,294
AMLdataset/release/images_augmentation\aug_1_images_1251.jpg,294
AMLdataset/release/images\images_1252.jpg,294
AMLdataset/release/images_augmentation\aug_0_images_1252.jpg,294
AMLdataset/release/images_augmentation\aug_1_images_1252.jpg,294
AMLdataset/release/images\images_1253.jpg,294
AMLdataset/release/images_augmentation\aug_0_images_1253.jpg,294
AMLdataset/release/images_augmentation\aug_1_images_1253.jpg,294
AMLdataset/release/images\images_1254.jpg,294
AMLdataset/release/images_augmentation\aug_0_images_1254.jpg,294
AMLdataset/release/images_augmentation\aug_1_images_1254.jpg,294
AMLdataset/release/images\images_1255.jpg,294
AMLdataset/release/images_augmentation\aug_0_images_1255.jpg,294
AMLdataset/release/images_augmentation\aug_1_images_1255.jpg,294
AMLdataset/release/images\images_1256.jpg,294
AMLdataset/release/images_augmentation\aug_0_images_1256.jpg,294
AMLdataset/release/images_augmentation\aug_1_images_1256.jpg,294
AMLdataset/release/images\images_1257.jpg,294
AMLdataset/release/images_augmentation\aug_0_images_1257.jpg,294
AMLdataset/release/images_augmentation\aug_1_images_1257.jpg,294
AMLdataset/release/images\images_1258.jpg,294
AMLdataset/release/images_augmentation\aug_0_images_1258.jpg,294
AMLdataset/release/images_augmentation\aug_1_images_1258.jpg,294
AMLdataset/release/images\images_1259.jpg,294
AMLdataset/release/images_augmentation\aug_0_images_1259.jpg,294
AMLdataset/release/images_augmentation\aug_1_images_1259.jpg,294
AMLdataset/release/images\images_1260.jpg,294
AMLdataset/release/images_augmentation\aug_0_images_1260.jpg,294
AMLdataset/release/images_augmentation\aug_1_images_1260.jpg,294
AMLdataset/release/images\images_1261.jpg,264
AMLdataset/release/images_augmentation\aug_0_images_1261.jpg,264
AMLdataset/release/images_augmentation\aug_1_images_1261.jpg,264
AMLdataset/release/images\images_1262.jpg,264
AMLdataset/release/images_augmentation\aug_0_images_1262.jpg,264
AMLdataset/release/images_augmentation\aug_1_images_1262.jpg,264
AMLdataset/release/images\images_1263.jpg,264
AMLdataset/release/images_augmentation\aug_0_images_1263.jpg,264
AMLdataset/release/images_augmentation\aug_1_images_1263.jpg,264
AMLdataset/release/images\images_1264.jpg,264
AMLdataset/release/images_augmentation\aug_0_images_1264.jpg,264
AMLdataset/release/images_augmentation\aug_1_images_1264.jpg,264
AMLdataset/release/images\images_1265.jpg,264
AMLdataset/release/images_augmentation\aug_0_images_1265.jpg,264
AMLdataset/release/images_augmentation\aug_1_images_1265.jpg,264
AMLdataset/release/images\images_1266.jpg,264
AMLdataset/release/images_augmentation\aug_0_images_1266.jpg,264
AMLdataset/release/images_augmentation\aug_1_images_1266.jpg,264
AMLdataset/release/images\images_1267.jpg,264
AMLdataset/release/images_augmentation\aug_0_images_1267.jpg,264
AMLdataset/release/images_augmentation\aug_1_images_1267.jpg,264
AMLdataset/release/images\images_1268.jpg,264
AMLdataset/release/images_augmentation\aug_0_images_1268.jpg,264
AMLdataset/release/images_augmentation\aug_1_images_1268.jpg,264
AMLdataset/release/images\images_1269.jpg,264
AMLdataset/release/images_augmentation\aug_0_images_1269.jpg,264
AMLdataset/release/images_augmentation\aug_1_images_1269.jpg,264
AMLdataset/release/images\images_1270.jpg,264
AMLdataset/release/images_augmentation\aug_0_images_1270.jpg,264
AMLdataset/release/images_augmentation\aug_1_images_1270.jpg,264
AMLdataset/release/images\images_1271.jpg,264
AMLdataset/release/images_augmentation\aug_0_images_1271.jpg,264
AMLdataset/release/images_augmentation\aug_1_images_1271.jpg,264
AMLdataset/release/images\images_1272.jpg,264
AMLdataset/release/images_augmentation\aug_0_images_1272.jpg,264
AMLdataset/release/images_augmentation\aug_1_images_1272.jpg,264
AMLdataset/release/images\images_1273.jpg,264
AMLdataset/release/images_augmentation\aug_0_images_1273.jpg,264
AMLdataset/release/images_augmentation\aug_1_images_1273.jpg,264
AMLdataset/release/images\images_1274.jpg,264
AMLdataset/release/images_augmentation\aug_0_images_1274.jpg,264
AMLdataset/release/images_augmentation\aug_1_images_1274.jpg,264
AMLdataset/release/images\images_1275.jpg,264
AMLdataset/release/images_augmentation\aug_0_images_1275.jpg,264
AMLdataset/release/images_augmentation\aug_1_images_1275.jpg,264
AMLdataset/release/images\images_1276.jpg,264
AMLdataset/release/images_augmentation\aug_0_images_1276.jpg,264
AMLdataset/release/images_augmentation\aug_1_images_1276.jpg,264
AMLdataset/release/images\images_1277.jpg,264
AMLdataset/release/images_augmentation\aug_0_images_1277.jpg,264
AMLdataset/release/images_augmentation\aug_1_images_1277.jpg,264
AMLdataset/release/images\images_1278.jpg,264
AMLdataset/release/images_augmentation\aug_0_images_1278.jpg,264
AMLdataset/release/images_augmentation\aug_1_images_1278.jpg,264
AMLdataset/release/images\images_1279.jpg,264
AMLdataset/release/images_augmentation\aug_0_images_1279.jpg,264
AMLdataset/release/images_augmentation\aug_1_images_1279.jpg,264
AMLdataset/release/images\images_1280.jpg,264
AMLdataset/release/images_augmentation\aug_0_images_1280.jpg,264
AMLdataset/release/images_augmentation\aug_1_images_1280.jpg,264
AMLdataset/release/images\images_1281.jpg,167
AMLdataset/release/images_augmentation\aug_0_images_1281.jpg,167
AMLdataset/release/images_augmentation\aug_1_images_1281.jpg,167
AMLdataset/release/images\images_1282.jpg,167
AMLdataset/release/images_augmentation\aug_0_images_1282.jpg,167
AMLdataset/release/images_augmentation\aug_1_images_1282.jpg,167
AMLdataset/release/images\images_1283.jpg,167
AMLdataset/release/images_augmentation\aug_0_images_1283.jpg,167
AMLdataset/release/images_augmentation\aug_1_images_1283.jpg,167
AMLdataset/release/images\images_1284.jpg,167
AMLdataset/release/images_augmentation\aug_0_images_1284.jpg,167
AMLdataset/release/images_augmentation\aug_1_images_1284.jpg,167
AMLdataset/release/images\images_1285.jpg,167
AMLdataset/release/images_augmentation\aug_0_images_1285.jpg,167
AMLdataset/release/images_augmentation\aug_1_images_1285.jpg,167
AMLdataset/release/images\images_1286.jpg,167
AMLdataset/release/images\images_1287.jpg,167
AMLdataset/release/images_augmentation\aug_0_images_1287.jpg,167
AMLdataset/release/images_augmentation\aug_1_images_1287.jpg,167
AMLdataset/release/images\images_1288.jpg,167
AMLdataset/release/images_augmentation\aug_0_images_1288.jpg,167
AMLdataset/release/images_augmentation\aug_1_images_1288.jpg,167
AMLdataset/release/images\images_1289.jpg,167
AMLdataset/release/images_augmentation\aug_0_images_1289.jpg,167
AMLdataset/release/images_augmentation\aug_1_images_1289.jpg,167
AMLdataset/release/images\images_1290.jpg,167
AMLdataset/release/images_augmentation\aug_0_images_1290.jpg,167
AMLdataset/release/images_augmentation\aug_1_images_1290.jpg,167
AMLdataset/release/images\images_1291.jpg,167
AMLdataset/release/images_augmentation\aug_0_images_1291.jpg,167
AMLdataset/release/images_augmentation\aug_1_images_1291.jpg,167
AMLdataset/release/images\images_1292.jpg,167
AMLdataset/release/images_augmentation\aug_0_images_1292.jpg,167
AMLdataset/release/images_augmentation\aug_1_images_1292.jpg,167
AMLdataset/release/images\images_1293.jpg,167
AMLdataset/release/images_augmentation\aug_0_images_1293.jpg,167
AMLdataset/release/images_augmentation\aug_1_images_1293.jpg,167
AMLdataset/release/images\images_1294.jpg,167
AMLdataset/release/images_augmentation\aug_0_images_1294.jpg,167
AMLdataset/release/images_augmentation\aug_1_images_1294.jpg,167
AMLdataset/release/images\images_1295.jpg,167
AMLdataset/release/images_augmentation\aug_0_images_1295.jpg,167
AMLdataset/release/images_augmentation\aug_1_images_1295.jpg,167
AMLdataset/release/images\images_1296.jpg,167
AMLdataset/release/images_augmentation\aug_0_images_1296.jpg,167
AMLdataset/release/images_augmentation\aug_1_images_1296.jpg,167
AMLdataset/release/images\images_1297.jpg,167
AMLdataset/release/images_augmentation\aug_0_images_1297.jpg,167
AMLdataset/release/images_augmentation\aug_1_images_1297.jpg,167
AMLdataset/release/images\images_1298.jpg,167
AMLdataset/release/images_augmentation\aug_0_images_1298.jpg,167
AMLdataset/release/images_augmentation\aug_1_images_1298.jpg,167
AMLdataset/release/images\images_1299.jpg,167
AMLdataset/release/images_augmentation\aug_0_images_1299.jpg,167
AMLdataset/release/images_augmentation\aug_1_images_1299.jpg,167
AMLdataset/release/images\images_1300.jpg,167
AMLdataset/release/images_augmentation\aug_0_images_1300.jpg,167
AMLdataset/release/images_augmentation\aug_1_images_1300.jpg,167
AMLdataset/release/images\images_1301.jpg,321
AMLdataset/release/images_augmentation\aug_0_images_1301.jpg,321
AMLdataset/release/images_augmentation\aug_1_images_1301.jpg,321
AMLdataset/release/images\images_1302.jpg,321
AMLdataset/release/images_augmentation\aug_0_images_1302.jpg,321
AMLdataset/release/images_augmentation\aug_1_images_1302.jpg,321
AMLdataset/release/images\images_1303.jpg,321
AMLdataset/release/images_augmentation\aug_0_images_1303.jpg,321
AMLdataset/release/images_augmentation\aug_1_images_1303.jpg,321
AMLdataset/release/images\images_1304.jpg,321
AMLdataset/release/images_augmentation\aug_0_images_1304.jpg,321
AMLdataset/release/images_augmentation\aug_1_images_1304.jpg,321
AMLdataset/release/images\images_1305.jpg,321
AMLdataset/release/images_augmentation\aug_0_images_1305.jpg,321
AMLdataset/release/images_augmentation\aug_1_images_1305.jpg,321
AMLdataset/release/images\images_1306.jpg,321
AMLdataset/release/images_augmentation\aug_0_images_1306.jpg,321
AMLdataset/release/images_augmentation\aug_1_images_1306.jpg,321
AMLdataset/release/images\images_1307.jpg,321
AMLdataset/release/images_augmentation\aug_0_images_1307.jpg,321
AMLdataset/release/images_augmentation\aug_1_images_1307.jpg,321
AMLdataset/release/images\images_1308.jpg,321
AMLdataset/release/images_augmentation\aug_0_images_1308.jpg,321
AMLdataset/release/images_augmentation\aug_1_images_1308.jpg,321
AMLdataset/release/images\images_1309.jpg,321
AMLdataset/release/images_augmentation\aug_0_images_1309.jpg,321
AMLdataset/release/images_augmentation\aug_1_images_1309.jpg,321
AMLdataset/release/images\images_1310.jpg,321
AMLdataset/release/images_augmentation\aug_0_images_1310.jpg,321
AMLdataset/release/images_augmentation\aug_1_images_1310.jpg,321
AMLdataset/release/images\images_1311.jpg,321
AMLdataset/release/images_augmentation\aug_0_images_1311.jpg,321
AMLdataset/release/images_augmentation\aug_1_images_1311.jpg,321
AMLdataset/release/images\images_1312.jpg,321
AMLdataset/release/images_augmentation\aug_0_images_1312.jpg,321
AMLdataset/release/images_augmentation\aug_1_images_1312.jpg,321
AMLdataset/release/images\images_1313.jpg,321
AMLdataset/release/images_augmentation\aug_0_images_1313.jpg,321
AMLdataset/release/images_augmentation\aug_1_images_1313.jpg,321
AMLdataset/release/images\images_1314.jpg,321
AMLdataset/release/images_augmentation\aug_0_images_1314.jpg,321
AMLdataset/release/images_augmentation\aug_1_images_1314.jpg,321
AMLdataset/release/images\images_1315.jpg,321
AMLdataset/release/images_augmentation\aug_0_images_1315.jpg,321
AMLdataset/release/images_augmentation\aug_1_images_1315.jpg,321
AMLdataset/release/images\images_1316.jpg,321
AMLdataset/release/images_augmentation\aug_0_images_1316.jpg,321
AMLdataset/release/images_augmentation\aug_1_images_1316.jpg,321
AMLdataset/release/images\images_1317.jpg,321
AMLdataset/release/images_augmentation\aug_0_images_1317.jpg,321
AMLdataset/release/images_augmentation\aug_1_images_1317.jpg,321
AMLdataset/release/images\images_1318.jpg,321
AMLdataset/release/images_augmentation\aug_0_images_1318.jpg,321
AMLdataset/release/images_augmentation\aug_1_images_1318.jpg,321
AMLdataset/release/images\images_1319.jpg,321
AMLdataset/release/images_augmentation\aug_0_images_1319.jpg,321
AMLdataset/release/images_augmentation\aug_1_images_1319.jpg,321
AMLdataset/release/images\images_1320.jpg,321
AMLdataset/release/images_augmentation\aug_0_images_1320.jpg,321
AMLdataset/release/images_augmentation\aug_1_images_1320.jpg,321
AMLdataset/release/images\images_1321.jpg,223
AMLdataset/release/images_augmentation\aug_0_images_1321.jpg,223
AMLdataset/release/images_augmentation\aug_1_images_1321.jpg,223
AMLdataset/release/images\images_1322.jpg,223
AMLdataset/release/images_augmentation\aug_0_images_1322.jpg,223
AMLdataset/release/images_augmentation\aug_1_images_1322.jpg,223
AMLdataset/release/images\images_1323.jpg,223
AMLdataset/release/images_augmentation\aug_0_images_1323.jpg,223
AMLdataset/release/images_augmentation\aug_1_images_1323.jpg,223
AMLdataset/release/images\images_1324.jpg,223
AMLdataset/release/images_augmentation\aug_0_images_1324.jpg,223
AMLdataset/release/images_augmentation\aug_1_images_1324.jpg,223
AMLdataset/release/images\images_1325.jpg,223
AMLdataset/release/images_augmentation\aug_0_images_1325.jpg,223
AMLdataset/release/images_augmentation\aug_1_images_1325.jpg,223
AMLdataset/release/images\images_1326.jpg,223
AMLdataset/release/images_augmentation\aug_0_images_1326.jpg,223
AMLdataset/release/images_augmentation\aug_1_images_1326.jpg,223
AMLdataset/release/images\images_1327.jpg,223
AMLdataset/release/images_augmentation\aug_0_images_1327.jpg,223
AMLdataset/release/images_augmentation\aug_1_images_1327.jpg,223
AMLdataset/release/images\images_1328.jpg,223
AMLdataset/release/images_augmentation\aug_0_images_1328.jpg,223
AMLdataset/release/images_augmentation\aug_1_images_1328.jpg,223
AMLdataset/release/images\images_1329.jpg,223
AMLdataset/release/images_augmentation\aug_0_images_1329.jpg,223
AMLdataset/release/images_augmentation\aug_1_images_1329.jpg,223
AMLdataset/release/images\images_1330.jpg,223
AMLdataset/release/images_augmentation\aug_0_images_1330.jpg,223
AMLdataset/release/images_augmentation\aug_1_images_1330.jpg,223
AMLdataset/release/images\images_1331.jpg,223
AMLdataset/release/images_augmentation\aug_0_images_1331.jpg,223
AMLdataset/release/images_augmentation\aug_1_images_1331.jpg,223
AMLdataset/release/images\images_1332.jpg,223
AMLdataset/release/images_augmentation\aug_0_images_1332.jpg,223
AMLdataset/release/images_augmentation\aug_1_images_1332.jpg,223
AMLdataset/release/images\images_1333.jpg,223
AMLdataset/release/images_augmentation\aug_0_images_1333.jpg,223
AMLdataset/release/images_augmentation\aug_1_images_1333.jpg,223
AMLdataset/release/images\images_1334.jpg,223
AMLdataset/release/images_augmentation\aug_0_images_1334.jpg,223
AMLdataset/release/images_augmentation\aug_1_images_1334.jpg,223
AMLdataset/release/images\images_1335.jpg,223
AMLdataset/release/images_augmentation\aug_0_images_1335.jpg,223
AMLdataset/release/images_augmentation\aug_1_images_1335.jpg,223
AMLdataset/release/images\images_1336.jpg,223
AMLdataset/release/images_augmentation\aug_0_images_1336.jpg,223
AMLdataset/release/images_augmentation\aug_1_images_1336.jpg,223
AMLdataset/release/images\images_1337.jpg,223
AMLdataset/release/images_augmentation\aug_0_images_1337.jpg,223
AMLdataset/release/images_augmentation\aug_1_images_1337.jpg,223
AMLdataset/release/images\images_1338.jpg,223
AMLdataset/release/images_augmentation\aug_0_images_1338.jpg,223
AMLdataset/release/images_augmentation\aug_1_images_1338.jpg,223
AMLdataset/release/images\images_1339.jpg,223
AMLdataset/release/images_augmentation\aug_0_images_1339.jpg,223
AMLdataset/release/images_augmentation\aug_1_images_1339.jpg,223
AMLdataset/release/images\images_1340.jpg,223
AMLdataset/release/images_augmentation\aug_0_images_1340.jpg,223
AMLdataset/release/images_augmentation\aug_1_images_1340.jpg,223
AMLdataset/release/images\images_1341.jpg,293
AMLdataset/release/images_augmentation\aug_0_images_1341.jpg,293
AMLdataset/release/images_augmentation\aug_1_images_1341.jpg,293
AMLdataset/release/images\images_1342.jpg,293
AMLdataset/release/images_augmentation\aug_0_images_1342.jpg,293
AMLdataset/release/images_augmentation\aug_1_images_1342.jpg,293
AMLdataset/release/images\images_1343.jpg,293
AMLdataset/release/images_augmentation\aug_0_images_1343.jpg,293
AMLdataset/release/images_augmentation\aug_1_images_1343.jpg,293
AMLdataset/release/images\images_1344.jpg,293
AMLdataset/release/images_augmentation\aug_0_images_1344.jpg,293
AMLdataset/release/images_augmentation\aug_1_images_1344.jpg,293
AMLdataset/release/images\images_1345.jpg,293
AMLdataset/release/images_augmentation\aug_0_images_1345.jpg,293
AMLdataset/release/images_augmentation\aug_1_images_1345.jpg,293
AMLdataset/release/images\images_1346.jpg,293
AMLdataset/release/images_augmentation\aug_0_images_1346.jpg,293
AMLdataset/release/images_augmentation\aug_1_images_1346.jpg,293
AMLdataset/release/images\images_1347.jpg,293
AMLdataset/release/images_augmentation\aug_0_images_1347.jpg,293
AMLdataset/release/images_augmentation\aug_1_images_1347.jpg,293
AMLdataset/release/images\images_1348.jpg,293
AMLdataset/release/images_augmentation\aug_0_images_1348.jpg,293
AMLdataset/release/images_augmentation\aug_1_images_1348.jpg,293
AMLdataset/release/images\images_1349.jpg,293
AMLdataset/release/images_augmentation\aug_0_images_1349.jpg,293
AMLdataset/release/images_augmentation\aug_1_images_1349.jpg,293
AMLdataset/release/images\images_1350.jpg,293
AMLdataset/release/images_augmentation\aug_0_images_1350.jpg,293
AMLdataset/release/images_augmentation\aug_1_images_1350.jpg,293
AMLdataset/release/images\images_1351.jpg,293
AMLdataset/release/images_augmentation\aug_0_images_1351.jpg,293
AMLdataset/release/images_augmentation\aug_1_images_1351.jpg,293
AMLdataset/release/images\images_1352.jpg,293
AMLdataset/release/images_augmentation\aug_0_images_1352.jpg,293
AMLdataset/release/images_augmentation\aug_1_images_1352.jpg,293
AMLdataset/release/images\images_1353.jpg,293
AMLdataset/release/images_augmentation\aug_0_images_1353.jpg,293
AMLdataset/release/images_augmentation\aug_1_images_1353.jpg,293
AMLdataset/release/images\images_1354.jpg,293
AMLdataset/release/images_augmentation\aug_0_images_1354.jpg,293
AMLdataset/release/images_augmentation\aug_1_images_1354.jpg,293
AMLdataset/release/images\images_1355.jpg,293
AMLdataset/release/images_augmentation\aug_0_images_1355.jpg,293
AMLdataset/release/images_augmentation\aug_1_images_1355.jpg,293
AMLdataset/release/images\images_1356.jpg,293
AMLdataset/release/images_augmentation\aug_0_images_1356.jpg,293
AMLdataset/release/images_augmentation\aug_1_images_1356.jpg,293
AMLdataset/release/images\images_1357.jpg,293
AMLdataset/release/images_augmentation\aug_0_images_1357.jpg,293
AMLdataset/release/images_augmentation\aug_1_images_1357.jpg,293
AMLdataset/release/images\images_1358.jpg,293
AMLdataset/release/images_augmentation\aug_0_images_1358.jpg,293
AMLdataset/release/images_augmentation\aug_1_images_1358.jpg,293
AMLdataset/release/images\images_1359.jpg,293
AMLdataset/release/images_augmentation\aug_0_images_1359.jpg,293
AMLdataset/release/images_augmentation\aug_1_images_1359.jpg,293
AMLdataset/release/images\images_1360.jpg,293
AMLdataset/release/images_augmentation\aug_0_images_1360.jpg,293
AMLdataset/release/images_augmentation\aug_1_images_1360.jpg,293
AMLdataset/release/images\images_1361.jpg,94
AMLdataset/release/images_augmentation\aug_0_images_1361.jpg,94
AMLdataset/release/images_augmentation\aug_1_images_1361.jpg,94
AMLdataset/release/images\images_1362.jpg,94
AMLdataset/release/images_augmentation\aug_0_images_1362.jpg,94
AMLdataset/release/images_augmentation\aug_1_images_1362.jpg,94
AMLdataset/release/images\images_1363.jpg,94
AMLdataset/release/images_augmentation\aug_0_images_1363.jpg,94
AMLdataset/release/images_augmentation\aug_1_images_1363.jpg,94
AMLdataset/release/images\images_1364.jpg,94
AMLdataset/release/images_augmentation\aug_0_images_1364.jpg,94
AMLdataset/release/images_augmentation\aug_1_images_1364.jpg,94
AMLdataset/release/images\images_1365.jpg,94
AMLdataset/release/images_augmentation\aug_0_images_1365.jpg,94
AMLdataset/release/images_augmentation\aug_1_images_1365.jpg,94
AMLdataset/release/images\images_1366.jpg,94
AMLdataset/release/images_augmentation\aug_0_images_1366.jpg,94
AMLdataset/release/images_augmentation\aug_1_images_1366.jpg,94
AMLdataset/release/images\images_1367.jpg,94
AMLdataset/release/images_augmentation\aug_0_images_1367.jpg,94
AMLdataset/release/images_augmentation\aug_1_images_1367.jpg,94
AMLdataset/release/images\images_1368.jpg,94
AMLdataset/release/images_augmentation\aug_0_images_1368.jpg,94
AMLdataset/release/images_augmentation\aug_1_images_1368.jpg,94
AMLdataset/release/images\images_1369.jpg,94
AMLdataset/release/images_augmentation\aug_0_images_1369.jpg,94
AMLdataset/release/images_augmentation\aug_1_images_1369.jpg,94
AMLdataset/release/images\images_1370.jpg,94
AMLdataset/release/images_augmentation\aug_0_images_1370.jpg,94
AMLdataset/release/images_augmentation\aug_1_images_1370.jpg,94
AMLdataset/release/images\images_1371.jpg,94
AMLdataset/release/images_augmentation\aug_0_images_1371.jpg,94
AMLdataset/release/images_augmentation\aug_1_images_1371.jpg,94
AMLdataset/release/images\images_1372.jpg,94
AMLdataset/release/images_augmentation\aug_0_images_1372.jpg,94
AMLdataset/release/images_augmentation\aug_1_images_1372.jpg,94
AMLdataset/release/images\images_1373.jpg,94
AMLdataset/release/images_augmentation\aug_0_images_1373.jpg,94
AMLdataset/release/images_augmentation\aug_1_images_1373.jpg,94
AMLdataset/release/images\images_1374.jpg,94
AMLdataset/release/images_augmentation\aug_0_images_1374.jpg,94
AMLdataset/release/images_augmentation\aug_1_images_1374.jpg,94
AMLdataset/release/images\images_1375.jpg,94
AMLdataset/release/images_augmentation\aug_0_images_1375.jpg,94
AMLdataset/release/images_augmentation\aug_1_images_1375.jpg,94
AMLdataset/release/images\images_1376.jpg,94
AMLdataset/release/images_augmentation\aug_0_images_1376.jpg,94
AMLdataset/release/images_augmentation\aug_1_images_1376.jpg,94
AMLdataset/release/images\images_1377.jpg,94
AMLdataset/release/images_augmentation\aug_0_images_1377.jpg,94
AMLdataset/release/images_augmentation\aug_1_images_1377.jpg,94
AMLdataset/release/images\images_1378.jpg,94
AMLdataset/release/images_augmentation\aug_0_images_1378.jpg,94
AMLdataset/release/images_augmentation\aug_1_images_1378.jpg,94
AMLdataset/release/images\images_1379.jpg,94
AMLdataset/release/images_augmentation\aug_0_images_1379.jpg,94
AMLdataset/release/images_augmentation\aug_1_images_1379.jpg,94
AMLdataset/release/images\images_1380.jpg,94
AMLdataset/release/images_augmentation\aug_0_images_1380.jpg,94
AMLdataset/release/images_augmentation\aug_1_images_1380.jpg,94
AMLdataset/release/images\images_1381.jpg,85
AMLdataset/release/images_augmentation\aug_0_images_1381.jpg,85
AMLdataset/release/images_augmentation\aug_1_images_1381.jpg,85
AMLdataset/release/images\images_1382.jpg,85
AMLdataset/release/images_augmentation\aug_0_images_1382.jpg,85
AMLdataset/release/images_augmentation\aug_1_images_1382.jpg,85
AMLdataset/release/images\images_1383.jpg,85
AMLdataset/release/images_augmentation\aug_0_images_1383.jpg,85
AMLdataset/release/images_augmentation\aug_1_images_1383.jpg,85
AMLdataset/release/images\images_1384.jpg,85
AMLdataset/release/images_augmentation\aug_0_images_1384.jpg,85
AMLdataset/release/images_augmentation\aug_1_images_1384.jpg,85
AMLdataset/release/images\images_1385.jpg,85
AMLdataset/release/images_augmentation\aug_0_images_1385.jpg,85
AMLdataset/release/images_augmentation\aug_1_images_1385.jpg,85
AMLdataset/release/images\images_1386.jpg,85
AMLdataset/release/images_augmentation\aug_0_images_1386.jpg,85
AMLdataset/release/images_augmentation\aug_1_images_1386.jpg,85
AMLdataset/release/images\images_1387.jpg,85
AMLdataset/release/images_augmentation\aug_0_images_1387.jpg,85
AMLdataset/release/images_augmentation\aug_1_images_1387.jpg,85
AMLdataset/release/images\images_1388.jpg,85
AMLdataset/release/images_augmentation\aug_0_images_1388.jpg,85
AMLdataset/release/images_augmentation\aug_1_images_1388.jpg,85
AMLdataset/release/images\images_1389.jpg,85
AMLdataset/release/images_augmentation\aug_0_images_1389.jpg,85
AMLdataset/release/images_augmentation\aug_1_images_1389.jpg,85
AMLdataset/release/images\images_1390.jpg,85
AMLdataset/release/images_augmentation\aug_0_images_1390.jpg,85
AMLdataset/release/images_augmentation\aug_1_images_1390.jpg,85
AMLdataset/release/images\images_1391.jpg,85
AMLdataset/release/images_augmentation\aug_0_images_1391.jpg,85
AMLdataset/release/images_augmentation\aug_1_images_1391.jpg,85
AMLdataset/release/images\images_1392.jpg,85
AMLdataset/release/images_augmentation\aug_0_images_1392.jpg,85
AMLdataset/release/images_augmentation\aug_1_images_1392.jpg,85
AMLdataset/release/images\images_1393.jpg,85
AMLdataset/release/images_augmentation\aug_0_images_1393.jpg,85
AMLdataset/release/images_augmentation\aug_1_images_1393.jpg,85
AMLdataset/release/images\images_1394.jpg,85
AMLdataset/release/images_augmentation\aug_0_images_1394.jpg,85
AMLdataset/release/images_augmentation\aug_1_images_1394.jpg,85
AMLdataset/release/images\images_1395.jpg,85
AMLdataset/release/images_augmentation\aug_0_images_1395.jpg,85
AMLdataset/release/images_augmentation\aug_1_images_1395.jpg,85
AMLdataset/release/images\images_1396.jpg,85
AMLdataset/release/images_augmentation\aug_0_images_1396.jpg,85
AMLdataset/release/images_augmentation\aug_1_images_1396.jpg,85
AMLdataset/release/images\images_1397.jpg,85
AMLdataset/release/images_augmentation\aug_0_images_1397.jpg,85
AMLdataset/release/images_augmentation\aug_1_images_1397.jpg,85
AMLdataset/release/images\images_1398.jpg,85
AMLdataset/release/images_augmentation\aug_0_images_1398.jpg,85
AMLdataset/release/images_augmentation\aug_1_images_1398.jpg,85
AMLdataset/release/images\images_1399.jpg,85
AMLdataset/release/images_augmentation\aug_0_images_1399.jpg,85
AMLdataset/release/images_augmentation\aug_1_images_1399.jpg,85
AMLdataset/release/images\images_1400.jpg,85
AMLdataset/release/images_augmentation\aug_0_images_1400.jpg,85
AMLdataset/release/images_augmentation\aug_1_images_1400.jpg,85
AMLdataset/release/images\images_1401.jpg,37
AMLdataset/release/images_augmentation\aug_0_images_1401.jpg,37
AMLdataset/release/images_augmentation\aug_1_images_1401.jpg,37
AMLdataset/release/images\images_1402.jpg,37
AMLdataset/release/images_augmentation\aug_0_images_1402.jpg,37
AMLdataset/release/images_augmentation\aug_1_images_1402.jpg,37
AMLdataset/release/images\images_1403.jpg,37
AMLdataset/release/images_augmentation\aug_0_images_1403.jpg,37
AMLdataset/release/images_augmentation\aug_1_images_1403.jpg,37
AMLdataset/release/images\images_1404.jpg,37
AMLdataset/release/images_augmentation\aug_0_images_1404.jpg,37
AMLdataset/release/images_augmentation\aug_1_images_1404.jpg,37
AMLdataset/release/images\images_1405.jpg,37
AMLdataset/release/images_augmentation\aug_0_images_1405.jpg,37
AMLdataset/release/images_augmentation\aug_1_images_1405.jpg,37
AMLdataset/release/images\images_1406.jpg,37
AMLdataset/release/images_augmentation\aug_0_images_1406.jpg,37
AMLdataset/release/images_augmentation\aug_1_images_1406.jpg,37
AMLdataset/release/images\images_1407.jpg,37
AMLdataset/release/images_augmentation\aug_0_images_1407.jpg,37
AMLdataset/release/images_augmentation\aug_1_images_1407.jpg,37
AMLdataset/release/images\images_1408.jpg,37
AMLdataset/release/images_augmentation\aug_0_images_1408.jpg,37
AMLdataset/release/images_augmentation\aug_1_images_1408.jpg,37
AMLdataset/release/images\images_1409.jpg,37
AMLdataset/release/images_augmentation\aug_0_images_1409.jpg,37
AMLdataset/release/images_augmentation\aug_1_images_1409.jpg,37
AMLdataset/release/images\images_1410.jpg,37
AMLdataset/release/images_augmentation\aug_0_images_1410.jpg,37
AMLdataset/release/images_augmentation\aug_1_images_1410.jpg,37
AMLdataset/release/images\images_1411.jpg,37
AMLdataset/release/images_augmentation\aug_0_images_1411.jpg,37
AMLdataset/release/images_augmentation\aug_1_images_1411.jpg,37
AMLdataset/release/images\images_1412.jpg,37
AMLdataset/release/images_augmentation\aug_0_images_1412.jpg,37
AMLdataset/release/images_augmentation\aug_1_images_1412.jpg,37
AMLdataset/release/images\images_1413.jpg,37
AMLdataset/release/images_augmentation\aug_0_images_1413.jpg,37
AMLdataset/release/images_augmentation\aug_1_images_1413.jpg,37
AMLdataset/release/images\images_1414.jpg,37
AMLdataset/release/images_augmentation\aug_0_images_1414.jpg,37
AMLdataset/release/images_augmentation\aug_1_images_1414.jpg,37
AMLdataset/release/images\images_1415.jpg,37
AMLdataset/release/images_augmentation\aug_0_images_1415.jpg,37
AMLdataset/release/images_augmentation\aug_1_images_1415.jpg,37
AMLdataset/release/images\images_1416.jpg,37
AMLdataset/release/images_augmentation\aug_0_images_1416.jpg,37
AMLdataset/release/images_augmentation\aug_1_images_1416.jpg,37
AMLdataset/release/images\images_1417.jpg,37
AMLdataset/release/images_augmentation\aug_0_images_1417.jpg,37
AMLdataset/release/images_augmentation\aug_1_images_1417.jpg,37
AMLdataset/release/images\images_1418.jpg,37
AMLdataset/release/images_augmentation\aug_0_images_1418.jpg,37
AMLdataset/release/images_augmentation\aug_1_images_1418.jpg,37
AMLdataset/release/images\images_1419.jpg,37
AMLdataset/release/images_augmentation\aug_0_images_1419.jpg,37
AMLdataset/release/images_augmentation\aug_1_images_1419.jpg,37
AMLdataset/release/images\images_1420.jpg,37
AMLdataset/release/images_augmentation\aug_0_images_1420.jpg,37
AMLdataset/release/images_augmentation\aug_1_images_1420.jpg,37
AMLdataset/release/images\images_1421.jpg,127
AMLdataset/release/images_augmentation\aug_0_images_1421.jpg,127
AMLdataset/release/images_augmentation\aug_1_images_1421.jpg,127
AMLdataset/release/images\images_1422.jpg,127
AMLdataset/release/images_augmentation\aug_0_images_1422.jpg,127
AMLdataset/release/images_augmentation\aug_1_images_1422.jpg,127
AMLdataset/release/images\images_1423.jpg,127
AMLdataset/release/images_augmentation\aug_0_images_1423.jpg,127
AMLdataset/release/images_augmentation\aug_1_images_1423.jpg,127
AMLdataset/release/images\images_1424.jpg,127
AMLdataset/release/images_augmentation\aug_0_images_1424.jpg,127
AMLdataset/release/images_augmentation\aug_1_images_1424.jpg,127
AMLdataset/release/images\images_1425.jpg,127
AMLdataset/release/images_augmentation\aug_0_images_1425.jpg,127
AMLdataset/release/images_augmentation\aug_1_images_1425.jpg,127
AMLdataset/release/images\images_1426.jpg,127
AMLdataset/release/images_augmentation\aug_0_images_1426.jpg,127
AMLdataset/release/images_augmentation\aug_1_images_1426.jpg,127
AMLdataset/release/images\images_1427.jpg,127
AMLdataset/release/images_augmentation\aug_0_images_1427.jpg,127
AMLdataset/release/images_augmentation\aug_1_images_1427.jpg,127
AMLdataset/release/images\images_1428.jpg,127
AMLdataset/release/images_augmentation\aug_0_images_1428.jpg,127
AMLdataset/release/images_augmentation\aug_1_images_1428.jpg,127
AMLdataset/release/images\images_1429.jpg,127
AMLdataset/release/images_augmentation\aug_0_images_1429.jpg,127
AMLdataset/release/images_augmentation\aug_1_images_1429.jpg,127
AMLdataset/release/images\images_1430.jpg,127
AMLdataset/release/images_augmentation\aug_0_images_1430.jpg,127
AMLdataset/release/images_augmentation\aug_1_images_1430.jpg,127
AMLdataset/release/images\images_1431.jpg,127
AMLdataset/release/images_augmentation\aug_0_images_1431.jpg,127
AMLdataset/release/images_augmentation\aug_1_images_1431.jpg,127
AMLdataset/release/images\images_1432.jpg,127
AMLdataset/release/images_augmentation\aug_0_images_1432.jpg,127
AMLdataset/release/images_augmentation\aug_1_images_1432.jpg,127
AMLdataset/release/images\images_1433.jpg,127
AMLdataset/release/images_augmentation\aug_0_images_1433.jpg,127
AMLdataset/release/images_augmentation\aug_1_images_1433.jpg,127
AMLdataset/release/images\images_1434.jpg,127
AMLdataset/release/images_augmentation\aug_0_images_1434.jpg,127
AMLdataset/release/images_augmentation\aug_1_images_1434.jpg,127
AMLdataset/release/images\images_1435.jpg,127
AMLdataset/release/images_augmentation\aug_0_images_1435.jpg,127
AMLdataset/release/images_augmentation\aug_1_images_1435.jpg,127
AMLdataset/release/images\images_1436.jpg,127
AMLdataset/release/images_augmentation\aug_0_images_1436.jpg,127
AMLdataset/release/images_augmentation\aug_1_images_1436.jpg,127
AMLdataset/release/images\images_1437.jpg,127
AMLdataset/release/images_augmentation\aug_0_images_1437.jpg,127
AMLdataset/release/images_augmentation\aug_1_images_1437.jpg,127
AMLdataset/release/images\images_1438.jpg,127
AMLdataset/release/images_augmentation\aug_0_images_1438.jpg,127
AMLdataset/release/images_augmentation\aug_1_images_1438.jpg,127
AMLdataset/release/images\images_1439.jpg,127
AMLdataset/release/images_augmentation\aug_0_images_1439.jpg,127
AMLdataset/release/images_augmentation\aug_1_images_1439.jpg,127
AMLdataset/release/images\images_1440.jpg,127
AMLdataset/release/images_augmentation\aug_0_images_1440.jpg,127
AMLdataset/release/images_augmentation\aug_1_images_1440.jpg,127
AMLdataset/release/images\images_1441.jpg,19
AMLdataset/release/images_augmentation\aug_0_images_1441.jpg,19
AMLdataset/release/images_augmentation\aug_1_images_1441.jpg,19
AMLdataset/release/images\images_1442.jpg,19
AMLdataset/release/images_augmentation\aug_0_images_1442.jpg,19
AMLdataset/release/images_augmentation\aug_1_images_1442.jpg,19
AMLdataset/release/images\images_1443.jpg,19
AMLdataset/release/images_augmentation\aug_0_images_1443.jpg,19
AMLdataset/release/images_augmentation\aug_1_images_1443.jpg,19
AMLdataset/release/images\images_1444.jpg,19
AMLdataset/release/images_augmentation\aug_0_images_1444.jpg,19
AMLdataset/release/images_augmentation\aug_1_images_1444.jpg,19
AMLdataset/release/images\images_1445.jpg,19
AMLdataset/release/images_augmentation\aug_0_images_1445.jpg,19
AMLdataset/release/images_augmentation\aug_1_images_1445.jpg,19
AMLdataset/release/images\images_1446.jpg,19
AMLdataset/release/images_augmentation\aug_0_images_1446.jpg,19
AMLdataset/release/images_augmentation\aug_1_images_1446.jpg,19
AMLdataset/release/images\images_1447.jpg,19
AMLdataset/release/images_augmentation\aug_0_images_1447.jpg,19
AMLdataset/release/images_augmentation\aug_1_images_1447.jpg,19
AMLdataset/release/images\images_1448.jpg,19
AMLdataset/release/images_augmentation\aug_0_images_1448.jpg,19
AMLdataset/release/images_augmentation\aug_1_images_1448.jpg,19
AMLdataset/release/images\images_1449.jpg,19
AMLdataset/release/images_augmentation\aug_0_images_1449.jpg,19
AMLdataset/release/images_augmentation\aug_1_images_1449.jpg,19
AMLdataset/release/images\images_1450.jpg,19
AMLdataset/release/images_augmentation\aug_0_images_1450.jpg,19
AMLdataset/release/images_augmentation\aug_1_images_1450.jpg,19
AMLdataset/release/images\images_1451.jpg,19
AMLdataset/release/images_augmentation\aug_0_images_1451.jpg,19
AMLdataset/release/images_augmentation\aug_1_images_1451.jpg,19
AMLdataset/release/images\images_1452.jpg,19
AMLdataset/release/images_augmentation\aug_0_images_1452.jpg,19
AMLdataset/release/images_augmentation\aug_1_images_1452.jpg,19
AMLdataset/release/images\images_1453.jpg,19
AMLdataset/release/images_augmentation\aug_0_images_1453.jpg,19
AMLdataset/release/images_augmentation\aug_1_images_1453.jpg,19
AMLdataset/release/images\images_1454.jpg,19
AMLdataset/release/images_augmentation\aug_0_images_1454.jpg,19
AMLdataset/release/images_augmentation\aug_1_images_1454.jpg,19
AMLdataset/release/images\images_1455.jpg,19
AMLdataset/release/images_augmentation\aug_0_images_1455.jpg,19
AMLdataset/release/images_augmentation\aug_1_images_1455.jpg,19
AMLdataset/release/images\images_1456.jpg,19
AMLdataset/release/images_augmentation\aug_0_images_1456.jpg,19
AMLdataset/release/images_augmentation\aug_1_images_1456.jpg,19
AMLdataset/release/images\images_1457.jpg,19
AMLdataset/release/images_augmentation\aug_0_images_1457.jpg,19
AMLdataset/release/images_augmentation\aug_1_images_1457.jpg,19
AMLdataset/release/images\images_1458.jpg,19
AMLdataset/release/images_augmentation\aug_0_images_1458.jpg,19
AMLdataset/release/images_augmentation\aug_1_images_1458.jpg,19
AMLdataset/release/images\images_1459.jpg,19
AMLdataset/release/images_augmentation\aug_0_images_1459.jpg,19
AMLdataset/release/images_augmentation\aug_1_images_1459.jpg,19
AMLdataset/release/images\images_1460.jpg,19
AMLdataset/release/images_augmentation\aug_0_images_1460.jpg,19
AMLdataset/release/images_augmentation\aug_1_images_1460.jpg,19
AMLdataset/release/images\images_1461.jpg,227
AMLdataset/release/images_augmentation\aug_0_images_1461.jpg,227
AMLdataset/release/images_augmentation\aug_1_images_1461.jpg,227
AMLdataset/release/images\images_1462.jpg,227
AMLdataset/release/images_augmentation\aug_0_images_1462.jpg,227
AMLdataset/release/images_augmentation\aug_1_images_1462.jpg,227
AMLdataset/release/images\images_1463.jpg,227
AMLdataset/release/images_augmentation\aug_0_images_1463.jpg,227
AMLdataset/release/images_augmentation\aug_1_images_1463.jpg,227
AMLdataset/release/images\images_1464.jpg,227
AMLdataset/release/images_augmentation\aug_0_images_1464.jpg,227
AMLdataset/release/images_augmentation\aug_1_images_1464.jpg,227
AMLdataset/release/images\images_1465.jpg,227
AMLdataset/release/images_augmentation\aug_0_images_1465.jpg,227
AMLdataset/release/images_augmentation\aug_1_images_1465.jpg,227
AMLdataset/release/images\images_1466.jpg,227
AMLdataset/release/images_augmentation\aug_0_images_1466.jpg,227
AMLdataset/release/images_augmentation\aug_1_images_1466.jpg,227
AMLdataset/release/images\images_1467.jpg,227
AMLdataset/release/images_augmentation\aug_0_images_1467.jpg,227
AMLdataset/release/images_augmentation\aug_1_images_1467.jpg,227
AMLdataset/release/images\images_1468.jpg,227
AMLdataset/release/images_augmentation\aug_0_images_1468.jpg,227
AMLdataset/release/images_augmentation\aug_1_images_1468.jpg,227
AMLdataset/release/images\images_1469.jpg,227
AMLdataset/release/images_augmentation\aug_0_images_1469.jpg,227
AMLdataset/release/images_augmentation\aug_1_images_1469.jpg,227
AMLdataset/release/images\images_1470.jpg,227
AMLdataset/release/images_augmentation\aug_0_images_1470.jpg,227
AMLdataset/release/images_augmentation\aug_1_images_1470.jpg,227
AMLdataset/release/images\images_1471.jpg,227
AMLdataset/release/images_augmentation\aug_0_images_1471.jpg,227
AMLdataset/release/images_augmentation\aug_1_images_1471.jpg,227
AMLdataset/release/images\images_1472.jpg,227
AMLdataset/release/images_augmentation\aug_0_images_1472.jpg,227
AMLdataset/release/images_augmentation\aug_1_images_1472.jpg,227
AMLdataset/release/images\images_1473.jpg,227
AMLdataset/release/images_augmentation\aug_0_images_1473.jpg,227
AMLdataset/release/images_augmentation\aug_1_images_1473.jpg,227
AMLdataset/release/images\images_1474.jpg,227
AMLdataset/release/images_augmentation\aug_0_images_1474.jpg,227
AMLdataset/release/images_augmentation\aug_1_images_1474.jpg,227
AMLdataset/release/images\images_1475.jpg,227
AMLdataset/release/images_augmentation\aug_0_images_1475.jpg,227
AMLdataset/release/images_augmentation\aug_1_images_1475.jpg,227
AMLdataset/release/images\images_1476.jpg,227
AMLdataset/release/images_augmentation\aug_0_images_1476.jpg,227
AMLdataset/release/images_augmentation\aug_1_images_1476.jpg,227
AMLdataset/release/images\images_1477.jpg,227
AMLdataset/release/images_augmentation\aug_0_images_1477.jpg,227
AMLdataset/release/images_augmentation\aug_1_images_1477.jpg,227
AMLdataset/release/images\images_1478.jpg,227
AMLdataset/release/images_augmentation\aug_0_images_1478.jpg,227
AMLdataset/release/images_augmentation\aug_1_images_1478.jpg,227
AMLdataset/release/images\images_1479.jpg,227
AMLdataset/release/images_augmentation\aug_0_images_1479.jpg,227
AMLdataset/release/images_augmentation\aug_1_images_1479.jpg,227
AMLdataset/release/images\images_1480.jpg,227
AMLdataset/release/images_augmentation\aug_0_images_1480.jpg,227
AMLdataset/release/images_augmentation\aug_1_images_1480.jpg,227
AMLdataset/release/images\images_1481.jpg,269
AMLdataset/release/images_augmentation\aug_0_images_1481.jpg,269
AMLdataset/release/images_augmentation\aug_1_images_1481.jpg,269
AMLdataset/release/images\images_1482.jpg,269
AMLdataset/release/images_augmentation\aug_0_images_1482.jpg,269
AMLdataset/release/images_augmentation\aug_1_images_1482.jpg,269
AMLdataset/release/images\images_1483.jpg,269
AMLdataset/release/images_augmentation\aug_0_images_1483.jpg,269
AMLdataset/release/images_augmentation\aug_1_images_1483.jpg,269
AMLdataset/release/images\images_1484.jpg,269
AMLdataset/release/images_augmentation\aug_0_images_1484.jpg,269
AMLdataset/release/images_augmentation\aug_1_images_1484.jpg,269
AMLdataset/release/images\images_1485.jpg,269
AMLdataset/release/images_augmentation\aug_0_images_1485.jpg,269
AMLdataset/release/images_augmentation\aug_1_images_1485.jpg,269
AMLdataset/release/images\images_1486.jpg,269
AMLdataset/release/images_augmentation\aug_0_images_1486.jpg,269
AMLdataset/release/images_augmentation\aug_1_images_1486.jpg,269
AMLdataset/release/images\images_1487.jpg,269
AMLdataset/release/images_augmentation\aug_0_images_1487.jpg,269
AMLdataset/release/images_augmentation\aug_1_images_1487.jpg,269
AMLdataset/release/images\images_1488.jpg,269
AMLdataset/release/images_augmentation\aug_0_images_1488.jpg,269
AMLdataset/release/images_augmentation\aug_1_images_1488.jpg,269
AMLdataset/release/images\images_1489.jpg,269
AMLdataset/release/images_augmentation\aug_0_images_1489.jpg,269
AMLdataset/release/images_augmentation\aug_1_images_1489.jpg,269
AMLdataset/release/images\images_1490.jpg,269
AMLdataset/release/images_augmentation\aug_0_images_1490.jpg,269
AMLdataset/release/images_augmentation\aug_1_images_1490.jpg,269
AMLdataset/release/images\images_1491.jpg,269
AMLdataset/release/images_augmentation\aug_0_images_1491.jpg,269
AMLdataset/release/images_augmentation\aug_1_images_1491.jpg,269
AMLdataset/release/images\images_1492.jpg,269
AMLdataset/release/images_augmentation\aug_0_images_1492.jpg,269
AMLdataset/release/images_augmentation\aug_1_images_1492.jpg,269
AMLdataset/release/images\images_1493.jpg,269
AMLdataset/release/images_augmentation\aug_0_images_1493.jpg,269
AMLdataset/release/images_augmentation\aug_1_images_1493.jpg,269
AMLdataset/release/images\images_1494.jpg,269
AMLdataset/release/images_augmentation\aug_0_images_1494.jpg,269
AMLdataset/release/images_augmentation\aug_1_images_1494.jpg,269
AMLdataset/release/images\images_1495.jpg,269
AMLdataset/release/images_augmentation\aug_0_images_1495.jpg,269
AMLdataset/release/images_augmentation\aug_1_images_1495.jpg,269
AMLdataset/release/images\images_1496.jpg,269
AMLdataset/release/images_augmentation\aug_0_images_1496.jpg,269
AMLdataset/release/images_augmentation\aug_1_images_1496.jpg,269
AMLdataset/release/images\images_1497.jpg,269
AMLdataset/release/images_augmentation\aug_0_images_1497.jpg,269
AMLdataset/release/images_augmentation\aug_1_images_1497.jpg,269
AMLdataset/release/images\images_1498.jpg,269
AMLdataset/release/images_augmentation\aug_0_images_1498.jpg,269
AMLdataset/release/images_augmentation\aug_1_images_1498.jpg,269
AMLdataset/release/images\images_1499.jpg,269
AMLdataset/release/images_augmentation\aug_0_images_1499.jpg,269
AMLdataset/release/images_augmentation\aug_1_images_1499.jpg,269
AMLdataset/release/images\images_1500.jpg,269
AMLdataset/release/images_augmentation\aug_0_images_1500.jpg,269
AMLdataset/release/images_augmentation\aug_1_images_1500.jpg,269
AMLdataset/release/images\images_1501.jpg,133
AMLdataset/release/images_augmentation\aug_0_images_1501.jpg,133
AMLdataset/release/images_augmentation\aug_1_images_1501.jpg,133
AMLdataset/release/images\images_1502.jpg,133
AMLdataset/release/images_augmentation\aug_0_images_1502.jpg,133
AMLdataset/release/images_augmentation\aug_1_images_1502.jpg,133
AMLdataset/release/images\images_1503.jpg,133
AMLdataset/release/images_augmentation\aug_0_images_1503.jpg,133
AMLdataset/release/images_augmentation\aug_1_images_1503.jpg,133
AMLdataset/release/images\images_1504.jpg,133
AMLdataset/release/images_augmentation\aug_0_images_1504.jpg,133
AMLdataset/release/images_augmentation\aug_1_images_1504.jpg,133
AMLdataset/release/images\images_1505.jpg,133
AMLdataset/release/images_augmentation\aug_0_images_1505.jpg,133
AMLdataset/release/images_augmentation\aug_1_images_1505.jpg,133
AMLdataset/release/images\images_1506.jpg,133
AMLdataset/release/images_augmentation\aug_0_images_1506.jpg,133
AMLdataset/release/images_augmentation\aug_1_images_1506.jpg,133
AMLdataset/release/images\images_1507.jpg,133
AMLdataset/release/images_augmentation\aug_0_images_1507.jpg,133
AMLdataset/release/images_augmentation\aug_1_images_1507.jpg,133
AMLdataset/release/images\images_1508.jpg,133
AMLdataset/release/images_augmentation\aug_0_images_1508.jpg,133
AMLdataset/release/images_augmentation\aug_1_images_1508.jpg,133
AMLdataset/release/images\images_1509.jpg,133
AMLdataset/release/images_augmentation\aug_0_images_1509.jpg,133
AMLdataset/release/images_augmentation\aug_1_images_1509.jpg,133
AMLdataset/release/images\images_1510.jpg,133
AMLdataset/release/images_augmentation\aug_0_images_1510.jpg,133
AMLdataset/release/images_augmentation\aug_1_images_1510.jpg,133
AMLdataset/release/images\images_1511.jpg,133
AMLdataset/release/images_augmentation\aug_0_images_1511.jpg,133
AMLdataset/release/images_augmentation\aug_1_images_1511.jpg,133
AMLdataset/release/images\images_1512.jpg,133
AMLdataset/release/images_augmentation\aug_0_images_1512.jpg,133
AMLdataset/release/images_augmentation\aug_1_images_1512.jpg,133
AMLdataset/release/images\images_1513.jpg,133
AMLdataset/release/images_augmentation\aug_0_images_1513.jpg,133
AMLdataset/release/images_augmentation\aug_1_images_1513.jpg,133
AMLdataset/release/images\images_1514.jpg,133
AMLdataset/release/images_augmentation\aug_0_images_1514.jpg,133
AMLdataset/release/images_augmentation\aug_1_images_1514.jpg,133
AMLdataset/release/images\images_1515.jpg,133
AMLdataset/release/images_augmentation\aug_0_images_1515.jpg,133
AMLdataset/release/images_augmentation\aug_1_images_1515.jpg,133
AMLdataset/release/images\images_1516.jpg,133
AMLdataset/release/images_augmentation\aug_0_images_1516.jpg,133
AMLdataset/release/images_augmentation\aug_1_images_1516.jpg,133
AMLdataset/release/images\images_1517.jpg,133
AMLdataset/release/images_augmentation\aug_0_images_1517.jpg,133
AMLdataset/release/images_augmentation\aug_1_images_1517.jpg,133
AMLdataset/release/images\images_1518.jpg,133
AMLdataset/release/images_augmentation\aug_0_images_1518.jpg,133
AMLdataset/release/images_augmentation\aug_1_images_1518.jpg,133
AMLdataset/release/images\images_1519.jpg,133
AMLdataset/release/images_augmentation\aug_0_images_1519.jpg,133
AMLdataset/release/images_augmentation\aug_1_images_1519.jpg,133
AMLdataset/release/images\images_1520.jpg,133
AMLdataset/release/images_augmentation\aug_0_images_1520.jpg,133
AMLdataset/release/images_augmentation\aug_1_images_1520.jpg,133
AMLdataset/release/images\images_1521.jpg,291
AMLdataset/release/images_augmentation\aug_0_images_1521.jpg,291
AMLdataset/release/images_augmentation\aug_1_images_1521.jpg,291
AMLdataset/release/images\images_1522.jpg,291
AMLdataset/release/images_augmentation\aug_0_images_1522.jpg,291
AMLdataset/release/images_augmentation\aug_1_images_1522.jpg,291
AMLdataset/release/images\images_1523.jpg,291
AMLdataset/release/images_augmentation\aug_0_images_1523.jpg,291
AMLdataset/release/images_augmentation\aug_1_images_1523.jpg,291
AMLdataset/release/images\images_1524.jpg,291
AMLdataset/release/images_augmentation\aug_0_images_1524.jpg,291
AMLdataset/release/images_augmentation\aug_1_images_1524.jpg,291
AMLdataset/release/images\images_1525.jpg,291
AMLdataset/release/images_augmentation\aug_0_images_1525.jpg,291
AMLdataset/release/images_augmentation\aug_1_images_1525.jpg,291
AMLdataset/release/images\images_1526.jpg,291
AMLdataset/release/images_augmentation\aug_0_images_1526.jpg,291
AMLdataset/release/images_augmentation\aug_1_images_1526.jpg,291
AMLdataset/release/images\images_1527.jpg,291
AMLdataset/release/images_augmentation\aug_0_images_1527.jpg,291
AMLdataset/release/images_augmentation\aug_1_images_1527.jpg,291
AMLdataset/release/images\images_1528.jpg,291
AMLdataset/release/images_augmentation\aug_0_images_1528.jpg,291
AMLdataset/release/images_augmentation\aug_1_images_1528.jpg,291
AMLdataset/release/images\images_1529.jpg,291
AMLdataset/release/images_augmentation\aug_0_images_1529.jpg,291
AMLdataset/release/images_augmentation\aug_1_images_1529.jpg,291
AMLdataset/release/images\images_1530.jpg,291
AMLdataset/release/images_augmentation\aug_0_images_1530.jpg,291
AMLdataset/release/images_augmentation\aug_1_images_1530.jpg,291
AMLdataset/release/images\images_1531.jpg,291
AMLdataset/release/images_augmentation\aug_0_images_1531.jpg,291
AMLdataset/release/images_augmentation\aug_1_images_1531.jpg,291
AMLdataset/release/images\images_1532.jpg,291
AMLdataset/release/images_augmentation\aug_0_images_1532.jpg,291
AMLdataset/release/images_augmentation\aug_1_images_1532.jpg,291
AMLdataset/release/images\images_1533.jpg,291
AMLdataset/release/images_augmentation\aug_0_images_1533.jpg,291
AMLdataset/release/images_augmentation\aug_1_images_1533.jpg,291
AMLdataset/release/images\images_1534.jpg,291
AMLdataset/release/images_augmentation\aug_0_images_1534.jpg,291
AMLdataset/release/images_augmentation\aug_1_images_1534.jpg,291
AMLdataset/release/images\images_1535.jpg,291
AMLdataset/release/images_augmentation\aug_0_images_1535.jpg,291
AMLdataset/release/images_augmentation\aug_1_images_1535.jpg,291
AMLdataset/release/images\images_1536.jpg,291
AMLdataset/release/images_augmentation\aug_0_images_1536.jpg,291
AMLdataset/release/images_augmentation\aug_1_images_1536.jpg,291
AMLdataset/release/images\images_1537.jpg,291
AMLdataset/release/images_augmentation\aug_0_images_1537.jpg,291
AMLdataset/release/images_augmentation\aug_1_images_1537.jpg,291
AMLdataset/release/images\images_1538.jpg,291
AMLdataset/release/images_augmentation\aug_0_images_1538.jpg,291
AMLdataset/release/images_augmentation\aug_1_images_1538.jpg,291
AMLdataset/release/images\images_1539.jpg,291
AMLdataset/release/images_augmentation\aug_0_images_1539.jpg,291
AMLdataset/release/images_augmentation\aug_1_images_1539.jpg,291
AMLdataset/release/images\images_1540.jpg,291
AMLdataset/release/images_augmentation\aug_0_images_1540.jpg,291
AMLdataset/release/images_augmentation\aug_1_images_1540.jpg,291
AMLdataset/release/images\images_1541.jpg,304
AMLdataset/release/images_augmentation\aug_0_images_1541.jpg,304
AMLdataset/release/images_augmentation\aug_1_images_1541.jpg,304
AMLdataset/release/images\images_1542.jpg,304
AMLdataset/release/images_augmentation\aug_0_images_1542.jpg,304
AMLdataset/release/images_augmentation\aug_1_images_1542.jpg,304
AMLdataset/release/images\images_1543.jpg,304
AMLdataset/release/images_augmentation\aug_0_images_1543.jpg,304
AMLdataset/release/images_augmentation\aug_1_images_1543.jpg,304
AMLdataset/release/images\images_1544.jpg,304
AMLdataset/release/images_augmentation\aug_0_images_1544.jpg,304
AMLdataset/release/images_augmentation\aug_1_images_1544.jpg,304
AMLdataset/release/images\images_1545.jpg,304
AMLdataset/release/images_augmentation\aug_0_images_1545.jpg,304
AMLdataset/release/images_augmentation\aug_1_images_1545.jpg,304
AMLdataset/release/images\images_1546.jpg,304
AMLdataset/release/images_augmentation\aug_0_images_1546.jpg,304
AMLdataset/release/images_augmentation\aug_1_images_1546.jpg,304
AMLdataset/release/images\images_1547.jpg,304
AMLdataset/release/images_augmentation\aug_0_images_1547.jpg,304
AMLdataset/release/images_augmentation\aug_1_images_1547.jpg,304
AMLdataset/release/images\images_1548.jpg,304
AMLdataset/release/images_augmentation\aug_0_images_1548.jpg,304
AMLdataset/release/images_augmentation\aug_1_images_1548.jpg,304
AMLdataset/release/images\images_1549.jpg,304
AMLdataset/release/images_augmentation\aug_0_images_1549.jpg,304
AMLdataset/release/images_augmentation\aug_1_images_1549.jpg,304
AMLdataset/release/images\images_1550.jpg,304
AMLdataset/release/images_augmentation\aug_0_images_1550.jpg,304
AMLdataset/release/images_augmentation\aug_1_images_1550.jpg,304
AMLdataset/release/images\images_1551.jpg,304
AMLdataset/release/images_augmentation\aug_0_images_1551.jpg,304
AMLdataset/release/images_augmentation\aug_1_images_1551.jpg,304
AMLdataset/release/images\images_1552.jpg,304
AMLdataset/release/images_augmentation\aug_0_images_1552.jpg,304
AMLdataset/release/images_augmentation\aug_1_images_1552.jpg,304
AMLdataset/release/images\images_1553.jpg,304
AMLdataset/release/images_augmentation\aug_0_images_1553.jpg,304
AMLdataset/release/images_augmentation\aug_1_images_1553.jpg,304
AMLdataset/release/images\images_1554.jpg,304
AMLdataset/release/images_augmentation\aug_0_images_1554.jpg,304
AMLdataset/release/images_augmentation\aug_1_images_1554.jpg,304
AMLdataset/release/images\images_1555.jpg,304
AMLdataset/release/images_augmentation\aug_0_images_1555.jpg,304
AMLdataset/release/images_augmentation\aug_1_images_1555.jpg,304
AMLdataset/release/images\images_1556.jpg,304
AMLdataset/release/images_augmentation\aug_0_images_1556.jpg,304
AMLdataset/release/images_augmentation\aug_1_images_1556.jpg,304
AMLdataset/release/images\images_1557.jpg,304
AMLdataset/release/images_augmentation\aug_0_images_1557.jpg,304
AMLdataset/release/images_augmentation\aug_1_images_1557.jpg,304
AMLdataset/release/images\images_1558.jpg,304
AMLdataset/release/images_augmentation\aug_0_images_1558.jpg,304
AMLdataset/release/images_augmentation\aug_1_images_1558.jpg,304
AMLdataset/release/images\images_1559.jpg,304
AMLdataset/release/images_augmentation\aug_0_images_1559.jpg,304
AMLdataset/release/images_augmentation\aug_1_images_1559.jpg,304
AMLdataset/release/images\images_1560.jpg,304
AMLdataset/release/images_augmentation\aug_0_images_1560.jpg,304
AMLdataset/release/images_augmentation\aug_1_images_1560.jpg,304
AMLdataset/release/images\images_1561.jpg,298
AMLdataset/release/images_augmentation\aug_0_images_1561.jpg,298
AMLdataset/release/images_augmentation\aug_1_images_1561.jpg,298
AMLdataset/release/images\images_1562.jpg,298
AMLdataset/release/images_augmentation\aug_0_images_1562.jpg,298
AMLdataset/release/images_augmentation\aug_1_images_1562.jpg,298
AMLdataset/release/images\images_1563.jpg,298
AMLdataset/release/images_augmentation\aug_0_images_1563.jpg,298
AMLdataset/release/images_augmentation\aug_1_images_1563.jpg,298
AMLdataset/release/images\images_1564.jpg,298
AMLdataset/release/images_augmentation\aug_0_images_1564.jpg,298
AMLdataset/release/images_augmentation\aug_1_images_1564.jpg,298
AMLdataset/release/images\images_1565.jpg,298
AMLdataset/release/images_augmentation\aug_0_images_1565.jpg,298
AMLdataset/release/images_augmentation\aug_1_images_1565.jpg,298
AMLdataset/release/images\images_1566.jpg,298
AMLdataset/release/images_augmentation\aug_0_images_1566.jpg,298
AMLdataset/release/images_augmentation\aug_1_images_1566.jpg,298
AMLdataset/release/images\images_1567.jpg,298
AMLdataset/release/images_augmentation\aug_0_images_1567.jpg,298
AMLdataset/release/images_augmentation\aug_1_images_1567.jpg,298
AMLdataset/release/images\images_1568.jpg,298
AMLdataset/release/images_augmentation\aug_0_images_1568.jpg,298
AMLdataset/release/images_augmentation\aug_1_images_1568.jpg,298
AMLdataset/release/images\images_1569.jpg,298
AMLdataset/release/images_augmentation\aug_0_images_1569.jpg,298
AMLdataset/release/images_augmentation\aug_1_images_1569.jpg,298
AMLdataset/release/images\images_1570.jpg,298
AMLdataset/release/images_augmentation\aug_0_images_1570.jpg,298
AMLdataset/release/images_augmentation\aug_1_images_1570.jpg,298
AMLdataset/release/images\images_1571.jpg,298
AMLdataset/release/images_augmentation\aug_0_images_1571.jpg,298
AMLdataset/release/images_augmentation\aug_1_images_1571.jpg,298
AMLdataset/release/images\images_1572.jpg,298
AMLdataset/release/images_augmentation\aug_0_images_1572.jpg,298
AMLdataset/release/images_augmentation\aug_1_images_1572.jpg,298
AMLdataset/release/images\images_1573.jpg,298
AMLdataset/release/images_augmentation\aug_0_images_1573.jpg,298
AMLdataset/release/images_augmentation\aug_1_images_1573.jpg,298
AMLdataset/release/images\images_1574.jpg,298
AMLdataset/release/images_augmentation\aug_0_images_1574.jpg,298
AMLdataset/release/images_augmentation\aug_1_images_1574.jpg,298
AMLdataset/release/images\images_1575.jpg,298
AMLdataset/release/images_augmentation\aug_0_images_1575.jpg,298
AMLdataset/release/images_augmentation\aug_1_images_1575.jpg,298
AMLdataset/release/images\images_1576.jpg,298
AMLdataset/release/images_augmentation\aug_0_images_1576.jpg,298
AMLdataset/release/images_augmentation\aug_1_images_1576.jpg,298
AMLdataset/release/images\images_1577.jpg,298
AMLdataset/release/images_augmentation\aug_0_images_1577.jpg,298
AMLdataset/release/images_augmentation\aug_1_images_1577.jpg,298
AMLdataset/release/images\images_1578.jpg,298
AMLdataset/release/images_augmentation\aug_0_images_1578.jpg,298
AMLdataset/release/images_augmentation\aug_1_images_1578.jpg,298
AMLdataset/release/images\images_1579.jpg,298
AMLdataset/release/images_augmentation\aug_0_images_1579.jpg,298
AMLdataset/release/images_augmentation\aug_1_images_1579.jpg,298
AMLdataset/release/images\images_1580.jpg,298
AMLdataset/release/images\images_1581.jpg,323
AMLdataset/release/images_augmentation\aug_0_images_1581.jpg,323
AMLdataset/release/images_augmentation\aug_1_images_1581.jpg,323
AMLdataset/release/images\images_1582.jpg,323
AMLdataset/release/images_augmentation\aug_0_images_1582.jpg,323
AMLdataset/release/images_augmentation\aug_1_images_1582.jpg,323
AMLdataset/release/images\images_1583.jpg,323
AMLdataset/release/images_augmentation\aug_0_images_1583.jpg,323
AMLdataset/release/images_augmentation\aug_1_images_1583.jpg,323
AMLdataset/release/images\images_1584.jpg,323
AMLdataset/release/images_augmentation\aug_0_images_1584.jpg,323
AMLdataset/release/images_augmentation\aug_1_images_1584.jpg,323
AMLdataset/release/images\images_1585.jpg,323
AMLdataset/release/images_augmentation\aug_0_images_1585.jpg,323
AMLdataset/release/images_augmentation\aug_1_images_1585.jpg,323
AMLdataset/release/images\images_1586.jpg,323
AMLdataset/release/images_augmentation\aug_0_images_1586.jpg,323
AMLdataset/release/images_augmentation\aug_1_images_1586.jpg,323
AMLdataset/release/images\images_1587.jpg,323
AMLdataset/release/images_augmentation\aug_0_images_1587.jpg,323
AMLdataset/release/images_augmentation\aug_1_images_1587.jpg,323
AMLdataset/release/images\images_1588.jpg,323
AMLdataset/release/images_augmentation\aug_0_images_1588.jpg,323
AMLdataset/release/images_augmentation\aug_1_images_1588.jpg,323
AMLdataset/release/images\images_1589.jpg,323
AMLdataset/release/images_augmentation\aug_0_images_1589.jpg,323
AMLdataset/release/images_augmentation\aug_1_images_1589.jpg,323
AMLdataset/release/images\images_1590.jpg,323
AMLdataset/release/images_augmentation\aug_0_images_1590.jpg,323
AMLdataset/release/images_augmentation\aug_1_images_1590.jpg,323
AMLdataset/release/images\images_1591.jpg,323
AMLdataset/release/images_augmentation\aug_0_images_1591.jpg,323
AMLdataset/release/images_augmentation\aug_1_images_1591.jpg,323
AMLdataset/release/images\images_1592.jpg,323
AMLdataset/release/images_augmentation\aug_0_images_1592.jpg,323
AMLdataset/release/images_augmentation\aug_1_images_1592.jpg,323
AMLdataset/release/images\images_1593.jpg,323
AMLdataset/release/images_augmentation\aug_0_images_1593.jpg,323
AMLdataset/release/images_augmentation\aug_1_images_1593.jpg,323
AMLdataset/release/images\images_1594.jpg,323
AMLdataset/release/images_augmentation\aug_0_images_1594.jpg,323
AMLdataset/release/images_augmentation\aug_1_images_1594.jpg,323
AMLdataset/release/images\images_1595.jpg,323
AMLdataset/release/images_augmentation\aug_0_images_1595.jpg,323
AMLdataset/release/images_augmentation\aug_1_images_1595.jpg,323
AMLdataset/release/images\images_1596.jpg,323
AMLdataset/release/images_augmentation\aug_0_images_1596.jpg,323
AMLdataset/release/images_augmentation\aug_1_images_1596.jpg,323
AMLdataset/release/images\images_1597.jpg,323
AMLdataset/release/images_augmentation\aug_0_images_1597.jpg,323
AMLdataset/release/images_augmentation\aug_1_images_1597.jpg,323
AMLdataset/release/images\images_1598.jpg,323
AMLdataset/release/images_augmentation\aug_0_images_1598.jpg,323
AMLdataset/release/images_augmentation\aug_1_images_1598.jpg,323
AMLdataset/release/images\images_1599.jpg,323
AMLdataset/release/images_augmentation\aug_0_images_1599.jpg,323
AMLdataset/release/images_augmentation\aug_1_images_1599.jpg,323
AMLdataset/release/images\images_1600.jpg,323
AMLdataset/release/images_augmentation\aug_0_images_1600.jpg,323
AMLdataset/release/images_augmentation\aug_1_images_1600.jpg,323
AMLdataset/release/images\images_1601.jpg,201
AMLdataset/release/images_augmentation\aug_0_images_1601.jpg,201
AMLdataset/release/images_augmentation\aug_1_images_1601.jpg,201
AMLdataset/release/images\images_1602.jpg,201
AMLdataset/release/images_augmentation\aug_0_images_1602.jpg,201
AMLdataset/release/images_augmentation\aug_1_images_1602.jpg,201
AMLdataset/release/images\images_1603.jpg,201
AMLdataset/release/images_augmentation\aug_0_images_1603.jpg,201
AMLdataset/release/images_augmentation\aug_1_images_1603.jpg,201
AMLdataset/release/images\images_1604.jpg,201
AMLdataset/release/images_augmentation\aug_0_images_1604.jpg,201
AMLdataset/release/images_augmentation\aug_1_images_1604.jpg,201
AMLdataset/release/images\images_1605.jpg,201
AMLdataset/release/images_augmentation\aug_0_images_1605.jpg,201
AMLdataset/release/images_augmentation\aug_1_images_1605.jpg,201
AMLdataset/release/images\images_1606.jpg,201
AMLdataset/release/images_augmentation\aug_0_images_1606.jpg,201
AMLdataset/release/images_augmentation\aug_1_images_1606.jpg,201
AMLdataset/release/images\images_1607.jpg,201
AMLdataset/release/images_augmentation\aug_0_images_1607.jpg,201
AMLdataset/release/images_augmentation\aug_1_images_1607.jpg,201
AMLdataset/release/images\images_1608.jpg,201
AMLdataset/release/images_augmentation\aug_0_images_1608.jpg,201
AMLdataset/release/images_augmentation\aug_1_images_1608.jpg,201
AMLdataset/release/images\images_1609.jpg,201
AMLdataset/release/images_augmentation\aug_0_images_1609.jpg,201
AMLdataset/release/images_augmentation\aug_1_images_1609.jpg,201
AMLdataset/release/images\images_1610.jpg,201
AMLdataset/release/images_augmentation\aug_0_images_1610.jpg,201
AMLdataset/release/images_augmentation\aug_1_images_1610.jpg,201
AMLdataset/release/images\images_1611.jpg,201
AMLdataset/release/images_augmentation\aug_0_images_1611.jpg,201
AMLdataset/release/images_augmentation\aug_1_images_1611.jpg,201
AMLdataset/release/images\images_1612.jpg,201
AMLdataset/release/images_augmentation\aug_0_images_1612.jpg,201
AMLdataset/release/images_augmentation\aug_1_images_1612.jpg,201
AMLdataset/release/images\images_1613.jpg,201
AMLdataset/release/images_augmentation\aug_0_images_1613.jpg,201
AMLdataset/release/images_augmentation\aug_1_images_1613.jpg,201
AMLdataset/release/images\images_1614.jpg,201
AMLdataset/release/images_augmentation\aug_0_images_1614.jpg,201
AMLdataset/release/images_augmentation\aug_1_images_1614.jpg,201
AMLdataset/release/images\images_1615.jpg,201
AMLdataset/release/images_augmentation\aug_0_images_1615.jpg,201
AMLdataset/release/images_augmentation\aug_1_images_1615.jpg,201
AMLdataset/release/images\images_1616.jpg,201
AMLdataset/release/images_augmentation\aug_0_images_1616.jpg,201
AMLdataset/release/images_augmentation\aug_1_images_1616.jpg,201
AMLdataset/release/images\images_1617.jpg,201
AMLdataset/release/images_augmentation\aug_0_images_1617.jpg,201
AMLdataset/release/images_augmentation\aug_1_images_1617.jpg,201
AMLdataset/release/images\images_1618.jpg,201
AMLdataset/release/images_augmentation\aug_0_images_1618.jpg,201
AMLdataset/release/images_augmentation\aug_1_images_1618.jpg,201
AMLdataset/release/images\images_1619.jpg,201
AMLdataset/release/images_augmentation\aug_0_images_1619.jpg,201
AMLdataset/release/images_augmentation\aug_1_images_1619.jpg,201
AMLdataset/release/images\images_1620.jpg,201
AMLdataset/release/images_augmentation\aug_0_images_1620.jpg,201
AMLdataset/release/images_augmentation\aug_1_images_1620.jpg,201
AMLdataset/release/images\images_1621.jpg,228
AMLdataset/release/images_augmentation\aug_0_images_1621.jpg,228
AMLdataset/release/images_augmentation\aug_1_images_1621.jpg,228
AMLdataset/release/images\images_1622.jpg,228
AMLdataset/release/images_augmentation\aug_0_images_1622.jpg,228
AMLdataset/release/images_augmentation\aug_1_images_1622.jpg,228
AMLdataset/release/images\images_1623.jpg,228
AMLdataset/release/images_augmentation\aug_0_images_1623.jpg,228
AMLdataset/release/images_augmentation\aug_1_images_1623.jpg,228
AMLdataset/release/images\images_1624.jpg,228
AMLdataset/release/images_augmentation\aug_0_images_1624.jpg,228
AMLdataset/release/images_augmentation\aug_1_images_1624.jpg,228
AMLdataset/release/images\images_1625.jpg,228
AMLdataset/release/images_augmentation\aug_0_images_1625.jpg,228
AMLdataset/release/images_augmentation\aug_1_images_1625.jpg,228
AMLdataset/release/images\images_1626.jpg,228
AMLdataset/release/images_augmentation\aug_0_images_1626.jpg,228
AMLdataset/release/images_augmentation\aug_1_images_1626.jpg,228
AMLdataset/release/images\images_1627.jpg,228
AMLdataset/release/images_augmentation\aug_0_images_1627.jpg,228
AMLdataset/release/images_augmentation\aug_1_images_1627.jpg,228
AMLdataset/release/images\images_1628.jpg,228
AMLdataset/release/images_augmentation\aug_0_images_1628.jpg,228
AMLdataset/release/images_augmentation\aug_1_images_1628.jpg,228
AMLdataset/release/images\images_1629.jpg,228
AMLdataset/release/images_augmentation\aug_0_images_1629.jpg,228
AMLdataset/release/images_augmentation\aug_1_images_1629.jpg,228
AMLdataset/release/images\images_1630.jpg,228
AMLdataset/release/images_augmentation\aug_0_images_1630.jpg,228
AMLdataset/release/images_augmentation\aug_1_images_1630.jpg,228
AMLdataset/release/images\images_1631.jpg,228
AMLdataset/release/images_augmentation\aug_0_images_1631.jpg,228
AMLdataset/release/images_augmentation\aug_1_images_1631.jpg,228
AMLdataset/release/images\images_1632.jpg,228
AMLdataset/release/images_augmentation\aug_0_images_1632.jpg,228
AMLdataset/release/images_augmentation\aug_1_images_1632.jpg,228
AMLdataset/release/images\images_1633.jpg,228
AMLdataset/release/images_augmentation\aug_0_images_1633.jpg,228
AMLdataset/release/images_augmentation\aug_1_images_1633.jpg,228
AMLdataset/release/images\images_1634.jpg,228
AMLdataset/release/images_augmentation\aug_0_images_1634.jpg,228
AMLdataset/release/images_augmentation\aug_1_images_1634.jpg,228
AMLdataset/release/images\images_1635.jpg,228
AMLdataset/release/images_augmentation\aug_0_images_1635.jpg,228
AMLdataset/release/images_augmentation\aug_1_images_1635.jpg,228
AMLdataset/release/images\images_1636.jpg,228
AMLdataset/release/images_augmentation\aug_0_images_1636.jpg,228
AMLdataset/release/images_augmentation\aug_1_images_1636.jpg,228
AMLdataset/release/images\images_1637.jpg,228
AMLdataset/release/images_augmentation\aug_0_images_1637.jpg,228
AMLdataset/release/images_augmentation\aug_1_images_1637.jpg,228
AMLdataset/release/images\images_1638.jpg,228
AMLdataset/release/images_augmentation\aug_0_images_1638.jpg,228
AMLdataset/release/images_augmentation\aug_1_images_1638.jpg,228
AMLdataset/release/images\images_1639.jpg,228
AMLdataset/release/images_augmentation\aug_0_images_1639.jpg,228
AMLdataset/release/images_augmentation\aug_1_images_1639.jpg,228
AMLdataset/release/images\images_1640.jpg,228
AMLdataset/release/images_augmentation\aug_0_images_1640.jpg,228
AMLdataset/release/images_augmentation\aug_1_images_1640.jpg,228
AMLdataset/release/images\images_1641.jpg,89
AMLdataset/release/images_augmentation\aug_0_images_1641.jpg,89
AMLdataset/release/images_augmentation\aug_1_images_1641.jpg,89
AMLdataset/release/images\images_1642.jpg,89
AMLdataset/release/images_augmentation\aug_0_images_1642.jpg,89
AMLdataset/release/images_augmentation\aug_1_images_1642.jpg,89
AMLdataset/release/images\images_1643.jpg,89
AMLdataset/release/images_augmentation\aug_0_images_1643.jpg,89
AMLdataset/release/images_augmentation\aug_1_images_1643.jpg,89
AMLdataset/release/images\images_1644.jpg,89
AMLdataset/release/images_augmentation\aug_0_images_1644.jpg,89
AMLdataset/release/images_augmentation\aug_1_images_1644.jpg,89
AMLdataset/release/images\images_1645.jpg,89
AMLdataset/release/images_augmentation\aug_0_images_1645.jpg,89
AMLdataset/release/images_augmentation\aug_1_images_1645.jpg,89
AMLdataset/release/images\images_1646.jpg,89
AMLdataset/release/images_augmentation\aug_0_images_1646.jpg,89
AMLdataset/release/images_augmentation\aug_1_images_1646.jpg,89
AMLdataset/release/images\images_1647.jpg,89
AMLdataset/release/images_augmentation\aug_0_images_1647.jpg,89
AMLdataset/release/images_augmentation\aug_1_images_1647.jpg,89
AMLdataset/release/images\images_1648.jpg,89
AMLdataset/release/images_augmentation\aug_0_images_1648.jpg,89
AMLdataset/release/images_augmentation\aug_1_images_1648.jpg,89
AMLdataset/release/images\images_1649.jpg,89
AMLdataset/release/images_augmentation\aug_0_images_1649.jpg,89
AMLdataset/release/images_augmentation\aug_1_images_1649.jpg,89
AMLdataset/release/images\images_1650.jpg,89
AMLdataset/release/images_augmentation\aug_0_images_1650.jpg,89
AMLdataset/release/images_augmentation\aug_1_images_1650.jpg,89
AMLdataset/release/images\images_1651.jpg,89
AMLdataset/release/images_augmentation\aug_0_images_1651.jpg,89
AMLdataset/release/images_augmentation\aug_1_images_1651.jpg,89
AMLdataset/release/images\images_1652.jpg,89
AMLdataset/release/images_augmentation\aug_0_images_1652.jpg,89
AMLdataset/release/images_augmentation\aug_1_images_1652.jpg,89
AMLdataset/release/images\images_1653.jpg,89
AMLdataset/release/images_augmentation\aug_0_images_1653.jpg,89
AMLdataset/release/images_augmentation\aug_1_images_1653.jpg,89
AMLdataset/release/images\images_1654.jpg,89
AMLdataset/release/images_augmentation\aug_0_images_1654.jpg,89
AMLdataset/release/images_augmentation\aug_1_images_1654.jpg,89
AMLdataset/release/images\images_1655.jpg,89
AMLdataset/release/images_augmentation\aug_0_images_1655.jpg,89
AMLdataset/release/images_augmentation\aug_1_images_1655.jpg,89
AMLdataset/release/images\images_1656.jpg,89
AMLdataset/release/images_augmentation\aug_0_images_1656.jpg,89
AMLdataset/release/images_augmentation\aug_1_images_1656.jpg,89
AMLdataset/release/images\images_1657.jpg,89
AMLdataset/release/images_augmentation\aug_0_images_1657.jpg,89
AMLdataset/release/images_augmentation\aug_1_images_1657.jpg,89
AMLdataset/release/images\images_1658.jpg,89
AMLdataset/release/images_augmentation\aug_0_images_1658.jpg,89
AMLdataset/release/images_augmentation\aug_1_images_1658.jpg,89
AMLdataset/release/images\images_1659.jpg,89
AMLdataset/release/images_augmentation\aug_0_images_1659.jpg,89
AMLdataset/release/images_augmentation\aug_1_images_1659.jpg,89
AMLdataset/release/images\images_1660.jpg,89
AMLdataset/release/images_augmentation\aug_0_images_1660.jpg,89
AMLdataset/release/images_augmentation\aug_1_images_1660.jpg,89
AMLdataset/release/images\images_1661.jpg,280
AMLdataset/release/images_augmentation\aug_0_images_1661.jpg,280
AMLdataset/release/images_augmentation\aug_1_images_1661.jpg,280
AMLdataset/release/images\images_1662.jpg,280
AMLdataset/release/images_augmentation\aug_0_images_1662.jpg,280
AMLdataset/release/images_augmentation\aug_1_images_1662.jpg,280
AMLdataset/release/images\images_1663.jpg,280
AMLdataset/release/images_augmentation\aug_0_images_1663.jpg,280
AMLdataset/release/images_augmentation\aug_1_images_1663.jpg,280
AMLdataset/release/images\images_1664.jpg,280
AMLdataset/release/images_augmentation\aug_0_images_1664.jpg,280
AMLdataset/release/images_augmentation\aug_1_images_1664.jpg,280
AMLdataset/release/images\images_1665.jpg,280
AMLdataset/release/images_augmentation\aug_0_images_1665.jpg,280
AMLdataset/release/images_augmentation\aug_1_images_1665.jpg,280
AMLdataset/release/images\images_1666.jpg,280
AMLdataset/release/images_augmentation\aug_0_images_1666.jpg,280
AMLdataset/release/images_augmentation\aug_1_images_1666.jpg,280
AMLdataset/release/images\images_1667.jpg,280
AMLdataset/release/images_augmentation\aug_0_images_1667.jpg,280
AMLdataset/release/images_augmentation\aug_1_images_1667.jpg,280
AMLdataset/release/images\images_1668.jpg,280
AMLdataset/release/images_augmentation\aug_0_images_1668.jpg,280
AMLdataset/release/images_augmentation\aug_1_images_1668.jpg,280
AMLdataset/release/images\images_1669.jpg,280
AMLdataset/release/images_augmentation\aug_0_images_1669.jpg,280
AMLdataset/release/images_augmentation\aug_1_images_1669.jpg,280
AMLdataset/release/images\images_1670.jpg,280
AMLdataset/release/images_augmentation\aug_0_images_1670.jpg,280
AMLdataset/release/images_augmentation\aug_1_images_1670.jpg,280
AMLdataset/release/images\images_1671.jpg,280
AMLdataset/release/images_augmentation\aug_0_images_1671.jpg,280
AMLdataset/release/images_augmentation\aug_1_images_1671.jpg,280
AMLdataset/release/images\images_1672.jpg,280
AMLdataset/release/images_augmentation\aug_0_images_1672.jpg,280
AMLdataset/release/images_augmentation\aug_1_images_1672.jpg,280
AMLdataset/release/images\images_1673.jpg,280
AMLdataset/release/images_augmentation\aug_0_images_1673.jpg,280
AMLdataset/release/images_augmentation\aug_1_images_1673.jpg,280
AMLdataset/release/images\images_1674.jpg,280
AMLdataset/release/images_augmentation\aug_0_images_1674.jpg,280
AMLdataset/release/images_augmentation\aug_1_images_1674.jpg,280
AMLdataset/release/images\images_1675.jpg,280
AMLdataset/release/images_augmentation\aug_0_images_1675.jpg,280
AMLdataset/release/images_augmentation\aug_1_images_1675.jpg,280
AMLdataset/release/images\images_1676.jpg,280
AMLdataset/release/images_augmentation\aug_0_images_1676.jpg,280
AMLdataset/release/images_augmentation\aug_1_images_1676.jpg,280
AMLdataset/release/images\images_1677.jpg,280
AMLdataset/release/images_augmentation\aug_0_images_1677.jpg,280
AMLdataset/release/images_augmentation\aug_1_images_1677.jpg,280
AMLdataset/release/images\images_1678.jpg,280
AMLdataset/release/images_augmentation\aug_0_images_1678.jpg,280
AMLdataset/release/images_augmentation\aug_1_images_1678.jpg,280
AMLdataset/release/images\images_1679.jpg,280
AMLdataset/release/images_augmentation\aug_0_images_1679.jpg,280
AMLdataset/release/images_augmentation\aug_1_images_1679.jpg,280
AMLdataset/release/images\images_1680.jpg,280
AMLdataset/release/images_augmentation\aug_0_images_1680.jpg,280
AMLdataset/release/images_augmentation\aug_1_images_1680.jpg,280
AMLdataset/release/images\images_1681.jpg,222
AMLdataset/release/images_augmentation\aug_0_images_1681.jpg,222
AMLdataset/release/images_augmentation\aug_1_images_1681.jpg,222
AMLdataset/release/images\images_1682.jpg,222
AMLdataset/release/images_augmentation\aug_0_images_1682.jpg,222
AMLdataset/release/images_augmentation\aug_1_images_1682.jpg,222
AMLdataset/release/images\images_1683.jpg,222
AMLdataset/release/images_augmentation\aug_0_images_1683.jpg,222
AMLdataset/release/images_augmentation\aug_1_images_1683.jpg,222
AMLdataset/release/images\images_1684.jpg,222
AMLdataset/release/images_augmentation\aug_0_images_1684.jpg,222
AMLdataset/release/images_augmentation\aug_1_images_1684.jpg,222
AMLdataset/release/images\images_1685.jpg,222
AMLdataset/release/images_augmentation\aug_0_images_1685.jpg,222
AMLdataset/release/images_augmentation\aug_1_images_1685.jpg,222
AMLdataset/release/images\images_1686.jpg,222
AMLdataset/release/images_augmentation\aug_0_images_1686.jpg,222
AMLdataset/release/images_augmentation\aug_1_images_1686.jpg,222
AMLdataset/release/images\images_1687.jpg,222
AMLdataset/release/images_augmentation\aug_0_images_1687.jpg,222
AMLdataset/release/images_augmentation\aug_1_images_1687.jpg,222
AMLdataset/release/images\images_1688.jpg,222
AMLdataset/release/images_augmentation\aug_0_images_1688.jpg,222
AMLdataset/release/images_augmentation\aug_1_images_1688.jpg,222
AMLdataset/release/images\images_1689.jpg,222
AMLdataset/release/images_augmentation\aug_0_images_1689.jpg,222
AMLdataset/release/images_augmentation\aug_1_images_1689.jpg,222
AMLdataset/release/images\images_1690.jpg,222
AMLdataset/release/images_augmentation\aug_0_images_1690.jpg,222
AMLdataset/release/images_augmentation\aug_1_images_1690.jpg,222
AMLdataset/release/images\images_1691.jpg,222
AMLdataset/release/images_augmentation\aug_0_images_1691.jpg,222
AMLdataset/release/images_augmentation\aug_1_images_1691.jpg,222
AMLdataset/release/images\images_1692.jpg,222
AMLdataset/release/images_augmentation\aug_0_images_1692.jpg,222
AMLdataset/release/images_augmentation\aug_1_images_1692.jpg,222
AMLdataset/release/images\images_1693.jpg,222
AMLdataset/release/images_augmentation\aug_0_images_1693.jpg,222
AMLdataset/release/images_augmentation\aug_1_images_1693.jpg,222
AMLdataset/release/images\images_1694.jpg,222
AMLdataset/release/images_augmentation\aug_0_images_1694.jpg,222
AMLdataset/release/images_augmentation\aug_1_images_1694.jpg,222
AMLdataset/release/images\images_1695.jpg,222
AMLdataset/release/images_augmentation\aug_0_images_1695.jpg,222
AMLdataset/release/images_augmentation\aug_1_images_1695.jpg,222
AMLdataset/release/images\images_1696.jpg,222
AMLdataset/release/images_augmentation\aug_0_images_1696.jpg,222
AMLdataset/release/images_augmentation\aug_1_images_1696.jpg,222
AMLdataset/release/images\images_1697.jpg,222
AMLdataset/release/images_augmentation\aug_0_images_1697.jpg,222
AMLdataset/release/images_augmentation\aug_1_images_1697.jpg,222
AMLdataset/release/images\images_1698.jpg,222
AMLdataset/release/images_augmentation\aug_0_images_1698.jpg,222
AMLdataset/release/images_augmentation\aug_1_images_1698.jpg,222
AMLdataset/release/images\images_1699.jpg,222
AMLdataset/release/images_augmentation\aug_0_images_1699.jpg,222
AMLdataset/release/images_augmentation\aug_1_images_1699.jpg,222
AMLdataset/release/images\images_1700.jpg,222
AMLdataset/release/images_augmentation\aug_0_images_1700.jpg,222
AMLdataset/release/images_augmentation\aug_1_images_1700.jpg,222
AMLdataset/release/images\images_1701.jpg,213
AMLdataset/release/images_augmentation\aug_0_images_1701.jpg,213
AMLdataset/release/images_augmentation\aug_1_images_1701.jpg,213
AMLdataset/release/images\images_1702.jpg,213
AMLdataset/release/images_augmentation\aug_0_images_1702.jpg,213
AMLdataset/release/images_augmentation\aug_1_images_1702.jpg,213
AMLdataset/release/images\images_1703.jpg,213
AMLdataset/release/images_augmentation\aug_0_images_1703.jpg,213
AMLdataset/release/images_augmentation\aug_1_images_1703.jpg,213
AMLdataset/release/images\images_1704.jpg,213
AMLdataset/release/images_augmentation\aug_0_images_1704.jpg,213
AMLdataset/release/images_augmentation\aug_1_images_1704.jpg,213
AMLdataset/release/images\images_1705.jpg,213
AMLdataset/release/images_augmentation\aug_0_images_1705.jpg,213
AMLdataset/release/images_augmentation\aug_1_images_1705.jpg,213
AMLdataset/release/images\images_1706.jpg,213
AMLdataset/release/images_augmentation\aug_0_images_1706.jpg,213
AMLdataset/release/images_augmentation\aug_1_images_1706.jpg,213
AMLdataset/release/images\images_1707.jpg,213
AMLdataset/release/images_augmentation\aug_0_images_1707.jpg,213
AMLdataset/release/images_augmentation\aug_1_images_1707.jpg,213
AMLdataset/release/images\images_1708.jpg,213
AMLdataset/release/images_augmentation\aug_0_images_1708.jpg,213
AMLdataset/release/images_augmentation\aug_1_images_1708.jpg,213
AMLdataset/release/images\images_1709.jpg,213
AMLdataset/release/images_augmentation\aug_0_images_1709.jpg,213
AMLdataset/release/images_augmentation\aug_1_images_1709.jpg,213
AMLdataset/release/images\images_1710.jpg,213
AMLdataset/release/images_augmentation\aug_0_images_1710.jpg,213
AMLdataset/release/images_augmentation\aug_1_images_1710.jpg,213
AMLdataset/release/images\images_1711.jpg,213
AMLdataset/release/images_augmentation\aug_0_images_1711.jpg,213
AMLdataset/release/images_augmentation\aug_1_images_1711.jpg,213
AMLdataset/release/images\images_1712.jpg,213
AMLdataset/release/images_augmentation\aug_0_images_1712.jpg,213
AMLdataset/release/images_augmentation\aug_1_images_1712.jpg,213
AMLdataset/release/images\images_1713.jpg,213
AMLdataset/release/images_augmentation\aug_0_images_1713.jpg,213
AMLdataset/release/images_augmentation\aug_1_images_1713.jpg,213
AMLdataset/release/images\images_1714.jpg,213
AMLdataset/release/images_augmentation\aug_0_images_1714.jpg,213
AMLdataset/release/images_augmentation\aug_1_images_1714.jpg,213
AMLdataset/release/images\images_1715.jpg,213
AMLdataset/release/images_augmentation\aug_0_images_1715.jpg,213
AMLdataset/release/images_augmentation\aug_1_images_1715.jpg,213
AMLdataset/release/images\images_1716.jpg,213
AMLdataset/release/images_augmentation\aug_0_images_1716.jpg,213
AMLdataset/release/images_augmentation\aug_1_images_1716.jpg,213
AMLdataset/release/images\images_1717.jpg,213
AMLdataset/release/images_augmentation\aug_0_images_1717.jpg,213
AMLdataset/release/images_augmentation\aug_1_images_1717.jpg,213
AMLdataset/release/images\images_1718.jpg,213
AMLdataset/release/images_augmentation\aug_0_images_1718.jpg,213
AMLdataset/release/images_augmentation\aug_1_images_1718.jpg,213
AMLdataset/release/images\images_1719.jpg,213
AMLdataset/release/images_augmentation\aug_0_images_1719.jpg,213
AMLdataset/release/images_augmentation\aug_1_images_1719.jpg,213
AMLdataset/release/images\images_1720.jpg,213
AMLdataset/release/images_augmentation\aug_0_images_1720.jpg,213
AMLdataset/release/images_augmentation\aug_1_images_1720.jpg,213
AMLdataset/release/images\images_1721.jpg,320
AMLdataset/release/images_augmentation\aug_0_images_1721.jpg,320
AMLdataset/release/images_augmentation\aug_1_images_1721.jpg,320
AMLdataset/release/images\images_1722.jpg,320
AMLdataset/release/images_augmentation\aug_0_images_1722.jpg,320
AMLdataset/release/images_augmentation\aug_1_images_1722.jpg,320
AMLdataset/release/images\images_1723.jpg,320
AMLdataset/release/images_augmentation\aug_0_images_1723.jpg,320
AMLdataset/release/images_augmentation\aug_1_images_1723.jpg,320
AMLdataset/release/images\images_1724.jpg,320
AMLdataset/release/images_augmentation\aug_0_images_1724.jpg,320
AMLdataset/release/images_augmentation\aug_1_images_1724.jpg,320
AMLdataset/release/images\images_1725.jpg,320
AMLdataset/release/images_augmentation\aug_0_images_1725.jpg,320
AMLdataset/release/images_augmentation\aug_1_images_1725.jpg,320
AMLdataset/release/images\images_1726.jpg,320
AMLdataset/release/images_augmentation\aug_0_images_1726.jpg,320
AMLdataset/release/images_augmentation\aug_1_images_1726.jpg,320
AMLdataset/release/images\images_1727.jpg,320
AMLdataset/release/images_augmentation\aug_0_images_1727.jpg,320
AMLdataset/release/images_augmentation\aug_1_images_1727.jpg,320
AMLdataset/release/images\images_1728.jpg,320
AMLdataset/release/images_augmentation\aug_0_images_1728.jpg,320
AMLdataset/release/images_augmentation\aug_1_images_1728.jpg,320
AMLdataset/release/images\images_1729.jpg,320
AMLdataset/release/images_augmentation\aug_0_images_1729.jpg,320
AMLdataset/release/images_augmentation\aug_1_images_1729.jpg,320
AMLdataset/release/images\images_1730.jpg,320
AMLdataset/release/images_augmentation\aug_0_images_1730.jpg,320
AMLdataset/release/images_augmentation\aug_1_images_1730.jpg,320
AMLdataset/release/images\images_1731.jpg,320
AMLdataset/release/images_augmentation\aug_0_images_1731.jpg,320
AMLdataset/release/images_augmentation\aug_1_images_1731.jpg,320
AMLdataset/release/images\images_1732.jpg,320
AMLdataset/release/images_augmentation\aug_0_images_1732.jpg,320
AMLdataset/release/images_augmentation\aug_1_images_1732.jpg,320
AMLdataset/release/images\images_1733.jpg,320
AMLdataset/release/images_augmentation\aug_0_images_1733.jpg,320
AMLdataset/release/images_augmentation\aug_1_images_1733.jpg,320
AMLdataset/release/images\images_1734.jpg,320
AMLdataset/release/images_augmentation\aug_0_images_1734.jpg,320
AMLdataset/release/images_augmentation\aug_1_images_1734.jpg,320
AMLdataset/release/images\images_1735.jpg,320
AMLdataset/release/images_augmentation\aug_0_images_1735.jpg,320
AMLdataset/release/images_augmentation\aug_1_images_1735.jpg,320
AMLdataset/release/images\images_1736.jpg,320
AMLdataset/release/images_augmentation\aug_0_images_1736.jpg,320
AMLdataset/release/images_augmentation\aug_1_images_1736.jpg,320
AMLdataset/release/images\images_1737.jpg,320
AMLdataset/release/images_augmentation\aug_0_images_1737.jpg,320
AMLdataset/release/images_augmentation\aug_1_images_1737.jpg,320
AMLdataset/release/images\images_1738.jpg,320
AMLdataset/release/images_augmentation\aug_0_images_1738.jpg,320
AMLdataset/release/images_augmentation\aug_1_images_1738.jpg,320
AMLdataset/release/images\images_1739.jpg,320
AMLdataset/release/images_augmentation\aug_0_images_1739.jpg,320
AMLdataset/release/images_augmentation\aug_1_images_1739.jpg,320
AMLdataset/release/images\images_1740.jpg,320
AMLdataset/release/images_augmentation\aug_0_images_1740.jpg,320
AMLdataset/release/images_augmentation\aug_1_images_1740.jpg,320
AMLdataset/release/images\images_1741.jpg,175
AMLdataset/release/images_augmentation\aug_0_images_1741.jpg,175
AMLdataset/release/images_augmentation\aug_1_images_1741.jpg,175
AMLdataset/release/images\images_1742.jpg,175
AMLdataset/release/images_augmentation\aug_0_images_1742.jpg,175
AMLdataset/release/images_augmentation\aug_1_images_1742.jpg,175
AMLdataset/release/images\images_1743.jpg,175
AMLdataset/release/images_augmentation\aug_0_images_1743.jpg,175
AMLdataset/release/images_augmentation\aug_1_images_1743.jpg,175
AMLdataset/release/images\images_1744.jpg,175
AMLdataset/release/images_augmentation\aug_0_images_1744.jpg,175
AMLdataset/release/images_augmentation\aug_1_images_1744.jpg,175
AMLdataset/release/images\images_1745.jpg,175
AMLdataset/release/images_augmentation\aug_0_images_1745.jpg,175
AMLdataset/release/images_augmentation\aug_1_images_1745.jpg,175
AMLdataset/release/images\images_1746.jpg,175
AMLdataset/release/images_augmentation\aug_0_images_1746.jpg,175
AMLdataset/release/images_augmentation\aug_1_images_1746.jpg,175
AMLdataset/release/images\images_1747.jpg,175
AMLdataset/release/images_augmentation\aug_0_images_1747.jpg,175
AMLdataset/release/images_augmentation\aug_1_images_1747.jpg,175
AMLdataset/release/images\images_1748.jpg,175
AMLdataset/release/images_augmentation\aug_0_images_1748.jpg,175
AMLdataset/release/images_augmentation\aug_1_images_1748.jpg,175
AMLdataset/release/images\images_1749.jpg,175
AMLdataset/release/images_augmentation\aug_0_images_1749.jpg,175
AMLdataset/release/images_augmentation\aug_1_images_1749.jpg,175
AMLdataset/release/images\images_1750.jpg,175
AMLdataset/release/images_augmentation\aug_0_images_1750.jpg,175
AMLdataset/release/images_augmentation\aug_1_images_1750.jpg,175
AMLdataset/release/images\images_1751.jpg,175
AMLdataset/release/images_augmentation\aug_0_images_1751.jpg,175
AMLdataset/release/images_augmentation\aug_1_images_1751.jpg,175
AMLdataset/release/images\images_1752.jpg,175
AMLdataset/release/images_augmentation\aug_0_images_1752.jpg,175
AMLdataset/release/images_augmentation\aug_1_images_1752.jpg,175
AMLdataset/release/images\images_1753.jpg,175
AMLdataset/release/images_augmentation\aug_0_images_1753.jpg,175
AMLdataset/release/images_augmentation\aug_1_images_1753.jpg,175
AMLdataset/release/images\images_1754.jpg,175
AMLdataset/release/images_augmentation\aug_0_images_1754.jpg,175
AMLdataset/release/images_augmentation\aug_1_images_1754.jpg,175
AMLdataset/release/images\images_1755.jpg,175
AMLdataset/release/images_augmentation\aug_0_images_1755.jpg,175
AMLdataset/release/images_augmentation\aug_1_images_1755.jpg,175
AMLdataset/release/images\images_1756.jpg,175
AMLdataset/release/images_augmentation\aug_0_images_1756.jpg,175
AMLdataset/release/images_augmentation\aug_1_images_1756.jpg,175
AMLdataset/release/images\images_1757.jpg,175
AMLdataset/release/images_augmentation\aug_0_images_1757.jpg,175
AMLdataset/release/images_augmentation\aug_1_images_1757.jpg,175
AMLdataset/release/images\images_1758.jpg,175
AMLdataset/release/images_augmentation\aug_0_images_1758.jpg,175
AMLdataset/release/images_augmentation\aug_1_images_1758.jpg,175
AMLdataset/release/images\images_1759.jpg,175
AMLdataset/release/images_augmentation\aug_0_images_1759.jpg,175
AMLdataset/release/images_augmentation\aug_1_images_1759.jpg,175
AMLdataset/release/images\images_1760.jpg,175
AMLdataset/release/images_augmentation\aug_0_images_1760.jpg,175
AMLdataset/release/images_augmentation\aug_1_images_1760.jpg,175
AMLdataset/release/images\images_1761.jpg,265
AMLdataset/release/images_augmentation\aug_0_images_1761.jpg,265
AMLdataset/release/images_augmentation\aug_1_images_1761.jpg,265
AMLdataset/release/images\images_1762.jpg,265
AMLdataset/release/images_augmentation\aug_0_images_1762.jpg,265
AMLdataset/release/images_augmentation\aug_1_images_1762.jpg,265
AMLdataset/release/images\images_1763.jpg,265
AMLdataset/release/images_augmentation\aug_0_images_1763.jpg,265
AMLdataset/release/images_augmentation\aug_1_images_1763.jpg,265
AMLdataset/release/images\images_1764.jpg,265
AMLdataset/release/images_augmentation\aug_0_images_1764.jpg,265
AMLdataset/release/images_augmentation\aug_1_images_1764.jpg,265
AMLdataset/release/images\images_1765.jpg,265
AMLdataset/release/images_augmentation\aug_0_images_1765.jpg,265
AMLdataset/release/images_augmentation\aug_1_images_1765.jpg,265
AMLdataset/release/images\images_1766.jpg,265
AMLdataset/release/images_augmentation\aug_0_images_1766.jpg,265
AMLdataset/release/images_augmentation\aug_1_images_1766.jpg,265
AMLdataset/release/images\images_1767.jpg,265
AMLdataset/release/images_augmentation\aug_0_images_1767.jpg,265
AMLdataset/release/images_augmentation\aug_1_images_1767.jpg,265
AMLdataset/release/images\images_1768.jpg,265
AMLdataset/release/images_augmentation\aug_0_images_1768.jpg,265
AMLdataset/release/images_augmentation\aug_1_images_1768.jpg,265
AMLdataset/release/images\images_1769.jpg,265
AMLdataset/release/images_augmentation\aug_0_images_1769.jpg,265
AMLdataset/release/images_augmentation\aug_1_images_1769.jpg,265
AMLdataset/release/images\images_1770.jpg,265
AMLdataset/release/images_augmentation\aug_0_images_1770.jpg,265
AMLdataset/release/images_augmentation\aug_1_images_1770.jpg,265
AMLdataset/release/images\images_1771.jpg,265
AMLdataset/release/images_augmentation\aug_0_images_1771.jpg,265
AMLdataset/release/images_augmentation\aug_1_images_1771.jpg,265
AMLdataset/release/images\images_1772.jpg,265
AMLdataset/release/images_augmentation\aug_0_images_1772.jpg,265
AMLdataset/release/images_augmentation\aug_1_images_1772.jpg,265
AMLdataset/release/images\images_1773.jpg,265
AMLdataset/release/images_augmentation\aug_0_images_1773.jpg,265
AMLdataset/release/images_augmentation\aug_1_images_1773.jpg,265
AMLdataset/release/images\images_1774.jpg,265
AMLdataset/release/images_augmentation\aug_0_images_1774.jpg,265
AMLdataset/release/images_augmentation\aug_1_images_1774.jpg,265
AMLdataset/release/images\images_1775.jpg,265
AMLdataset/release/images_augmentation\aug_0_images_1775.jpg,265
AMLdataset/release/images_augmentation\aug_1_images_1775.jpg,265
AMLdataset/release/images\images_1776.jpg,265
AMLdataset/release/images_augmentation\aug_0_images_1776.jpg,265
AMLdataset/release/images_augmentation\aug_1_images_1776.jpg,265
AMLdataset/release/images\images_1777.jpg,265
AMLdataset/release/images_augmentation\aug_0_images_1777.jpg,265
AMLdataset/release/images_augmentation\aug_1_images_1777.jpg,265
AMLdataset/release/images\images_1778.jpg,265
AMLdataset/release/images_augmentation\aug_0_images_1778.jpg,265
AMLdataset/release/images_augmentation\aug_1_images_1778.jpg,265
AMLdataset/release/images\images_1779.jpg,265
AMLdataset/release/images_augmentation\aug_0_images_1779.jpg,265
AMLdataset/release/images_augmentation\aug_1_images_1779.jpg,265
AMLdataset/release/images\images_1780.jpg,265
AMLdataset/release/images_augmentation\aug_0_images_1780.jpg,265
AMLdataset/release/images_augmentation\aug_1_images_1780.jpg,265
AMLdataset/release/images\images_1781.jpg,297
AMLdataset/release/images_augmentation\aug_0_images_1781.jpg,297
AMLdataset/release/images_augmentation\aug_1_images_1781.jpg,297
AMLdataset/release/images\images_1782.jpg,297
AMLdataset/release/images_augmentation\aug_0_images_1782.jpg,297
AMLdataset/release/images_augmentation\aug_1_images_1782.jpg,297
AMLdataset/release/images\images_1783.jpg,297
AMLdataset/release/images_augmentation\aug_0_images_1783.jpg,297
AMLdataset/release/images_augmentation\aug_1_images_1783.jpg,297
AMLdataset/release/images\images_1784.jpg,297
AMLdataset/release/images_augmentation\aug_0_images_1784.jpg,297
AMLdataset/release/images_augmentation\aug_1_images_1784.jpg,297
AMLdataset/release/images\images_1785.jpg,297
AMLdataset/release/images_augmentation\aug_0_images_1785.jpg,297
AMLdataset/release/images_augmentation\aug_1_images_1785.jpg,297
AMLdataset/release/images\images_1786.jpg,297
AMLdataset/release/images_augmentation\aug_0_images_1786.jpg,297
AMLdataset/release/images_augmentation\aug_1_images_1786.jpg,297
AMLdataset/release/images\images_1787.jpg,297
AMLdataset/release/images_augmentation\aug_0_images_1787.jpg,297
AMLdataset/release/images_augmentation\aug_1_images_1787.jpg,297
AMLdataset/release/images\images_1788.jpg,297
AMLdataset/release/images_augmentation\aug_0_images_1788.jpg,297
AMLdataset/release/images_augmentation\aug_1_images_1788.jpg,297
AMLdataset/release/images\images_1789.jpg,297
AMLdataset/release/images_augmentation\aug_0_images_1789.jpg,297
AMLdataset/release/images_augmentation\aug_1_images_1789.jpg,297
AMLdataset/release/images\images_1790.jpg,297
AMLdataset/release/images_augmentation\aug_0_images_1790.jpg,297
AMLdataset/release/images_augmentation\aug_1_images_1790.jpg,297
AMLdataset/release/images\images_1791.jpg,297
AMLdataset/release/images_augmentation\aug_0_images_1791.jpg,297
AMLdataset/release/images_augmentation\aug_1_images_1791.jpg,297
AMLdataset/release/images\images_1792.jpg,297
AMLdataset/release/images_augmentation\aug_0_images_1792.jpg,297
AMLdataset/release/images_augmentation\aug_1_images_1792.jpg,297
AMLdataset/release/images\images_1793.jpg,297
AMLdataset/release/images_augmentation\aug_0_images_1793.jpg,297
AMLdataset/release/images_augmentation\aug_1_images_1793.jpg,297
AMLdataset/release/images\images_1794.jpg,297
AMLdataset/release/images_augmentation\aug_0_images_1794.jpg,297
AMLdataset/release/images_augmentation\aug_1_images_1794.jpg,297
AMLdataset/release/images\images_1795.jpg,297
AMLdataset/release/images_augmentation\aug_0_images_1795.jpg,297
AMLdataset/release/images_augmentation\aug_1_images_1795.jpg,297
AMLdataset/release/images\images_1796.jpg,297
AMLdataset/release/images_augmentation\aug_0_images_1796.jpg,297
AMLdataset/release/images_augmentation\aug_1_images_1796.jpg,297
AMLdataset/release/images\images_1797.jpg,297
AMLdataset/release/images_augmentation\aug_0_images_1797.jpg,297
AMLdataset/release/images_augmentation\aug_1_images_1797.jpg,297
AMLdataset/release/images\images_1798.jpg,297
AMLdataset/release/images_augmentation\aug_0_images_1798.jpg,297
AMLdataset/release/images_augmentation\aug_1_images_1798.jpg,297
AMLdataset/release/images\images_1799.jpg,297
AMLdataset/release/images_augmentation\aug_0_images_1799.jpg,297
AMLdataset/release/images_augmentation\aug_1_images_1799.jpg,297
AMLdataset/release/images\images_1800.jpg,297
AMLdataset/release/images_augmentation\aug_0_images_1800.jpg,297
AMLdataset/release/images_augmentation\aug_1_images_1800.jpg,297
AMLdataset/release/images\images_1801.jpg,162
AMLdataset/release/images_augmentation\aug_0_images_1801.jpg,162
AMLdataset/release/images_augmentation\aug_1_images_1801.jpg,162
AMLdataset/release/images\images_1802.jpg,162
AMLdataset/release/images_augmentation\aug_0_images_1802.jpg,162
AMLdataset/release/images_augmentation\aug_1_images_1802.jpg,162
AMLdataset/release/images\images_1803.jpg,162
AMLdataset/release/images_augmentation\aug_0_images_1803.jpg,162
AMLdataset/release/images_augmentation\aug_1_images_1803.jpg,162
AMLdataset/release/images\images_1804.jpg,162
AMLdataset/release/images_augmentation\aug_0_images_1804.jpg,162
AMLdataset/release/images_augmentation\aug_1_images_1804.jpg,162
AMLdataset/release/images\images_1805.jpg,162
AMLdataset/release/images_augmentation\aug_0_images_1805.jpg,162
AMLdataset/release/images_augmentation\aug_1_images_1805.jpg,162
AMLdataset/release/images\images_1806.jpg,162
AMLdataset/release/images_augmentation\aug_0_images_1806.jpg,162
AMLdataset/release/images_augmentation\aug_1_images_1806.jpg,162
AMLdataset/release/images\images_1807.jpg,162
AMLdataset/release/images_augmentation\aug_0_images_1807.jpg,162
AMLdataset/release/images_augmentation\aug_1_images_1807.jpg,162
AMLdataset/release/images\images_1808.jpg,162
AMLdataset/release/images_augmentation\aug_0_images_1808.jpg,162
AMLdataset/release/images_augmentation\aug_1_images_1808.jpg,162
AMLdataset/release/images\images_1809.jpg,162
AMLdataset/release/images_augmentation\aug_0_images_1809.jpg,162
AMLdataset/release/images_augmentation\aug_1_images_1809.jpg,162
AMLdataset/release/images\images_1810.jpg,162
AMLdataset/release/images_augmentation\aug_0_images_1810.jpg,162
AMLdataset/release/images_augmentation\aug_1_images_1810.jpg,162
AMLdataset/release/images\images_1811.jpg,162
AMLdataset/release/images_augmentation\aug_0_images_1811.jpg,162
AMLdataset/release/images_augmentation\aug_1_images_1811.jpg,162
AMLdataset/release/images\images_1812.jpg,162
AMLdataset/release/images_augmentation\aug_0_images_1812.jpg,162
AMLdataset/release/images_augmentation\aug_1_images_1812.jpg,162
AMLdataset/release/images\images_1813.jpg,162
AMLdataset/release/images_augmentation\aug_0_images_1813.jpg,162
AMLdataset/release/images_augmentation\aug_1_images_1813.jpg,162
AMLdataset/release/images\images_1814.jpg,162
AMLdataset/release/images_augmentation\aug_0_images_1814.jpg,162
AMLdataset/release/images_augmentation\aug_1_images_1814.jpg,162
AMLdataset/release/images\images_1815.jpg,162
AMLdataset/release/images_augmentation\aug_0_images_1815.jpg,162
AMLdataset/release/images_augmentation\aug_1_images_1815.jpg,162
AMLdataset/release/images\images_1816.jpg,162
AMLdataset/release/images_augmentation\aug_0_images_1816.jpg,162
AMLdataset/release/images_augmentation\aug_1_images_1816.jpg,162
AMLdataset/release/images\images_1817.jpg,162
AMLdataset/release/images_augmentation\aug_0_images_1817.jpg,162
AMLdataset/release/images_augmentation\aug_1_images_1817.jpg,162
AMLdataset/release/images\images_1818.jpg,162
AMLdataset/release/images_augmentation\aug_0_images_1818.jpg,162
AMLdataset/release/images_augmentation\aug_1_images_1818.jpg,162
AMLdataset/release/images\images_1819.jpg,162
AMLdataset/release/images_augmentation\aug_0_images_1819.jpg,162
AMLdataset/release/images_augmentation\aug_1_images_1819.jpg,162
AMLdataset/release/images\images_1820.jpg,162
AMLdataset/release/images_augmentation\aug_0_images_1820.jpg,162
AMLdataset/release/images_augmentation\aug_1_images_1820.jpg,162
AMLdataset/release/images\images_1821.jpg,11
AMLdataset/release/images_augmentation\aug_0_images_1821.jpg,11
AMLdataset/release/images_augmentation\aug_1_images_1821.jpg,11
AMLdataset/release/images\images_1822.jpg,11
AMLdataset/release/images_augmentation\aug_0_images_1822.jpg,11
AMLdataset/release/images_augmentation\aug_1_images_1822.jpg,11
AMLdataset/release/images\images_1823.jpg,11
AMLdataset/release/images_augmentation\aug_0_images_1823.jpg,11
AMLdataset/release/images_augmentation\aug_1_images_1823.jpg,11
AMLdataset/release/images\images_1824.jpg,11
AMLdataset/release/images_augmentation\aug_0_images_1824.jpg,11
AMLdataset/release/images_augmentation\aug_1_images_1824.jpg,11
AMLdataset/release/images\images_1825.jpg,11
AMLdataset/release/images_augmentation\aug_0_images_1825.jpg,11
AMLdataset/release/images_augmentation\aug_1_images_1825.jpg,11
AMLdataset/release/images\images_1826.jpg,11
AMLdataset/release/images_augmentation\aug_0_images_1826.jpg,11
AMLdataset/release/images_augmentation\aug_1_images_1826.jpg,11
AMLdataset/release/images\images_1827.jpg,11
AMLdataset/release/images_augmentation\aug_0_images_1827.jpg,11
AMLdataset/release/images_augmentation\aug_1_images_1827.jpg,11
AMLdataset/release/images\images_1828.jpg,11
AMLdataset/release/images_augmentation\aug_0_images_1828.jpg,11
AMLdataset/release/images_augmentation\aug_1_images_1828.jpg,11
AMLdataset/release/images\images_1829.jpg,11
AMLdataset/release/images_augmentation\aug_0_images_1829.jpg,11
AMLdataset/release/images_augmentation\aug_1_images_1829.jpg,11
AMLdataset/release/images\images_1830.jpg,11
AMLdataset/release/images_augmentation\aug_0_images_1830.jpg,11
AMLdataset/release/images_augmentation\aug_1_images_1830.jpg,11
AMLdataset/release/images\images_1831.jpg,11
AMLdataset/release/images_augmentation\aug_0_images_1831.jpg,11
AMLdataset/release/images_augmentation\aug_1_images_1831.jpg,11
AMLdataset/release/images\images_1832.jpg,11
AMLdataset/release/images_augmentation\aug_0_images_1832.jpg,11
AMLdataset/release/images_augmentation\aug_1_images_1832.jpg,11
AMLdataset/release/images\images_1833.jpg,11
AMLdataset/release/images_augmentation\aug_0_images_1833.jpg,11
AMLdataset/release/images_augmentation\aug_1_images_1833.jpg,11
AMLdataset/release/images\images_1834.jpg,11
AMLdataset/release/images_augmentation\aug_0_images_1834.jpg,11
AMLdataset/release/images_augmentation\aug_1_images_1834.jpg,11
AMLdataset/release/images\images_1835.jpg,11
AMLdataset/release/images_augmentation\aug_0_images_1835.jpg,11
AMLdataset/release/images_augmentation\aug_1_images_1835.jpg,11
AMLdataset/release/images\images_1836.jpg,11
AMLdataset/release/images_augmentation\aug_0_images_1836.jpg,11
AMLdataset/release/images_augmentation\aug_1_images_1836.jpg,11
AMLdataset/release/images\images_1837.jpg,11
AMLdataset/release/images_augmentation\aug_0_images_1837.jpg,11
AMLdataset/release/images_augmentation\aug_1_images_1837.jpg,11
AMLdataset/release/images\images_1838.jpg,11
AMLdataset/release/images_augmentation\aug_0_images_1838.jpg,11
AMLdataset/release/images_augmentation\aug_1_images_1838.jpg,11
AMLdataset/release/images\images_1839.jpg,11
AMLdataset/release/images_augmentation\aug_0_images_1839.jpg,11
AMLdataset/release/images_augmentation\aug_1_images_1839.jpg,11
AMLdataset/release/images\images_1840.jpg,11
AMLdataset/release/images_augmentation\aug_0_images_1840.jpg,11
AMLdataset/release/images_augmentation\aug_1_images_1840.jpg,11
AMLdataset/release/images\images_1841.jpg,151
AMLdataset/release/images_augmentation\aug_0_images_1841.jpg,151
AMLdataset/release/images_augmentation\aug_1_images_1841.jpg,151
AMLdataset/release/images\images_1842.jpg,151
AMLdataset/release/images_augmentation\aug_0_images_1842.jpg,151
AMLdataset/release/images_augmentation\aug_1_images_1842.jpg,151
AMLdataset/release/images\images_1843.jpg,151
AMLdataset/release/images_augmentation\aug_0_images_1843.jpg,151
AMLdataset/release/images_augmentation\aug_1_images_1843.jpg,151
AMLdataset/release/images\images_1844.jpg,151
AMLdataset/release/images_augmentation\aug_0_images_1844.jpg,151
AMLdataset/release/images_augmentation\aug_1_images_1844.jpg,151
AMLdataset/release/images\images_1845.jpg,151
AMLdataset/release/images_augmentation\aug_0_images_1845.jpg,151
AMLdataset/release/images_augmentation\aug_1_images_1845.jpg,151
AMLdataset/release/images\images_1846.jpg,151
AMLdataset/release/images_augmentation\aug_0_images_1846.jpg,151
AMLdataset/release/images_augmentation\aug_1_images_1846.jpg,151
AMLdataset/release/images\images_1847.jpg,151
AMLdataset/release/images_augmentation\aug_0_images_1847.jpg,151
AMLdataset/release/images_augmentation\aug_1_images_1847.jpg,151
AMLdataset/release/images\images_1848.jpg,151
AMLdataset/release/images_augmentation\aug_0_images_1848.jpg,151
AMLdataset/release/images_augmentation\aug_1_images_1848.jpg,151
AMLdataset/release/images\images_1849.jpg,151
AMLdataset/release/images_augmentation\aug_0_images_1849.jpg,151
AMLdataset/release/images_augmentation\aug_1_images_1849.jpg,151
AMLdataset/release/images\images_1850.jpg,151
AMLdataset/release/images_augmentation\aug_0_images_1850.jpg,151
AMLdataset/release/images_augmentation\aug_1_images_1850.jpg,151
AMLdataset/release/images\images_1851.jpg,151
AMLdataset/release/images_augmentation\aug_0_images_1851.jpg,151
AMLdataset/release/images_augmentation\aug_1_images_1851.jpg,151
AMLdataset/release/images\images_1852.jpg,151
AMLdataset/release/images_augmentation\aug_0_images_1852.jpg,151
AMLdataset/release/images_augmentation\aug_1_images_1852.jpg,151
AMLdataset/release/images\images_1853.jpg,151
AMLdataset/release/images_augmentation\aug_0_images_1853.jpg,151
AMLdataset/release/images_augmentation\aug_1_images_1853.jpg,151
AMLdataset/release/images\images_1854.jpg,151
AMLdataset/release/images_augmentation\aug_0_images_1854.jpg,151
AMLdataset/release/images_augmentation\aug_1_images_1854.jpg,151
AMLdataset/release/images\images_1855.jpg,151
AMLdataset/release/images_augmentation\aug_0_images_1855.jpg,151
AMLdataset/release/images_augmentation\aug_1_images_1855.jpg,151
AMLdataset/release/images\images_1856.jpg,151
AMLdataset/release/images_augmentation\aug_0_images_1856.jpg,151
AMLdataset/release/images_augmentation\aug_1_images_1856.jpg,151
AMLdataset/release/images\images_1857.jpg,151
AMLdataset/release/images_augmentation\aug_0_images_1857.jpg,151
AMLdataset/release/images_augmentation\aug_1_images_1857.jpg,151
AMLdataset/release/images\images_1858.jpg,151
AMLdataset/release/images_augmentation\aug_0_images_1858.jpg,151
AMLdataset/release/images_augmentation\aug_1_images_1858.jpg,151
AMLdataset/release/images\images_1859.jpg,151
AMLdataset/release/images_augmentation\aug_0_images_1859.jpg,151
AMLdataset/release/images_augmentation\aug_1_images_1859.jpg,151
AMLdataset/release/images\images_1860.jpg,151
AMLdataset/release/images_augmentation\aug_0_images_1860.jpg,151
AMLdataset/release/images_augmentation\aug_1_images_1860.jpg,151
AMLdataset/release/images\images_1861.jpg,69
AMLdataset/release/images_augmentation\aug_0_images_1861.jpg,69
AMLdataset/release/images_augmentation\aug_1_images_1861.jpg,69
AMLdataset/release/images\images_1862.jpg,69
AMLdataset/release/images_augmentation\aug_0_images_1862.jpg,69
AMLdataset/release/images_augmentation\aug_1_images_1862.jpg,69
AMLdataset/release/images\images_1863.jpg,69
AMLdataset/release/images_augmentation\aug_0_images_1863.jpg,69
AMLdataset/release/images_augmentation\aug_1_images_1863.jpg,69
AMLdataset/release/images\images_1864.jpg,69
AMLdataset/release/images_augmentation\aug_0_images_1864.jpg,69
AMLdataset/release/images_augmentation\aug_1_images_1864.jpg,69
AMLdataset/release/images\images_1865.jpg,69
AMLdataset/release/images_augmentation\aug_0_images_1865.jpg,69
AMLdataset/release/images_augmentation\aug_1_images_1865.jpg,69
AMLdataset/release/images\images_1866.jpg,69
AMLdataset/release/images_augmentation\aug_0_images_1866.jpg,69
AMLdataset/release/images_augmentation\aug_1_images_1866.jpg,69
AMLdataset/release/images\images_1867.jpg,69
AMLdataset/release/images_augmentation\aug_0_images_1867.jpg,69
AMLdataset/release/images_augmentation\aug_1_images_1867.jpg,69
AMLdataset/release/images\images_1868.jpg,69
AMLdataset/release/images_augmentation\aug_0_images_1868.jpg,69
AMLdataset/release/images_augmentation\aug_1_images_1868.jpg,69
AMLdataset/release/images\images_1869.jpg,69
AMLdataset/release/images_augmentation\aug_0_images_1869.jpg,69
AMLdataset/release/images_augmentation\aug_1_images_1869.jpg,69
AMLdataset/release/images\images_1870.jpg,69
AMLdataset/release/images_augmentation\aug_0_images_1870.jpg,69
AMLdataset/release/images_augmentation\aug_1_images_1870.jpg,69
AMLdataset/release/images\images_1871.jpg,69
AMLdataset/release/images_augmentation\aug_0_images_1871.jpg,69
AMLdataset/release/images_augmentation\aug_1_images_1871.jpg,69
AMLdataset/release/images\images_1872.jpg,69
AMLdataset/release/images_augmentation\aug_0_images_1872.jpg,69
AMLdataset/release/images_augmentation\aug_1_images_1872.jpg,69
AMLdataset/release/images\images_1873.jpg,69
AMLdataset/release/images_augmentation\aug_0_images_1873.jpg,69
AMLdataset/release/images_augmentation\aug_1_images_1873.jpg,69
AMLdataset/release/images\images_1874.jpg,69
AMLdataset/release/images_augmentation\aug_0_images_1874.jpg,69
AMLdataset/release/images_augmentation\aug_1_images_1874.jpg,69
AMLdataset/release/images\images_1875.jpg,69
AMLdataset/release/images_augmentation\aug_0_images_1875.jpg,69
AMLdataset/release/images_augmentation\aug_1_images_1875.jpg,69
AMLdataset/release/images\images_1876.jpg,69
AMLdataset/release/images_augmentation\aug_0_images_1876.jpg,69
AMLdataset/release/images_augmentation\aug_1_images_1876.jpg,69
AMLdataset/release/images\images_1877.jpg,69
AMLdataset/release/images_augmentation\aug_0_images_1877.jpg,69
AMLdataset/release/images_augmentation\aug_1_images_1877.jpg,69
AMLdataset/release/images\images_1878.jpg,69
AMLdataset/release/images_augmentation\aug_0_images_1878.jpg,69
AMLdataset/release/images_augmentation\aug_1_images_1878.jpg,69
AMLdataset/release/images\images_1879.jpg,69
AMLdataset/release/images_augmentation\aug_0_images_1879.jpg,69
AMLdataset/release/images_augmentation\aug_1_images_1879.jpg,69
AMLdataset/release/images\images_1880.jpg,69
AMLdataset/release/images_augmentation\aug_0_images_1880.jpg,69
AMLdataset/release/images_augmentation\aug_1_images_1880.jpg,69
AMLdataset/release/images\images_1881.jpg,120
AMLdataset/release/images_augmentation\aug_0_images_1881.jpg,120
AMLdataset/release/images_augmentation\aug_1_images_1881.jpg,120
AMLdataset/release/images\images_1882.jpg,120
AMLdataset/release/images_augmentation\aug_0_images_1882.jpg,120
AMLdataset/release/images_augmentation\aug_1_images_1882.jpg,120
AMLdataset/release/images\images_1883.jpg,120
AMLdataset/release/images_augmentation\aug_0_images_1883.jpg,120
AMLdataset/release/images_augmentation\aug_1_images_1883.jpg,120
AMLdataset/release/images\images_1884.jpg,120
AMLdataset/release/images_augmentation\aug_0_images_1884.jpg,120
AMLdataset/release/images_augmentation\aug_1_images_1884.jpg,120
AMLdataset/release/images\images_1885.jpg,120
AMLdataset/release/images_augmentation\aug_0_images_1885.jpg,120
AMLdataset/release/images_augmentation\aug_1_images_1885.jpg,120
AMLdataset/release/images\images_1886.jpg,120
AMLdataset/release/images_augmentation\aug_0_images_1886.jpg,120
AMLdataset/release/images_augmentation\aug_1_images_1886.jpg,120
AMLdataset/release/images\images_1887.jpg,120
AMLdataset/release/images_augmentation\aug_0_images_1887.jpg,120
AMLdataset/release/images_augmentation\aug_1_images_1887.jpg,120
AMLdataset/release/images\images_1888.jpg,120
AMLdataset/release/images_augmentation\aug_0_images_1888.jpg,120
AMLdataset/release/images_augmentation\aug_1_images_1888.jpg,120
AMLdataset/release/images\images_1889.jpg,120
AMLdataset/release/images_augmentation\aug_0_images_1889.jpg,120
AMLdataset/release/images_augmentation\aug_1_images_1889.jpg,120
AMLdataset/release/images\images_1890.jpg,120
AMLdataset/release/images_augmentation\aug_0_images_1890.jpg,120
AMLdataset/release/images_augmentation\aug_1_images_1890.jpg,120
AMLdataset/release/images\images_1891.jpg,120
AMLdataset/release/images_augmentation\aug_0_images_1891.jpg,120
AMLdataset/release/images_augmentation\aug_1_images_1891.jpg,120
AMLdataset/release/images\images_1892.jpg,120
AMLdataset/release/images_augmentation\aug_0_images_1892.jpg,120
AMLdataset/release/images_augmentation\aug_1_images_1892.jpg,120
AMLdataset/release/images\images_1893.jpg,120
AMLdataset/release/images_augmentation\aug_0_images_1893.jpg,120
AMLdataset/release/images_augmentation\aug_1_images_1893.jpg,120
AMLdataset/release/images\images_1894.jpg,120
AMLdataset/release/images_augmentation\aug_0_images_1894.jpg,120
AMLdataset/release/images_augmentation\aug_1_images_1894.jpg,120
AMLdataset/release/images\images_1895.jpg,120
AMLdataset/release/images_augmentation\aug_0_images_1895.jpg,120
AMLdataset/release/images_augmentation\aug_1_images_1895.jpg,120
AMLdataset/release/images\images_1896.jpg,120
AMLdataset/release/images_augmentation\aug_0_images_1896.jpg,120
AMLdataset/release/images_augmentation\aug_1_images_1896.jpg,120
AMLdataset/release/images\images_1897.jpg,120
AMLdataset/release/images_augmentation\aug_0_images_1897.jpg,120
AMLdataset/release/images_augmentation\aug_1_images_1897.jpg,120
AMLdataset/release/images\images_1898.jpg,120
AMLdataset/release/images_augmentation\aug_0_images_1898.jpg,120
AMLdataset/release/images_augmentation\aug_1_images_1898.jpg,120
AMLdataset/release/images\images_1899.jpg,120
AMLdataset/release/images_augmentation\aug_0_images_1899.jpg,120
AMLdataset/release/images_augmentation\aug_1_images_1899.jpg,120
AMLdataset/release/images\images_1900.jpg,120
AMLdataset/release/images_augmentation\aug_0_images_1900.jpg,120
AMLdataset/release/images_augmentation\aug_1_images_1900.jpg,120
AMLdataset/release/images\images_1901.jpg,122
AMLdataset/release/images_augmentation\aug_0_images_1901.jpg,122
AMLdataset/release/images_augmentation\aug_1_images_1901.jpg,122
AMLdataset/release/images\images_1902.jpg,122
AMLdataset/release/images_augmentation\aug_0_images_1902.jpg,122
AMLdataset/release/images_augmentation\aug_1_images_1902.jpg,122
AMLdataset/release/images\images_1903.jpg,122
AMLdataset/release/images_augmentation\aug_0_images_1903.jpg,122
AMLdataset/release/images_augmentation\aug_1_images_1903.jpg,122
AMLdataset/release/images\images_1904.jpg,122
AMLdataset/release/images_augmentation\aug_0_images_1904.jpg,122
AMLdataset/release/images_augmentation\aug_1_images_1904.jpg,122
AMLdataset/release/images\images_1905.jpg,122
AMLdataset/release/images_augmentation\aug_0_images_1905.jpg,122
AMLdataset/release/images_augmentation\aug_1_images_1905.jpg,122
AMLdataset/release/images\images_1906.jpg,122
AMLdataset/release/images_augmentation\aug_0_images_1906.jpg,122
AMLdataset/release/images_augmentation\aug_1_images_1906.jpg,122
AMLdataset/release/images\images_1907.jpg,122
AMLdataset/release/images_augmentation\aug_0_images_1907.jpg,122
AMLdataset/release/images_augmentation\aug_1_images_1907.jpg,122
AMLdataset/release/images\images_1908.jpg,122
AMLdataset/release/images_augmentation\aug_0_images_1908.jpg,122
AMLdataset/release/images_augmentation\aug_1_images_1908.jpg,122
AMLdataset/release/images\images_1909.jpg,122
AMLdataset/release/images_augmentation\aug_0_images_1909.jpg,122
AMLdataset/release/images_augmentation\aug_1_images_1909.jpg,122
AMLdataset/release/images\images_1910.jpg,122
AMLdataset/release/images_augmentation\aug_0_images_1910.jpg,122
AMLdataset/release/images_augmentation\aug_1_images_1910.jpg,122
AMLdataset/release/images\images_1911.jpg,122
AMLdataset/release/images_augmentation\aug_0_images_1911.jpg,122
AMLdataset/release/images_augmentation\aug_1_images_1911.jpg,122
AMLdataset/release/images\images_1912.jpg,122
AMLdataset/release/images_augmentation\aug_0_images_1912.jpg,122
AMLdataset/release/images_augmentation\aug_1_images_1912.jpg,122
AMLdataset/release/images\images_1913.jpg,122
AMLdataset/release/images_augmentation\aug_0_images_1913.jpg,122
AMLdataset/release/images_augmentation\aug_1_images_1913.jpg,122
AMLdataset/release/images\images_1914.jpg,122
AMLdataset/release/images_augmentation\aug_0_images_1914.jpg,122
AMLdataset/release/images_augmentation\aug_1_images_1914.jpg,122
AMLdataset/release/images\images_1915.jpg,122
AMLdataset/release/images_augmentation\aug_0_images_1915.jpg,122
AMLdataset/release/images_augmentation\aug_1_images_1915.jpg,122
AMLdataset/release/images\images_1916.jpg,122
AMLdataset/release/images_augmentation\aug_0_images_1916.jpg,122
AMLdataset/release/images_augmentation\aug_1_images_1916.jpg,122
AMLdataset/release/images\images_1917.jpg,122
AMLdataset/release/images_augmentation\aug_0_images_1917.jpg,122
AMLdataset/release/images_augmentation\aug_1_images_1917.jpg,122
AMLdataset/release/images\images_1918.jpg,122
AMLdataset/release/images_augmentation\aug_0_images_1918.jpg,122
AMLdataset/release/images_augmentation\aug_1_images_1918.jpg,122
AMLdataset/release/images\images_1919.jpg,122
AMLdataset/release/images_augmentation\aug_0_images_1919.jpg,122
AMLdataset/release/images_augmentation\aug_1_images_1919.jpg,122
AMLdataset/release/images\images_1920.jpg,122
AMLdataset/release/images_augmentation\aug_0_images_1920.jpg,122
AMLdataset/release/images_augmentation\aug_1_images_1920.jpg,122
AMLdataset/release/images\images_1921.jpg,118
AMLdataset/release/images_augmentation\aug_0_images_1921.jpg,118
AMLdataset/release/images_augmentation\aug_1_images_1921.jpg,118
AMLdataset/release/images\images_1922.jpg,118
AMLdataset/release/images_augmentation\aug_0_images_1922.jpg,118
AMLdataset/release/images_augmentation\aug_1_images_1922.jpg,118
AMLdataset/release/images\images_1923.jpg,118
AMLdataset/release/images_augmentation\aug_0_images_1923.jpg,118
AMLdataset/release/images_augmentation\aug_1_images_1923.jpg,118
AMLdataset/release/images\images_1924.jpg,118
AMLdataset/release/images_augmentation\aug_0_images_1924.jpg,118
AMLdataset/release/images_augmentation\aug_1_images_1924.jpg,118
AMLdataset/release/images\images_1925.jpg,118
AMLdataset/release/images_augmentation\aug_0_images_1925.jpg,118
AMLdataset/release/images_augmentation\aug_1_images_1925.jpg,118
AMLdataset/release/images\images_1926.jpg,118
AMLdataset/release/images_augmentation\aug_0_images_1926.jpg,118
AMLdataset/release/images_augmentation\aug_1_images_1926.jpg,118
AMLdataset/release/images\images_1927.jpg,118
AMLdataset/release/images_augmentation\aug_0_images_1927.jpg,118
AMLdataset/release/images_augmentation\aug_1_images_1927.jpg,118
AMLdataset/release/images\images_1928.jpg,118
AMLdataset/release/images_augmentation\aug_0_images_1928.jpg,118
AMLdataset/release/images_augmentation\aug_1_images_1928.jpg,118
AMLdataset/release/images\images_1929.jpg,118
AMLdataset/release/images_augmentation\aug_0_images_1929.jpg,118
AMLdataset/release/images_augmentation\aug_1_images_1929.jpg,118
AMLdataset/release/images\images_1930.jpg,118
AMLdataset/release/images_augmentation\aug_0_images_1930.jpg,118
AMLdataset/release/images_augmentation\aug_1_images_1930.jpg,118
AMLdataset/release/images\images_1931.jpg,118
AMLdataset/release/images_augmentation\aug_0_images_1931.jpg,118
AMLdataset/release/images_augmentation\aug_1_images_1931.jpg,118
AMLdataset/release/images\images_1932.jpg,118
AMLdataset/release/images_augmentation\aug_0_images_1932.jpg,118
AMLdataset/release/images_augmentation\aug_1_images_1932.jpg,118
AMLdataset/release/images\images_1933.jpg,118
AMLdataset/release/images_augmentation\aug_0_images_1933.jpg,118
AMLdataset/release/images_augmentation\aug_1_images_1933.jpg,118
AMLdataset/release/images\images_1934.jpg,118
AMLdataset/release/images_augmentation\aug_0_images_1934.jpg,118
AMLdataset/release/images_augmentation\aug_1_images_1934.jpg,118
AMLdataset/release/images\images_1935.jpg,118
AMLdataset/release/images_augmentation\aug_0_images_1935.jpg,118
AMLdataset/release/images_augmentation\aug_1_images_1935.jpg,118
AMLdataset/release/images\images_1936.jpg,118
AMLdataset/release/images_augmentation\aug_0_images_1936.jpg,118
AMLdataset/release/images_augmentation\aug_1_images_1936.jpg,118
AMLdataset/release/images\images_1937.jpg,118
AMLdataset/release/images_augmentation\aug_0_images_1937.jpg,118
AMLdataset/release/images_augmentation\aug_1_images_1937.jpg,118
AMLdataset/release/images\images_1938.jpg,118
AMLdataset/release/images_augmentation\aug_0_images_1938.jpg,118
AMLdataset/release/images_augmentation\aug_1_images_1938.jpg,118
AMLdataset/release/images\images_1939.jpg,118
AMLdataset/release/images_augmentation\aug_0_images_1939.jpg,118
AMLdataset/release/images_augmentation\aug_1_images_1939.jpg,118
AMLdataset/release/images\images_1940.jpg,118
AMLdataset/release/images_augmentation\aug_0_images_1940.jpg,118
AMLdataset/release/images_augmentation\aug_1_images_1940.jpg,118
AMLdataset/release/images\images_1941.jpg,259
AMLdataset/release/images_augmentation\aug_0_images_1941.jpg,259
AMLdataset/release/images_augmentation\aug_1_images_1941.jpg,259
AMLdataset/release/images\images_1942.jpg,259
AMLdataset/release/images_augmentation\aug_0_images_1942.jpg,259
AMLdataset/release/images_augmentation\aug_1_images_1942.jpg,259
AMLdataset/release/images\images_1943.jpg,259
AMLdataset/release/images_augmentation\aug_0_images_1943.jpg,259
AMLdataset/release/images_augmentation\aug_1_images_1943.jpg,259
AMLdataset/release/images\images_1944.jpg,259
AMLdataset/release/images_augmentation\aug_0_images_1944.jpg,259
AMLdataset/release/images_augmentation\aug_1_images_1944.jpg,259
AMLdataset/release/images\images_1945.jpg,259
AMLdataset/release/images_augmentation\aug_0_images_1945.jpg,259
AMLdataset/release/images_augmentation\aug_1_images_1945.jpg,259
AMLdataset/release/images\images_1946.jpg,259
AMLdataset/release/images_augmentation\aug_0_images_1946.jpg,259
AMLdataset/release/images_augmentation\aug_1_images_1946.jpg,259
AMLdataset/release/images\images_1947.jpg,259
AMLdataset/release/images_augmentation\aug_0_images_1947.jpg,259
AMLdataset/release/images_augmentation\aug_1_images_1947.jpg,259
AMLdataset/release/images\images_1948.jpg,259
AMLdataset/release/images_augmentation\aug_0_images_1948.jpg,259
AMLdataset/release/images_augmentation\aug_1_images_1948.jpg,259
AMLdataset/release/images\images_1949.jpg,259
AMLdataset/release/images_augmentation\aug_0_images_1949.jpg,259
AMLdataset/release/images_augmentation\aug_1_images_1949.jpg,259
AMLdataset/release/images\images_1950.jpg,259
AMLdataset/release/images_augmentation\aug_0_images_1950.jpg,259
AMLdataset/release/images_augmentation\aug_1_images_1950.jpg,259
AMLdataset/release/images\images_1951.jpg,259
AMLdataset/release/images_augmentation\aug_0_images_1951.jpg,259
AMLdataset/release/images_augmentation\aug_1_images_1951.jpg,259
AMLdataset/release/images\images_1952.jpg,259
AMLdataset/release/images_augmentation\aug_0_images_1952.jpg,259
AMLdataset/release/images_augmentation\aug_1_images_1952.jpg,259
AMLdataset/release/images\images_1953.jpg,259
AMLdataset/release/images_augmentation\aug_0_images_1953.jpg,259
AMLdataset/release/images_augmentation\aug_1_images_1953.jpg,259
AMLdataset/release/images\images_1954.jpg,259
AMLdataset/release/images_augmentation\aug_0_images_1954.jpg,259
AMLdataset/release/images_augmentation\aug_1_images_1954.jpg,259
AMLdataset/release/images\images_1955.jpg,259
AMLdataset/release/images_augmentation\aug_0_images_1955.jpg,259
AMLdataset/release/images_augmentation\aug_1_images_1955.jpg,259
AMLdataset/release/images\images_1956.jpg,259
AMLdataset/release/images_augmentation\aug_0_images_1956.jpg,259
AMLdataset/release/images_augmentation\aug_1_images_1956.jpg,259
AMLdataset/release/images\images_1957.jpg,259
AMLdataset/release/images_augmentation\aug_0_images_1957.jpg,259
AMLdataset/release/images_augmentation\aug_1_images_1957.jpg,259
AMLdataset/release/images\images_1958.jpg,259
AMLdataset/release/images_augmentation\aug_0_images_1958.jpg,259
AMLdataset/release/images_augmentation\aug_1_images_1958.jpg,259
AMLdataset/release/images\images_1959.jpg,259
AMLdataset/release/images_augmentation\aug_0_images_1959.jpg,259
AMLdataset/release/images_augmentation\aug_1_images_1959.jpg,259
AMLdataset/release/images\images_1960.jpg,259
AMLdataset/release/images_augmentation\aug_0_images_1960.jpg,259
AMLdataset/release/images_augmentation\aug_1_images_1960.jpg,259
AMLdataset/release/images\images_1961.jpg,244
AMLdataset/release/images_augmentation\aug_0_images_1961.jpg,244
AMLdataset/release/images_augmentation\aug_1_images_1961.jpg,244
AMLdataset/release/images\images_1962.jpg,244
AMLdataset/release/images_augmentation\aug_0_images_1962.jpg,244
AMLdataset/release/images_augmentation\aug_1_images_1962.jpg,244
AMLdataset/release/images\images_1963.jpg,244
AMLdataset/release/images_augmentation\aug_0_images_1963.jpg,244
AMLdataset/release/images_augmentation\aug_1_images_1963.jpg,244
AMLdataset/release/images\images_1964.jpg,244
AMLdataset/release/images_augmentation\aug_0_images_1964.jpg,244
AMLdataset/release/images_augmentation\aug_1_images_1964.jpg,244
AMLdataset/release/images\images_1965.jpg,244
AMLdataset/release/images_augmentation\aug_0_images_1965.jpg,244
AMLdataset/release/images_augmentation\aug_1_images_1965.jpg,244
AMLdataset/release/images\images_1966.jpg,244
AMLdataset/release/images_augmentation\aug_0_images_1966.jpg,244
AMLdataset/release/images_augmentation\aug_1_images_1966.jpg,244
AMLdataset/release/images\images_1967.jpg,244
AMLdataset/release/images_augmentation\aug_0_images_1967.jpg,244
AMLdataset/release/images_augmentation\aug_1_images_1967.jpg,244
AMLdataset/release/images\images_1968.jpg,244
AMLdataset/release/images_augmentation\aug_0_images_1968.jpg,244
AMLdataset/release/images_augmentation\aug_1_images_1968.jpg,244
AMLdataset/release/images\images_1969.jpg,244
AMLdataset/release/images_augmentation\aug_0_images_1969.jpg,244
AMLdataset/release/images_augmentation\aug_1_images_1969.jpg,244
AMLdataset/release/images\images_1970.jpg,244
AMLdataset/release/images_augmentation\aug_0_images_1970.jpg,244
AMLdataset/release/images_augmentation\aug_1_images_1970.jpg,244
AMLdataset/release/images\images_1971.jpg,244
AMLdataset/release/images_augmentation\aug_0_images_1971.jpg,244
AMLdataset/release/images_augmentation\aug_1_images_1971.jpg,244
AMLdataset/release/images\images_1972.jpg,244
AMLdataset/release/images_augmentation\aug_0_images_1972.jpg,244
AMLdataset/release/images_augmentation\aug_1_images_1972.jpg,244
AMLdataset/release/images\images_1973.jpg,244
AMLdataset/release/images_augmentation\aug_0_images_1973.jpg,244
AMLdataset/release/images_augmentation\aug_1_images_1973.jpg,244
AMLdataset/release/images\images_1974.jpg,244
AMLdataset/release/images_augmentation\aug_0_images_1974.jpg,244
AMLdataset/release/images_augmentation\aug_1_images_1974.jpg,244
AMLdataset/release/images\images_1975.jpg,244
AMLdataset/release/images_augmentation\aug_0_images_1975.jpg,244
AMLdataset/release/images_augmentation\aug_1_images_1975.jpg,244
AMLdataset/release/images\images_1976.jpg,244
AMLdataset/release/images_augmentation\aug_0_images_1976.jpg,244
AMLdataset/release/images_augmentation\aug_1_images_1976.jpg,244
AMLdataset/release/images\images_1977.jpg,244
AMLdataset/release/images_augmentation\aug_0_images_1977.jpg,244
AMLdataset/release/images_augmentation\aug_1_images_1977.jpg,244
AMLdataset/release/images\images_1978.jpg,244
AMLdataset/release/images_augmentation\aug_0_images_1978.jpg,244
AMLdataset/release/images_augmentation\aug_1_images_1978.jpg,244
AMLdataset/release/images\images_1979.jpg,244
AMLdataset/release/images_augmentation\aug_0_images_1979.jpg,244
AMLdataset/release/images_augmentation\aug_1_images_1979.jpg,244
AMLdataset/release/images\images_1980.jpg,244
AMLdataset/release/images_augmentation\aug_0_images_1980.jpg,244
AMLdataset/release/images_augmentation\aug_1_images_1980.jpg,244
AMLdataset/release/images\images_1981.jpg,9
AMLdataset/release/images_augmentation\aug_0_images_1981.jpg,9
AMLdataset/release/images_augmentation\aug_1_images_1981.jpg,9
AMLdataset/release/images\images_1982.jpg,9
AMLdataset/release/images_augmentation\aug_0_images_1982.jpg,9
AMLdataset/release/images_augmentation\aug_1_images_1982.jpg,9
AMLdataset/release/images\images_1983.jpg,9
AMLdataset/release/images_augmentation\aug_0_images_1983.jpg,9
AMLdataset/release/images_augmentation\aug_1_images_1983.jpg,9
AMLdataset/release/images\images_1984.jpg,9
AMLdataset/release/images_augmentation\aug_0_images_1984.jpg,9
AMLdataset/release/images_augmentation\aug_1_images_1984.jpg,9
AMLdataset/release/images\images_1985.jpg,9
AMLdataset/release/images_augmentation\aug_0_images_1985.jpg,9
AMLdataset/release/images_augmentation\aug_1_images_1985.jpg,9
AMLdataset/release/images\images_1986.jpg,9
AMLdataset/release/images_augmentation\aug_0_images_1986.jpg,9
AMLdataset/release/images_augmentation\aug_1_images_1986.jpg,9
AMLdataset/release/images\images_1987.jpg,9
AMLdataset/release/images_augmentation\aug_0_images_1987.jpg,9
AMLdataset/release/images_augmentation\aug_1_images_1987.jpg,9
AMLdataset/release/images\images_1988.jpg,9
AMLdataset/release/images_augmentation\aug_0_images_1988.jpg,9
AMLdataset/release/images_augmentation\aug_1_images_1988.jpg,9
AMLdataset/release/images\images_1989.jpg,9
AMLdataset/release/images_augmentation\aug_0_images_1989.jpg,9
AMLdataset/release/images_augmentation\aug_1_images_1989.jpg,9
AMLdataset/release/images\images_1990.jpg,9
AMLdataset/release/images_augmentation\aug_0_images_1990.jpg,9
AMLdataset/release/images_augmentation\aug_1_images_1990.jpg,9
AMLdataset/release/images\images_1991.jpg,9
AMLdataset/release/images_augmentation\aug_0_images_1991.jpg,9
AMLdataset/release/images_augmentation\aug_1_images_1991.jpg,9
AMLdataset/release/images\images_1992.jpg,9
AMLdataset/release/images_augmentation\aug_0_images_1992.jpg,9
AMLdataset/release/images_augmentation\aug_1_images_1992.jpg,9
AMLdataset/release/images\images_1993.jpg,9
AMLdataset/release/images_augmentation\aug_0_images_1993.jpg,9
AMLdataset/release/images_augmentation\aug_1_images_1993.jpg,9
AMLdataset/release/images\images_1994.jpg,9
AMLdataset/release/images_augmentation\aug_0_images_1994.jpg,9
AMLdataset/release/images_augmentation\aug_1_images_1994.jpg,9
AMLdataset/release/images\images_1995.jpg,9
AMLdataset/release/images_augmentation\aug_0_images_1995.jpg,9
AMLdataset/release/images_augmentation\aug_1_images_1995.jpg,9
AMLdataset/release/images\images_1996.jpg,9
AMLdataset/release/images_augmentation\aug_0_images_1996.jpg,9
AMLdataset/release/images_augmentation\aug_1_images_1996.jpg,9
AMLdataset/release/images\images_1997.jpg,9
AMLdataset/release/images_augmentation\aug_0_images_1997.jpg,9
AMLdataset/release/images_augmentation\aug_1_images_1997.jpg,9
AMLdataset/release/images\images_1998.jpg,9
AMLdataset/release/images_augmentation\aug_0_images_1998.jpg,9
AMLdataset/release/images_augmentation\aug_1_images_1998.jpg,9
AMLdataset/release/images\images_1999.jpg,9
AMLdataset/release/images_augmentation\aug_0_images_1999.jpg,9
AMLdataset/release/images_augmentation\aug_1_images_1999.jpg,9
AMLdataset/release/images\images_2000.jpg,9
AMLdataset/release/images_augmentation\aug_0_images_2000.jpg,9
AMLdataset/release/images_augmentation\aug_1_images_2000.jpg,9
AMLdataset/release/images\images_2001.jpg,165
AMLdataset/release/images_augmentation\aug_0_images_2001.jpg,165
AMLdataset/release/images_augmentation\aug_1_images_2001.jpg,165
AMLdataset/release/images\images_2002.jpg,165
AMLdataset/release/images_augmentation\aug_0_images_2002.jpg,165
AMLdataset/release/images_augmentation\aug_1_images_2002.jpg,165
AMLdataset/release/images\images_2003.jpg,165
AMLdataset/release/images_augmentation\aug_0_images_2003.jpg,165
AMLdataset/release/images_augmentation\aug_1_images_2003.jpg,165
AMLdataset/release/images\images_2004.jpg,165
AMLdataset/release/images_augmentation\aug_0_images_2004.jpg,165
AMLdataset/release/images_augmentation\aug_1_images_2004.jpg,165
AMLdataset/release/images\images_2005.jpg,165
AMLdataset/release/images_augmentation\aug_0_images_2005.jpg,165
AMLdataset/release/images_augmentation\aug_1_images_2005.jpg,165
AMLdataset/release/images\images_2006.jpg,165
AMLdataset/release/images_augmentation\aug_0_images_2006.jpg,165
AMLdataset/release/images_augmentation\aug_1_images_2006.jpg,165
AMLdataset/release/images\images_2007.jpg,165
AMLdataset/release/images_augmentation\aug_0_images_2007.jpg,165
AMLdataset/release/images_augmentation\aug_1_images_2007.jpg,165
AMLdataset/release/images\images_2008.jpg,165
AMLdataset/release/images_augmentation\aug_0_images_2008.jpg,165
AMLdataset/release/images_augmentation\aug_1_images_2008.jpg,165
AMLdataset/release/images\images_2009.jpg,165
AMLdataset/release/images_augmentation\aug_0_images_2009.jpg,165
AMLdataset/release/images_augmentation\aug_1_images_2009.jpg,165
AMLdataset/release/images\images_2010.jpg,165
AMLdataset/release/images_augmentation\aug_0_images_2010.jpg,165
AMLdataset/release/images_augmentation\aug_1_images_2010.jpg,165
AMLdataset/release/images\images_2011.jpg,165
AMLdataset/release/images_augmentation\aug_0_images_2011.jpg,165
AMLdataset/release/images_augmentation\aug_1_images_2011.jpg,165
AMLdataset/release/images\images_2012.jpg,165
AMLdataset/release/images_augmentation\aug_0_images_2012.jpg,165
AMLdataset/release/images_augmentation\aug_1_images_2012.jpg,165
AMLdataset/release/images\images_2013.jpg,165
AMLdataset/release/images_augmentation\aug_0_images_2013.jpg,165
AMLdataset/release/images_augmentation\aug_1_images_2013.jpg,165
AMLdataset/release/images\images_2014.jpg,165
AMLdataset/release/images_augmentation\aug_0_images_2014.jpg,165
AMLdataset/release/images_augmentation\aug_1_images_2014.jpg,165
AMLdataset/release/images\images_2015.jpg,165
AMLdataset/release/images_augmentation\aug_0_images_2015.jpg,165
AMLdataset/release/images_augmentation\aug_1_images_2015.jpg,165
AMLdataset/release/images\images_2016.jpg,165
AMLdataset/release/images_augmentation\aug_0_images_2016.jpg,165
AMLdataset/release/images_augmentation\aug_1_images_2016.jpg,165
AMLdataset/release/images\images_2017.jpg,165
AMLdataset/release/images_augmentation\aug_0_images_2017.jpg,165
AMLdataset/release/images_augmentation\aug_1_images_2017.jpg,165
AMLdataset/release/images\images_2018.jpg,165
AMLdataset/release/images_augmentation\aug_0_images_2018.jpg,165
AMLdataset/release/images_augmentation\aug_1_images_2018.jpg,165
AMLdataset/release/images\images_2019.jpg,165
AMLdataset/release/images_augmentation\aug_0_images_2019.jpg,165
AMLdataset/release/images_augmentation\aug_1_images_2019.jpg,165
AMLdataset/release/images\images_2020.jpg,165
AMLdataset/release/images_augmentation\aug_0_images_2020.jpg,165
AMLdataset/release/images_augmentation\aug_1_images_2020.jpg,165
AMLdataset/release/images\images_2021.jpg,337
AMLdataset/release/images_augmentation\aug_0_images_2021.jpg,337
AMLdataset/release/images_augmentation\aug_1_images_2021.jpg,337
AMLdataset/release/images\images_2022.jpg,337
AMLdataset/release/images_augmentation\aug_0_images_2022.jpg,337
AMLdataset/release/images_augmentation\aug_1_images_2022.jpg,337
AMLdataset/release/images\images_2023.jpg,337
AMLdataset/release/images_augmentation\aug_0_images_2023.jpg,337
AMLdataset/release/images_augmentation\aug_1_images_2023.jpg,337
AMLdataset/release/images\images_2024.jpg,337
AMLdataset/release/images_augmentation\aug_0_images_2024.jpg,337
AMLdataset/release/images_augmentation\aug_1_images_2024.jpg,337
AMLdataset/release/images\images_2025.jpg,337
AMLdataset/release/images_augmentation\aug_0_images_2025.jpg,337
AMLdataset/release/images_augmentation\aug_1_images_2025.jpg,337
AMLdataset/release/images\images_2026.jpg,337
AMLdataset/release/images_augmentation\aug_0_images_2026.jpg,337
AMLdataset/release/images_augmentation\aug_1_images_2026.jpg,337
AMLdataset/release/images\images_2027.jpg,337
AMLdataset/release/images_augmentation\aug_0_images_2027.jpg,337
AMLdataset/release/images_augmentation\aug_1_images_2027.jpg,337
AMLdataset/release/images\images_2028.jpg,337
AMLdataset/release/images_augmentation\aug_0_images_2028.jpg,337
AMLdataset/release/images_augmentation\aug_1_images_2028.jpg,337
AMLdataset/release/images\images_2029.jpg,337
AMLdataset/release/images_augmentation\aug_0_images_2029.jpg,337
AMLdataset/release/images_augmentation\aug_1_images_2029.jpg,337
AMLdataset/release/images\images_2030.jpg,337
AMLdataset/release/images_augmentation\aug_0_images_2030.jpg,337
AMLdataset/release/images_augmentation\aug_1_images_2030.jpg,337
AMLdataset/release/images\images_2031.jpg,337
AMLdataset/release/images_augmentation\aug_0_images_2031.jpg,337
AMLdataset/release/images_augmentation\aug_1_images_2031.jpg,337
AMLdataset/release/images\images_2032.jpg,337
AMLdataset/release/images_augmentation\aug_0_images_2032.jpg,337
AMLdataset/release/images_augmentation\aug_1_images_2032.jpg,337
AMLdataset/release/images\images_2033.jpg,337
AMLdataset/release/images_augmentation\aug_0_images_2033.jpg,337
AMLdataset/release/images_augmentation\aug_1_images_2033.jpg,337
AMLdataset/release/images\images_2034.jpg,337
AMLdataset/release/images_augmentation\aug_0_images_2034.jpg,337
AMLdataset/release/images_augmentation\aug_1_images_2034.jpg,337
AMLdataset/release/images\images_2035.jpg,337
AMLdataset/release/images_augmentation\aug_0_images_2035.jpg,337
AMLdataset/release/images_augmentation\aug_1_images_2035.jpg,337
AMLdataset/release/images\images_2036.jpg,337
AMLdataset/release/images_augmentation\aug_0_images_2036.jpg,337
AMLdataset/release/images_augmentation\aug_1_images_2036.jpg,337
AMLdataset/release/images\images_2037.jpg,337
AMLdataset/release/images_augmentation\aug_0_images_2037.jpg,337
AMLdataset/release/images_augmentation\aug_1_images_2037.jpg,337
AMLdataset/release/images\images_2038.jpg,337
AMLdataset/release/images_augmentation\aug_0_images_2038.jpg,337
AMLdataset/release/images_augmentation\aug_1_images_2038.jpg,337
AMLdataset/release/images\images_2039.jpg,337
AMLdataset/release/images_augmentation\aug_0_images_2039.jpg,337
AMLdataset/release/images_augmentation\aug_1_images_2039.jpg,337
AMLdataset/release/images\images_2040.jpg,337
AMLdataset/release/images_augmentation\aug_0_images_2040.jpg,337
AMLdataset/release/images_augmentation\aug_1_images_2040.jpg,337
AMLdataset/release/images\images_2041.jpg,307
AMLdataset/release/images_augmentation\aug_0_images_2041.jpg,307
AMLdataset/release/images_augmentation\aug_1_images_2041.jpg,307
AMLdataset/release/images\images_2042.jpg,307
AMLdataset/release/images_augmentation\aug_0_images_2042.jpg,307
AMLdataset/release/images_augmentation\aug_1_images_2042.jpg,307
AMLdataset/release/images\images_2043.jpg,307
AMLdataset/release/images_augmentation\aug_0_images_2043.jpg,307
AMLdataset/release/images_augmentation\aug_1_images_2043.jpg,307
AMLdataset/release/images\images_2044.jpg,307
AMLdataset/release/images_augmentation\aug_0_images_2044.jpg,307
AMLdataset/release/images_augmentation\aug_1_images_2044.jpg,307
AMLdataset/release/images\images_2045.jpg,307
AMLdataset/release/images_augmentation\aug_0_images_2045.jpg,307
AMLdataset/release/images_augmentation\aug_1_images_2045.jpg,307
AMLdataset/release/images\images_2046.jpg,307
AMLdataset/release/images_augmentation\aug_0_images_2046.jpg,307
AMLdataset/release/images_augmentation\aug_1_images_2046.jpg,307
AMLdataset/release/images\images_2047.jpg,307
AMLdataset/release/images_augmentation\aug_0_images_2047.jpg,307
AMLdataset/release/images_augmentation\aug_1_images_2047.jpg,307
AMLdataset/release/images\images_2048.jpg,307
AMLdataset/release/images_augmentation\aug_0_images_2048.jpg,307
AMLdataset/release/images_augmentation\aug_1_images_2048.jpg,307
AMLdataset/release/images\images_2049.jpg,307
AMLdataset/release/images_augmentation\aug_0_images_2049.jpg,307
AMLdataset/release/images_augmentation\aug_1_images_2049.jpg,307
AMLdataset/release/images\images_2050.jpg,307
AMLdataset/release/images_augmentation\aug_0_images_2050.jpg,307
AMLdataset/release/images_augmentation\aug_1_images_2050.jpg,307
AMLdataset/release/images\images_2051.jpg,307
AMLdataset/release/images_augmentation\aug_0_images_2051.jpg,307
AMLdataset/release/images_augmentation\aug_1_images_2051.jpg,307
AMLdataset/release/images\images_2052.jpg,307
AMLdataset/release/images_augmentation\aug_0_images_2052.jpg,307
AMLdataset/release/images_augmentation\aug_1_images_2052.jpg,307
AMLdataset/release/images\images_2053.jpg,307
AMLdataset/release/images_augmentation\aug_0_images_2053.jpg,307
AMLdataset/release/images_augmentation\aug_1_images_2053.jpg,307
AMLdataset/release/images\images_2054.jpg,307
AMLdataset/release/images_augmentation\aug_0_images_2054.jpg,307
AMLdataset/release/images_augmentation\aug_1_images_2054.jpg,307
AMLdataset/release/images\images_2055.jpg,307
AMLdataset/release/images_augmentation\aug_0_images_2055.jpg,307
AMLdataset/release/images_augmentation\aug_1_images_2055.jpg,307
AMLdataset/release/images\images_2056.jpg,307
AMLdataset/release/images_augmentation\aug_0_images_2056.jpg,307
AMLdataset/release/images_augmentation\aug_1_images_2056.jpg,307
AMLdataset/release/images\images_2057.jpg,307
AMLdataset/release/images_augmentation\aug_0_images_2057.jpg,307
AMLdataset/release/images_augmentation\aug_1_images_2057.jpg,307
AMLdataset/release/images\images_2058.jpg,307
AMLdataset/release/images_augmentation\aug_0_images_2058.jpg,307
AMLdataset/release/images_augmentation\aug_1_images_2058.jpg,307
AMLdataset/release/images\images_2059.jpg,307
AMLdataset/release/images_augmentation\aug_0_images_2059.jpg,307
AMLdataset/release/images_augmentation\aug_1_images_2059.jpg,307
AMLdataset/release/images\images_2060.jpg,307
AMLdataset/release/images_augmentation\aug_0_images_2060.jpg,307
AMLdataset/release/images_augmentation\aug_1_images_2060.jpg,307
AMLdataset/release/images\images_2061.jpg,306
AMLdataset/release/images_augmentation\aug_0_images_2061.jpg,306
AMLdataset/release/images_augmentation\aug_1_images_2061.jpg,306
AMLdataset/release/images\images_2062.jpg,306
AMLdataset/release/images_augmentation\aug_0_images_2062.jpg,306
AMLdataset/release/images_augmentation\aug_1_images_2062.jpg,306
AMLdataset/release/images\images_2063.jpg,306
AMLdataset/release/images_augmentation\aug_0_images_2063.jpg,306
AMLdataset/release/images_augmentation\aug_1_images_2063.jpg,306
AMLdataset/release/images\images_2064.jpg,306
AMLdataset/release/images_augmentation\aug_0_images_2064.jpg,306
AMLdataset/release/images_augmentation\aug_1_images_2064.jpg,306
AMLdataset/release/images\images_2065.jpg,306
AMLdataset/release/images_augmentation\aug_0_images_2065.jpg,306
AMLdataset/release/images_augmentation\aug_1_images_2065.jpg,306
AMLdataset/release/images\images_2066.jpg,306
AMLdataset/release/images_augmentation\aug_0_images_2066.jpg,306
AMLdataset/release/images_augmentation\aug_1_images_2066.jpg,306
AMLdataset/release/images\images_2067.jpg,306
AMLdataset/release/images_augmentation\aug_0_images_2067.jpg,306
AMLdataset/release/images_augmentation\aug_1_images_2067.jpg,306
AMLdataset/release/images\images_2068.jpg,306
AMLdataset/release/images_augmentation\aug_0_images_2068.jpg,306
AMLdataset/release/images_augmentation\aug_1_images_2068.jpg,306
AMLdataset/release/images\images_2069.jpg,306
AMLdataset/release/images_augmentation\aug_0_images_2069.jpg,306
AMLdataset/release/images_augmentation\aug_1_images_2069.jpg,306
AMLdataset/release/images\images_2070.jpg,306
AMLdataset/release/images_augmentation\aug_0_images_2070.jpg,306
AMLdataset/release/images_augmentation\aug_1_images_2070.jpg,306
AMLdataset/release/images\images_2071.jpg,306
AMLdataset/release/images_augmentation\aug_0_images_2071.jpg,306
AMLdataset/release/images_augmentation\aug_1_images_2071.jpg,306
AMLdataset/release/images\images_2072.jpg,306
AMLdataset/release/images_augmentation\aug_0_images_2072.jpg,306
AMLdataset/release/images_augmentation\aug_1_images_2072.jpg,306
AMLdataset/release/images\images_2073.jpg,306
AMLdataset/release/images_augmentation\aug_0_images_2073.jpg,306
AMLdataset/release/images_augmentation\aug_1_images_2073.jpg,306
AMLdataset/release/images\images_2074.jpg,306
AMLdataset/release/images_augmentation\aug_0_images_2074.jpg,306
AMLdataset/release/images_augmentation\aug_1_images_2074.jpg,306
AMLdataset/release/images\images_2075.jpg,306
AMLdataset/release/images_augmentation\aug_0_images_2075.jpg,306
AMLdataset/release/images_augmentation\aug_1_images_2075.jpg,306
AMLdataset/release/images\images_2076.jpg,306
AMLdataset/release/images_augmentation\aug_0_images_2076.jpg,306
AMLdataset/release/images_augmentation\aug_1_images_2076.jpg,306
AMLdataset/release/images\images_2077.jpg,306
AMLdataset/release/images_augmentation\aug_0_images_2077.jpg,306
AMLdataset/release/images_augmentation\aug_1_images_2077.jpg,306
AMLdataset/release/images\images_2078.jpg,306
AMLdataset/release/images_augmentation\aug_0_images_2078.jpg,306
AMLdataset/release/images_augmentation\aug_1_images_2078.jpg,306
AMLdataset/release/images\images_2079.jpg,306
AMLdataset/release/images_augmentation\aug_0_images_2079.jpg,306
AMLdataset/release/images_augmentation\aug_1_images_2079.jpg,306
AMLdataset/release/images\images_2080.jpg,306
AMLdataset/release/images_augmentation\aug_0_images_2080.jpg,306
AMLdataset/release/images_augmentation\aug_1_images_2080.jpg,306
AMLdataset/release/images\images_2081.jpg,139
AMLdataset/release/images_augmentation\aug_0_images_2081.jpg,139
AMLdataset/release/images_augmentation\aug_1_images_2081.jpg,139
AMLdataset/release/images\images_2082.jpg,139
AMLdataset/release/images_augmentation\aug_0_images_2082.jpg,139
AMLdataset/release/images_augmentation\aug_1_images_2082.jpg,139
AMLdataset/release/images\images_2083.jpg,139
AMLdataset/release/images_augmentation\aug_0_images_2083.jpg,139
AMLdataset/release/images_augmentation\aug_1_images_2083.jpg,139
AMLdataset/release/images\images_2084.jpg,139
AMLdataset/release/images_augmentation\aug_0_images_2084.jpg,139
AMLdataset/release/images_augmentation\aug_1_images_2084.jpg,139
AMLdataset/release/images\images_2085.jpg,139
AMLdataset/release/images_augmentation\aug_0_images_2085.jpg,139
AMLdataset/release/images_augmentation\aug_1_images_2085.jpg,139
AMLdataset/release/images\images_2086.jpg,139
AMLdataset/release/images_augmentation\aug_0_images_2086.jpg,139
AMLdataset/release/images_augmentation\aug_1_images_2086.jpg,139
AMLdataset/release/images\images_2087.jpg,139
AMLdataset/release/images_augmentation\aug_0_images_2087.jpg,139
AMLdataset/release/images_augmentation\aug_1_images_2087.jpg,139
AMLdataset/release/images\images_2088.jpg,139
AMLdataset/release/images_augmentation\aug_0_images_2088.jpg,139
AMLdataset/release/images_augmentation\aug_1_images_2088.jpg,139
AMLdataset/release/images\images_2089.jpg,139
AMLdataset/release/images_augmentation\aug_0_images_2089.jpg,139
AMLdataset/release/images_augmentation\aug_1_images_2089.jpg,139
AMLdataset/release/images\images_2090.jpg,139
AMLdataset/release/images_augmentation\aug_0_images_2090.jpg,139
AMLdataset/release/images_augmentation\aug_1_images_2090.jpg,139
AMLdataset/release/images\images_2091.jpg,139
AMLdataset/release/images_augmentation\aug_0_images_2091.jpg,139
AMLdataset/release/images_augmentation\aug_1_images_2091.jpg,139
AMLdataset/release/images\images_2092.jpg,139
AMLdataset/release/images_augmentation\aug_0_images_2092.jpg,139
AMLdataset/release/images_augmentation\aug_1_images_2092.jpg,139
AMLdataset/release/images\images_2093.jpg,139
AMLdataset/release/images_augmentation\aug_0_images_2093.jpg,139
AMLdataset/release/images_augmentation\aug_1_images_2093.jpg,139
AMLdataset/release/images\images_2094.jpg,139
AMLdataset/release/images_augmentation\aug_0_images_2094.jpg,139
AMLdataset/release/images_augmentation\aug_1_images_2094.jpg,139
AMLdataset/release/images\images_2095.jpg,139
AMLdataset/release/images_augmentation\aug_0_images_2095.jpg,139
AMLdataset/release/images_augmentation\aug_1_images_2095.jpg,139
AMLdataset/release/images\images_2096.jpg,139
AMLdataset/release/images_augmentation\aug_0_images_2096.jpg,139
AMLdataset/release/images_augmentation\aug_1_images_2096.jpg,139
AMLdataset/release/images\images_2097.jpg,139
AMLdataset/release/images_augmentation\aug_0_images_2097.jpg,139
AMLdataset/release/images_augmentation\aug_1_images_2097.jpg,139
AMLdataset/release/images\images_2098.jpg,139
AMLdataset/release/images_augmentation\aug_0_images_2098.jpg,139
AMLdataset/release/images_augmentation\aug_1_images_2098.jpg,139
AMLdataset/release/images\images_2099.jpg,139
AMLdataset/release/images_augmentation\aug_0_images_2099.jpg,139
AMLdataset/release/images_augmentation\aug_1_images_2099.jpg,139
AMLdataset/release/images\images_2100.jpg,139
AMLdataset/release/images_augmentation\aug_0_images_2100.jpg,139
AMLdataset/release/images_augmentation\aug_1_images_2100.jpg,139
AMLdataset/release/images\images_2101.jpg,147
AMLdataset/release/images_augmentation\aug_0_images_2101.jpg,147
AMLdataset/release/images_augmentation\aug_1_images_2101.jpg,147
AMLdataset/release/images\images_2102.jpg,147
AMLdataset/release/images_augmentation\aug_0_images_2102.jpg,147
AMLdataset/release/images_augmentation\aug_1_images_2102.jpg,147
AMLdataset/release/images\images_2103.jpg,147
AMLdataset/release/images_augmentation\aug_0_images_2103.jpg,147
AMLdataset/release/images_augmentation\aug_1_images_2103.jpg,147
AMLdataset/release/images\images_2104.jpg,147
AMLdataset/release/images_augmentation\aug_0_images_2104.jpg,147
AMLdataset/release/images_augmentation\aug_1_images_2104.jpg,147
AMLdataset/release/images\images_2105.jpg,147
AMLdataset/release/images_augmentation\aug_0_images_2105.jpg,147
AMLdataset/release/images_augmentation\aug_1_images_2105.jpg,147
AMLdataset/release/images\images_2106.jpg,147
AMLdataset/release/images_augmentation\aug_0_images_2106.jpg,147
AMLdataset/release/images_augmentation\aug_1_images_2106.jpg,147
AMLdataset/release/images\images_2107.jpg,147
AMLdataset/release/images_augmentation\aug_0_images_2107.jpg,147
AMLdataset/release/images_augmentation\aug_1_images_2107.jpg,147
AMLdataset/release/images\images_2108.jpg,147
AMLdataset/release/images_augmentation\aug_0_images_2108.jpg,147
AMLdataset/release/images_augmentation\aug_1_images_2108.jpg,147
AMLdataset/release/images\images_2109.jpg,147
AMLdataset/release/images_augmentation\aug_0_images_2109.jpg,147
AMLdataset/release/images_augmentation\aug_1_images_2109.jpg,147
AMLdataset/release/images\images_2110.jpg,147
AMLdataset/release/images_augmentation\aug_0_images_2110.jpg,147
AMLdataset/release/images_augmentation\aug_1_images_2110.jpg,147
AMLdataset/release/images\images_2111.jpg,147
AMLdataset/release/images_augmentation\aug_0_images_2111.jpg,147
AMLdataset/release/images_augmentation\aug_1_images_2111.jpg,147
AMLdataset/release/images\images_2112.jpg,147
AMLdataset/release/images_augmentation\aug_0_images_2112.jpg,147
AMLdataset/release/images_augmentation\aug_1_images_2112.jpg,147
AMLdataset/release/images\images_2113.jpg,147
AMLdataset/release/images_augmentation\aug_0_images_2113.jpg,147
AMLdataset/release/images_augmentation\aug_1_images_2113.jpg,147
AMLdataset/release/images\images_2114.jpg,147
AMLdataset/release/images_augmentation\aug_0_images_2114.jpg,147
AMLdataset/release/images_augmentation\aug_1_images_2114.jpg,147
AMLdataset/release/images\images_2115.jpg,147
AMLdataset/release/images_augmentation\aug_0_images_2115.jpg,147
AMLdataset/release/images_augmentation\aug_1_images_2115.jpg,147
AMLdataset/release/images\images_2116.jpg,147
AMLdataset/release/images_augmentation\aug_0_images_2116.jpg,147
AMLdataset/release/images_augmentation\aug_1_images_2116.jpg,147
AMLdataset/release/images\images_2117.jpg,147
AMLdataset/release/images_augmentation\aug_0_images_2117.jpg,147
AMLdataset/release/images_augmentation\aug_1_images_2117.jpg,147
AMLdataset/release/images\images_2118.jpg,147
AMLdataset/release/images_augmentation\aug_0_images_2118.jpg,147
AMLdataset/release/images_augmentation\aug_1_images_2118.jpg,147
AMLdataset/release/images\images_2119.jpg,147
AMLdataset/release/images_augmentation\aug_0_images_2119.jpg,147
AMLdataset/release/images_augmentation\aug_1_images_2119.jpg,147
AMLdataset/release/images\images_2120.jpg,147
AMLdataset/release/images_augmentation\aug_0_images_2120.jpg,147
AMLdataset/release/images_augmentation\aug_1_images_2120.jpg,147
AMLdataset/release/images\images_2121.jpg,212
AMLdataset/release/images_augmentation\aug_0_images_2121.jpg,212
AMLdataset/release/images_augmentation\aug_1_images_2121.jpg,212
AMLdataset/release/images\images_2122.jpg,212
AMLdataset/release/images_augmentation\aug_0_images_2122.jpg,212
AMLdataset/release/images_augmentation\aug_1_images_2122.jpg,212
AMLdataset/release/images\images_2123.jpg,212
AMLdataset/release/images_augmentation\aug_0_images_2123.jpg,212
AMLdataset/release/images_augmentation\aug_1_images_2123.jpg,212
AMLdataset/release/images\images_2124.jpg,212
AMLdataset/release/images_augmentation\aug_0_images_2124.jpg,212
AMLdataset/release/images_augmentation\aug_1_images_2124.jpg,212
AMLdataset/release/images\images_2125.jpg,212
AMLdataset/release/images_augmentation\aug_0_images_2125.jpg,212
AMLdataset/release/images_augmentation\aug_1_images_2125.jpg,212
AMLdataset/release/images\images_2126.jpg,212
AMLdataset/release/images_augmentation\aug_0_images_2126.jpg,212
AMLdataset/release/images_augmentation\aug_1_images_2126.jpg,212
AMLdataset/release/images\images_2127.jpg,212
AMLdataset/release/images_augmentation\aug_0_images_2127.jpg,212
AMLdataset/release/images_augmentation\aug_1_images_2127.jpg,212
AMLdataset/release/images\images_2128.jpg,212
AMLdataset/release/images_augmentation\aug_0_images_2128.jpg,212
AMLdataset/release/images_augmentation\aug_1_images_2128.jpg,212
AMLdataset/release/images\images_2129.jpg,212
AMLdataset/release/images_augmentation\aug_0_images_2129.jpg,212
AMLdataset/release/images_augmentation\aug_1_images_2129.jpg,212
AMLdataset/release/images\images_2130.jpg,212
AMLdataset/release/images_augmentation\aug_0_images_2130.jpg,212
AMLdataset/release/images_augmentation\aug_1_images_2130.jpg,212
AMLdataset/release/images\images_2131.jpg,212
AMLdataset/release/images_augmentation\aug_0_images_2131.jpg,212
AMLdataset/release/images_augmentation\aug_1_images_2131.jpg,212
AMLdataset/release/images\images_2132.jpg,212
AMLdataset/release/images_augmentation\aug_0_images_2132.jpg,212
AMLdataset/release/images_augmentation\aug_1_images_2132.jpg,212
AMLdataset/release/images\images_2133.jpg,212
AMLdataset/release/images_augmentation\aug_0_images_2133.jpg,212
AMLdataset/release/images_augmentation\aug_1_images_2133.jpg,212
AMLdataset/release/images\images_2134.jpg,212
AMLdataset/release/images_augmentation\aug_0_images_2134.jpg,212
AMLdataset/release/images_augmentation\aug_1_images_2134.jpg,212
AMLdataset/release/images\images_2135.jpg,212
AMLdataset/release/images_augmentation\aug_0_images_2135.jpg,212
AMLdataset/release/images_augmentation\aug_1_images_2135.jpg,212
AMLdataset/release/images\images_2136.jpg,212
AMLdataset/release/images_augmentation\aug_0_images_2136.jpg,212
AMLdataset/release/images_augmentation\aug_1_images_2136.jpg,212
AMLdataset/release/images\images_2137.jpg,212
AMLdataset/release/images_augmentation\aug_0_images_2137.jpg,212
AMLdataset/release/images_augmentation\aug_1_images_2137.jpg,212
AMLdataset/release/images\images_2138.jpg,212
AMLdataset/release/images_augmentation\aug_0_images_2138.jpg,212
AMLdataset/release/images_augmentation\aug_1_images_2138.jpg,212
AMLdataset/release/images\images_2139.jpg,212
AMLdataset/release/images_augmentation\aug_0_images_2139.jpg,212
AMLdataset/release/images_augmentation\aug_1_images_2139.jpg,212
AMLdataset/release/images\images_2140.jpg,212
AMLdataset/release/images_augmentation\aug_0_images_2140.jpg,212
AMLdataset/release/images_augmentation\aug_1_images_2140.jpg,212
AMLdataset/release/images\images_2141.jpg,230
AMLdataset/release/images_augmentation\aug_0_images_2141.jpg,230
AMLdataset/release/images_augmentation\aug_1_images_2141.jpg,230
AMLdataset/release/images\images_2142.jpg,230
AMLdataset/release/images_augmentation\aug_0_images_2142.jpg,230
AMLdataset/release/images_augmentation\aug_1_images_2142.jpg,230
AMLdataset/release/images\images_2143.jpg,230
AMLdataset/release/images_augmentation\aug_0_images_2143.jpg,230
AMLdataset/release/images_augmentation\aug_1_images_2143.jpg,230
AMLdataset/release/images\images_2144.jpg,230
AMLdataset/release/images_augmentation\aug_0_images_2144.jpg,230
AMLdataset/release/images_augmentation\aug_1_images_2144.jpg,230
AMLdataset/release/images\images_2145.jpg,230
AMLdataset/release/images_augmentation\aug_0_images_2145.jpg,230
AMLdataset/release/images_augmentation\aug_1_images_2145.jpg,230
AMLdataset/release/images\images_2146.jpg,230
AMLdataset/release/images_augmentation\aug_0_images_2146.jpg,230
AMLdataset/release/images_augmentation\aug_1_images_2146.jpg,230
AMLdataset/release/images\images_2147.jpg,230
AMLdataset/release/images_augmentation\aug_0_images_2147.jpg,230
AMLdataset/release/images_augmentation\aug_1_images_2147.jpg,230
AMLdataset/release/images\images_2148.jpg,230
AMLdataset/release/images_augmentation\aug_0_images_2148.jpg,230
AMLdataset/release/images_augmentation\aug_1_images_2148.jpg,230
AMLdataset/release/images\images_2149.jpg,230
AMLdataset/release/images_augmentation\aug_0_images_2149.jpg,230
AMLdataset/release/images_augmentation\aug_1_images_2149.jpg,230
AMLdataset/release/images\images_2150.jpg,230
AMLdataset/release/images_augmentation\aug_0_images_2150.jpg,230
AMLdataset/release/images_augmentation\aug_1_images_2150.jpg,230
AMLdataset/release/images\images_2151.jpg,230
AMLdataset/release/images_augmentation\aug_0_images_2151.jpg,230
AMLdataset/release/images_augmentation\aug_1_images_2151.jpg,230
AMLdataset/release/images\images_2152.jpg,230
AMLdataset/release/images_augmentation\aug_0_images_2152.jpg,230
AMLdataset/release/images_augmentation\aug_1_images_2152.jpg,230
AMLdataset/release/images\images_2153.jpg,230
AMLdataset/release/images_augmentation\aug_0_images_2153.jpg,230
AMLdataset/release/images_augmentation\aug_1_images_2153.jpg,230
AMLdataset/release/images\images_2154.jpg,230
AMLdataset/release/images_augmentation\aug_0_images_2154.jpg,230
AMLdataset/release/images_augmentation\aug_1_images_2154.jpg,230
AMLdataset/release/images\images_2155.jpg,230
AMLdataset/release/images_augmentation\aug_0_images_2155.jpg,230
AMLdataset/release/images_augmentation\aug_1_images_2155.jpg,230
AMLdataset/release/images\images_2156.jpg,230
AMLdataset/release/images_augmentation\aug_0_images_2156.jpg,230
AMLdataset/release/images_augmentation\aug_1_images_2156.jpg,230
AMLdataset/release/images\images_2157.jpg,230
AMLdataset/release/images_augmentation\aug_0_images_2157.jpg,230
AMLdataset/release/images_augmentation\aug_1_images_2157.jpg,230
AMLdataset/release/images\images_2158.jpg,230
AMLdataset/release/images_augmentation\aug_0_images_2158.jpg,230
AMLdataset/release/images_augmentation\aug_1_images_2158.jpg,230
AMLdataset/release/images\images_2159.jpg,230
AMLdataset/release/images_augmentation\aug_0_images_2159.jpg,230
AMLdataset/release/images_augmentation\aug_1_images_2159.jpg,230
AMLdataset/release/images\images_2160.jpg,230
AMLdataset/release/images_augmentation\aug_0_images_2160.jpg,230
AMLdataset/release/images_augmentation\aug_1_images_2160.jpg,230
AMLdataset/release/images\images_2161.jpg,109
AMLdataset/release/images_augmentation\aug_0_images_2161.jpg,109
AMLdataset/release/images_augmentation\aug_1_images_2161.jpg,109
AMLdataset/release/images\images_2162.jpg,109
AMLdataset/release/images_augmentation\aug_0_images_2162.jpg,109
AMLdataset/release/images_augmentation\aug_1_images_2162.jpg,109
AMLdataset/release/images\images_2163.jpg,109
AMLdataset/release/images_augmentation\aug_0_images_2163.jpg,109
AMLdataset/release/images_augmentation\aug_1_images_2163.jpg,109
AMLdataset/release/images\images_2164.jpg,109
AMLdataset/release/images_augmentation\aug_0_images_2164.jpg,109
AMLdataset/release/images_augmentation\aug_1_images_2164.jpg,109
AMLdataset/release/images\images_2165.jpg,109
AMLdataset/release/images_augmentation\aug_0_images_2165.jpg,109
AMLdataset/release/images_augmentation\aug_1_images_2165.jpg,109
AMLdataset/release/images\images_2166.jpg,109
AMLdataset/release/images_augmentation\aug_0_images_2166.jpg,109
AMLdataset/release/images_augmentation\aug_1_images_2166.jpg,109
AMLdataset/release/images\images_2167.jpg,109
AMLdataset/release/images_augmentation\aug_0_images_2167.jpg,109
AMLdataset/release/images_augmentation\aug_1_images_2167.jpg,109
AMLdataset/release/images\images_2168.jpg,109
AMLdataset/release/images_augmentation\aug_0_images_2168.jpg,109
AMLdataset/release/images_augmentation\aug_1_images_2168.jpg,109
AMLdataset/release/images\images_2169.jpg,109
AMLdataset/release/images_augmentation\aug_0_images_2169.jpg,109
AMLdataset/release/images_augmentation\aug_1_images_2169.jpg,109
AMLdataset/release/images\images_2170.jpg,109
AMLdataset/release/images_augmentation\aug_0_images_2170.jpg,109
AMLdataset/release/images_augmentation\aug_1_images_2170.jpg,109
AMLdataset/release/images\images_2171.jpg,109
AMLdataset/release/images_augmentation\aug_0_images_2171.jpg,109
AMLdataset/release/images_augmentation\aug_1_images_2171.jpg,109
AMLdataset/release/images\images_2172.jpg,109
AMLdataset/release/images_augmentation\aug_0_images_2172.jpg,109
AMLdataset/release/images_augmentation\aug_1_images_2172.jpg,109
AMLdataset/release/images\images_2173.jpg,109
AMLdataset/release/images_augmentation\aug_0_images_2173.jpg,109
AMLdataset/release/images_augmentation\aug_1_images_2173.jpg,109
AMLdataset/release/images\images_2174.jpg,109
AMLdataset/release/images_augmentation\aug_0_images_2174.jpg,109
AMLdataset/release/images_augmentation\aug_1_images_2174.jpg,109
AMLdataset/release/images\images_2175.jpg,109
AMLdataset/release/images_augmentation\aug_0_images_2175.jpg,109
AMLdataset/release/images_augmentation\aug_1_images_2175.jpg,109
AMLdataset/release/images\images_2176.jpg,109
AMLdataset/release/images_augmentation\aug_0_images_2176.jpg,109
AMLdataset/release/images_augmentation\aug_1_images_2176.jpg,109
AMLdataset/release/images\images_2177.jpg,109
AMLdataset/release/images_augmentation\aug_0_images_2177.jpg,109
AMLdataset/release/images_augmentation\aug_1_images_2177.jpg,109
AMLdataset/release/images\images_2178.jpg,109
AMLdataset/release/images_augmentation\aug_0_images_2178.jpg,109
AMLdataset/release/images_augmentation\aug_1_images_2178.jpg,109
AMLdataset/release/images\images_2179.jpg,109
AMLdataset/release/images_augmentation\aug_0_images_2179.jpg,109
AMLdataset/release/images_augmentation\aug_1_images_2179.jpg,109
AMLdataset/release/images\images_2180.jpg,109
AMLdataset/release/images_augmentation\aug_0_images_2180.jpg,109
AMLdataset/release/images_augmentation\aug_1_images_2180.jpg,109
AMLdataset/release/images\images_2181.jpg,130
AMLdataset/release/images_augmentation\aug_0_images_2181.jpg,130
AMLdataset/release/images_augmentation\aug_1_images_2181.jpg,130
AMLdataset/release/images\images_2182.jpg,130
AMLdataset/release/images_augmentation\aug_0_images_2182.jpg,130
AMLdataset/release/images_augmentation\aug_1_images_2182.jpg,130
AMLdataset/release/images\images_2183.jpg,130
AMLdataset/release/images_augmentation\aug_0_images_2183.jpg,130
AMLdataset/release/images_augmentation\aug_1_images_2183.jpg,130
AMLdataset/release/images\images_2184.jpg,130
AMLdataset/release/images_augmentation\aug_0_images_2184.jpg,130
AMLdataset/release/images_augmentation\aug_1_images_2184.jpg,130
AMLdataset/release/images\images_2185.jpg,130
AMLdataset/release/images_augmentation\aug_0_images_2185.jpg,130
AMLdataset/release/images_augmentation\aug_1_images_2185.jpg,130
AMLdataset/release/images\images_2186.jpg,130
AMLdataset/release/images_augmentation\aug_0_images_2186.jpg,130
AMLdataset/release/images_augmentation\aug_1_images_2186.jpg,130
AMLdataset/release/images\images_2187.jpg,130
AMLdataset/release/images_augmentation\aug_0_images_2187.jpg,130
AMLdataset/release/images_augmentation\aug_1_images_2187.jpg,130
AMLdataset/release/images\images_2188.jpg,130
AMLdataset/release/images_augmentation\aug_0_images_2188.jpg,130
AMLdataset/release/images_augmentation\aug_1_images_2188.jpg,130
AMLdataset/release/images\images_2189.jpg,130
AMLdataset/release/images_augmentation\aug_0_images_2189.jpg,130
AMLdataset/release/images_augmentation\aug_1_images_2189.jpg,130
AMLdataset/release/images\images_2190.jpg,130
AMLdataset/release/images_augmentation\aug_0_images_2190.jpg,130
AMLdataset/release/images_augmentation\aug_1_images_2190.jpg,130
AMLdataset/release/images\images_2191.jpg,130
AMLdataset/release/images_augmentation\aug_0_images_2191.jpg,130
AMLdataset/release/images_augmentation\aug_1_images_2191.jpg,130
AMLdataset/release/images\images_2192.jpg,130
AMLdataset/release/images_augmentation\aug_0_images_2192.jpg,130
AMLdataset/release/images_augmentation\aug_1_images_2192.jpg,130
AMLdataset/release/images\images_2193.jpg,130
AMLdataset/release/images_augmentation\aug_0_images_2193.jpg,130
AMLdataset/release/images_augmentation\aug_1_images_2193.jpg,130
AMLdataset/release/images\images_2194.jpg,130
AMLdataset/release/images_augmentation\aug_0_images_2194.jpg,130
AMLdataset/release/images_augmentation\aug_1_images_2194.jpg,130
AMLdataset/release/images\images_2195.jpg,130
AMLdataset/release/images_augmentation\aug_0_images_2195.jpg,130
AMLdataset/release/images_augmentation\aug_1_images_2195.jpg,130
AMLdataset/release/images\images_2196.jpg,130
AMLdataset/release/images_augmentation\aug_0_images_2196.jpg,130
AMLdataset/release/images_augmentation\aug_1_images_2196.jpg,130
AMLdataset/release/images\images_2197.jpg,130
AMLdataset/release/images_augmentation\aug_0_images_2197.jpg,130
AMLdataset/release/images_augmentation\aug_1_images_2197.jpg,130
AMLdataset/release/images\images_2198.jpg,130
AMLdataset/release/images_augmentation\aug_0_images_2198.jpg,130
AMLdataset/release/images_augmentation\aug_1_images_2198.jpg,130
AMLdataset/release/images\images_2199.jpg,130
AMLdataset/release/images_augmentation\aug_0_images_2199.jpg,130
AMLdataset/release/images_augmentation\aug_1_images_2199.jpg,130
AMLdataset/release/images\images_2200.jpg,130
AMLdataset/release/images_augmentation\aug_0_images_2200.jpg,130
AMLdataset/release/images_augmentation\aug_1_images_2200.jpg,130
AMLdataset/release/images\images_2201.jpg,31
AMLdataset/release/images_augmentation\aug_0_images_2201.jpg,31
AMLdataset/release/images_augmentation\aug_1_images_2201.jpg,31
AMLdataset/release/images\images_2202.jpg,31
AMLdataset/release/images_augmentation\aug_0_images_2202.jpg,31
AMLdataset/release/images_augmentation\aug_1_images_2202.jpg,31
AMLdataset/release/images\images_2203.jpg,31
AMLdataset/release/images_augmentation\aug_0_images_2203.jpg,31
AMLdataset/release/images_augmentation\aug_1_images_2203.jpg,31
AMLdataset/release/images\images_2204.jpg,31
AMLdataset/release/images_augmentation\aug_0_images_2204.jpg,31
AMLdataset/release/images_augmentation\aug_1_images_2204.jpg,31
AMLdataset/release/images\images_2205.jpg,31
AMLdataset/release/images_augmentation\aug_0_images_2205.jpg,31
AMLdataset/release/images_augmentation\aug_1_images_2205.jpg,31
AMLdataset/release/images\images_2206.jpg,31
AMLdataset/release/images_augmentation\aug_0_images_2206.jpg,31
AMLdataset/release/images_augmentation\aug_1_images_2206.jpg,31
AMLdataset/release/images\images_2207.jpg,31
AMLdataset/release/images_augmentation\aug_0_images_2207.jpg,31
AMLdataset/release/images_augmentation\aug_1_images_2207.jpg,31
AMLdataset/release/images\images_2208.jpg,31
AMLdataset/release/images_augmentation\aug_0_images_2208.jpg,31
AMLdataset/release/images_augmentation\aug_1_images_2208.jpg,31
AMLdataset/release/images\images_2209.jpg,31
AMLdataset/release/images_augmentation\aug_0_images_2209.jpg,31
AMLdataset/release/images_augmentation\aug_1_images_2209.jpg,31
AMLdataset/release/images\images_2210.jpg,31
AMLdataset/release/images_augmentation\aug_0_images_2210.jpg,31
AMLdataset/release/images_augmentation\aug_1_images_2210.jpg,31
AMLdataset/release/images\images_2211.jpg,31
AMLdataset/release/images_augmentation\aug_0_images_2211.jpg,31
AMLdataset/release/images_augmentation\aug_1_images_2211.jpg,31
AMLdataset/release/images\images_2212.jpg,31
AMLdataset/release/images_augmentation\aug_0_images_2212.jpg,31
AMLdataset/release/images_augmentation\aug_1_images_2212.jpg,31
AMLdataset/release/images\images_2213.jpg,31
AMLdataset/release/images_augmentation\aug_0_images_2213.jpg,31
AMLdataset/release/images_augmentation\aug_1_images_2213.jpg,31
AMLdataset/release/images\images_2214.jpg,31
AMLdataset/release/images_augmentation\aug_0_images_2214.jpg,31
AMLdataset/release/images_augmentation\aug_1_images_2214.jpg,31
AMLdataset/release/images\images_2215.jpg,31
AMLdataset/release/images_augmentation\aug_0_images_2215.jpg,31
AMLdataset/release/images_augmentation\aug_1_images_2215.jpg,31
AMLdataset/release/images\images_2216.jpg,31
AMLdataset/release/images_augmentation\aug_0_images_2216.jpg,31
AMLdataset/release/images_augmentation\aug_1_images_2216.jpg,31
AMLdataset/release/images\images_2217.jpg,31
AMLdataset/release/images_augmentation\aug_0_images_2217.jpg,31
AMLdataset/release/images_augmentation\aug_1_images_2217.jpg,31
AMLdataset/release/images\images_2218.jpg,31
AMLdataset/release/images_augmentation\aug_0_images_2218.jpg,31
AMLdataset/release/images_augmentation\aug_1_images_2218.jpg,31
AMLdataset/release/images\images_2219.jpg,31
AMLdataset/release/images_augmentation\aug_0_images_2219.jpg,31
AMLdataset/release/images_augmentation\aug_1_images_2219.jpg,31
AMLdataset/release/images\images_2220.jpg,31
AMLdataset/release/images_augmentation\aug_0_images_2220.jpg,31
AMLdataset/release/images_augmentation\aug_1_images_2220.jpg,31
AMLdataset/release/images\images_2221.jpg,344
AMLdataset/release/images_augmentation\aug_0_images_2221.jpg,344
AMLdataset/release/images_augmentation\aug_1_images_2221.jpg,344
AMLdataset/release/images\images_2222.jpg,344
AMLdataset/release/images_augmentation\aug_0_images_2222.jpg,344
AMLdataset/release/images_augmentation\aug_1_images_2222.jpg,344
AMLdataset/release/images\images_2223.jpg,344
AMLdataset/release/images_augmentation\aug_0_images_2223.jpg,344
AMLdataset/release/images_augmentation\aug_1_images_2223.jpg,344
AMLdataset/release/images\images_2224.jpg,344
AMLdataset/release/images_augmentation\aug_0_images_2224.jpg,344
AMLdataset/release/images_augmentation\aug_1_images_2224.jpg,344
AMLdataset/release/images\images_2225.jpg,344
AMLdataset/release/images_augmentation\aug_0_images_2225.jpg,344
AMLdataset/release/images_augmentation\aug_1_images_2225.jpg,344
AMLdataset/release/images\images_2226.jpg,344
AMLdataset/release/images_augmentation\aug_0_images_2226.jpg,344
AMLdataset/release/images_augmentation\aug_1_images_2226.jpg,344
AMLdataset/release/images\images_2227.jpg,344
AMLdataset/release/images_augmentation\aug_0_images_2227.jpg,344
AMLdataset/release/images_augmentation\aug_1_images_2227.jpg,344
AMLdataset/release/images\images_2228.jpg,344
AMLdataset/release/images_augmentation\aug_0_images_2228.jpg,344
AMLdataset/release/images_augmentation\aug_1_images_2228.jpg,344
AMLdataset/release/images\images_2229.jpg,344
AMLdataset/release/images_augmentation\aug_0_images_2229.jpg,344
AMLdataset/release/images_augmentation\aug_1_images_2229.jpg,344
AMLdataset/release/images\images_2230.jpg,344
AMLdataset/release/images_augmentation\aug_0_images_2230.jpg,344
AMLdataset/release/images_augmentation\aug_1_images_2230.jpg,344
AMLdataset/release/images\images_2231.jpg,344
AMLdataset/release/images_augmentation\aug_0_images_2231.jpg,344
AMLdataset/release/images_augmentation\aug_1_images_2231.jpg,344
AMLdataset/release/images\images_2232.jpg,344
AMLdataset/release/images_augmentation\aug_0_images_2232.jpg,344
AMLdataset/release/images_augmentation\aug_1_images_2232.jpg,344
AMLdataset/release/images\images_2233.jpg,344
AMLdataset/release/images_augmentation\aug_0_images_2233.jpg,344
AMLdataset/release/images_augmentation\aug_1_images_2233.jpg,344
AMLdataset/release/images\images_2234.jpg,344
AMLdataset/release/images_augmentation\aug_0_images_2234.jpg,344
AMLdataset/release/images_augmentation\aug_1_images_2234.jpg,344
AMLdataset/release/images\images_2235.jpg,344
AMLdataset/release/images_augmentation\aug_0_images_2235.jpg,344
AMLdataset/release/images_augmentation\aug_1_images_2235.jpg,344
AMLdataset/release/images\images_2236.jpg,344
AMLdataset/release/images_augmentation\aug_0_images_2236.jpg,344
AMLdataset/release/images_augmentation\aug_1_images_2236.jpg,344
AMLdataset/release/images\images_2237.jpg,344
AMLdataset/release/images_augmentation\aug_0_images_2237.jpg,344
AMLdataset/release/images_augmentation\aug_1_images_2237.jpg,344
AMLdataset/release/images\images_2238.jpg,344
AMLdataset/release/images_augmentation\aug_0_images_2238.jpg,344
AMLdataset/release/images_augmentation\aug_1_images_2238.jpg,344
AMLdataset/release/images\images_2239.jpg,344
AMLdataset/release/images_augmentation\aug_0_images_2239.jpg,344
AMLdataset/release/images_augmentation\aug_1_images_2239.jpg,344
AMLdataset/release/images\images_2240.jpg,344
AMLdataset/release/images_augmentation\aug_0_images_2240.jpg,344
AMLdataset/release/images_augmentation\aug_1_images_2240.jpg,344
AMLdataset/release/images\images_2241.jpg,178
AMLdataset/release/images_augmentation\aug_0_images_2241.jpg,178
AMLdataset/release/images_augmentation\aug_1_images_2241.jpg,178
AMLdataset/release/images\images_2242.jpg,178
AMLdataset/release/images_augmentation\aug_0_images_2242.jpg,178
AMLdataset/release/images_augmentation\aug_1_images_2242.jpg,178
AMLdataset/release/images\images_2243.jpg,178
AMLdataset/release/images_augmentation\aug_0_images_2243.jpg,178
AMLdataset/release/images_augmentation\aug_1_images_2243.jpg,178
AMLdataset/release/images\images_2244.jpg,178
AMLdataset/release/images_augmentation\aug_0_images_2244.jpg,178
AMLdataset/release/images_augmentation\aug_1_images_2244.jpg,178
AMLdataset/release/images\images_2245.jpg,178
AMLdataset/release/images_augmentation\aug_0_images_2245.jpg,178
AMLdataset/release/images_augmentation\aug_1_images_2245.jpg,178
AMLdataset/release/images\images_2246.jpg,178
AMLdataset/release/images_augmentation\aug_0_images_2246.jpg,178
AMLdataset/release/images_augmentation\aug_1_images_2246.jpg,178
AMLdataset/release/images\images_2247.jpg,178
AMLdataset/release/images_augmentation\aug_0_images_2247.jpg,178
AMLdataset/release/images_augmentation\aug_1_images_2247.jpg,178
AMLdataset/release/images\images_2248.jpg,178
AMLdataset/release/images_augmentation\aug_0_images_2248.jpg,178
AMLdataset/release/images_augmentation\aug_1_images_2248.jpg,178
AMLdataset/release/images\images_2249.jpg,178
AMLdataset/release/images_augmentation\aug_0_images_2249.jpg,178
AMLdataset/release/images_augmentation\aug_1_images_2249.jpg,178
AMLdataset/release/images\images_2250.jpg,178
AMLdataset/release/images_augmentation\aug_0_images_2250.jpg,178
AMLdataset/release/images_augmentation\aug_1_images_2250.jpg,178
AMLdataset/release/images\images_2251.jpg,178
AMLdataset/release/images_augmentation\aug_0_images_2251.jpg,178
AMLdataset/release/images_augmentation\aug_1_images_2251.jpg,178
AMLdataset/release/images\images_2252.jpg,178
AMLdataset/release/images_augmentation\aug_0_images_2252.jpg,178
AMLdataset/release/images_augmentation\aug_1_images_2252.jpg,178
AMLdataset/release/images\images_2253.jpg,178
AMLdataset/release/images_augmentation\aug_0_images_2253.jpg,178
AMLdataset/release/images_augmentation\aug_1_images_2253.jpg,178
AMLdataset/release/images\images_2254.jpg,178
AMLdataset/release/images_augmentation\aug_0_images_2254.jpg,178
AMLdataset/release/images_augmentation\aug_1_images_2254.jpg,178
AMLdataset/release/images\images_2255.jpg,178
AMLdataset/release/images_augmentation\aug_0_images_2255.jpg,178
AMLdataset/release/images_augmentation\aug_1_images_2255.jpg,178
AMLdataset/release/images\images_2256.jpg,178
AMLdataset/release/images_augmentation\aug_0_images_2256.jpg,178
AMLdataset/release/images_augmentation\aug_1_images_2256.jpg,178
AMLdataset/release/images\images_2257.jpg,178
AMLdataset/release/images_augmentation\aug_0_images_2257.jpg,178
AMLdataset/release/images_augmentation\aug_1_images_2257.jpg,178
AMLdataset/release/images\images_2258.jpg,178
AMLdataset/release/images_augmentation\aug_0_images_2258.jpg,178
AMLdataset/release/images_augmentation\aug_1_images_2258.jpg,178
AMLdataset/release/images\images_2259.jpg,178
AMLdataset/release/images_augmentation\aug_0_images_2259.jpg,178
AMLdataset/release/images_augmentation\aug_1_images_2259.jpg,178
AMLdataset/release/images\images_2260.jpg,178
AMLdataset/release/images_augmentation\aug_0_images_2260.jpg,178
AMLdataset/release/images_augmentation\aug_1_images_2260.jpg,178
AMLdataset/release/images\images_2261.jpg,180
AMLdataset/release/images_augmentation\aug_0_images_2261.jpg,180
AMLdataset/release/images_augmentation\aug_1_images_2261.jpg,180
AMLdataset/release/images\images_2262.jpg,180
AMLdataset/release/images_augmentation\aug_0_images_2262.jpg,180
AMLdataset/release/images_augmentation\aug_1_images_2262.jpg,180
AMLdataset/release/images\images_2263.jpg,180
AMLdataset/release/images_augmentation\aug_0_images_2263.jpg,180
AMLdataset/release/images_augmentation\aug_1_images_2263.jpg,180
AMLdataset/release/images\images_2264.jpg,180
AMLdataset/release/images_augmentation\aug_0_images_2264.jpg,180
AMLdataset/release/images_augmentation\aug_1_images_2264.jpg,180
AMLdataset/release/images\images_2265.jpg,180
AMLdataset/release/images_augmentation\aug_0_images_2265.jpg,180
AMLdataset/release/images_augmentation\aug_1_images_2265.jpg,180
AMLdataset/release/images\images_2266.jpg,180
AMLdataset/release/images_augmentation\aug_0_images_2266.jpg,180
AMLdataset/release/images_augmentation\aug_1_images_2266.jpg,180
AMLdataset/release/images\images_2267.jpg,180
AMLdataset/release/images_augmentation\aug_0_images_2267.jpg,180
AMLdataset/release/images_augmentation\aug_1_images_2267.jpg,180
AMLdataset/release/images\images_2268.jpg,180
AMLdataset/release/images_augmentation\aug_0_images_2268.jpg,180
AMLdataset/release/images_augmentation\aug_1_images_2268.jpg,180
AMLdataset/release/images\images_2269.jpg,180
AMLdataset/release/images_augmentation\aug_0_images_2269.jpg,180
AMLdataset/release/images_augmentation\aug_1_images_2269.jpg,180
AMLdataset/release/images\images_2270.jpg,180
AMLdataset/release/images_augmentation\aug_0_images_2270.jpg,180
AMLdataset/release/images_augmentation\aug_1_images_2270.jpg,180
AMLdataset/release/images\images_2271.jpg,180
AMLdataset/release/images_augmentation\aug_0_images_2271.jpg,180
AMLdataset/release/images_augmentation\aug_1_images_2271.jpg,180
AMLdataset/release/images\images_2272.jpg,180
AMLdataset/release/images_augmentation\aug_0_images_2272.jpg,180
AMLdataset/release/images_augmentation\aug_1_images_2272.jpg,180
AMLdataset/release/images\images_2273.jpg,180
AMLdataset/release/images_augmentation\aug_0_images_2273.jpg,180
AMLdataset/release/images_augmentation\aug_1_images_2273.jpg,180
AMLdataset/release/images\images_2274.jpg,180
AMLdataset/release/images_augmentation\aug_0_images_2274.jpg,180
AMLdataset/release/images_augmentation\aug_1_images_2274.jpg,180
AMLdataset/release/images\images_2275.jpg,180
AMLdataset/release/images_augmentation\aug_0_images_2275.jpg,180
AMLdataset/release/images_augmentation\aug_1_images_2275.jpg,180
AMLdataset/release/images\images_2276.jpg,180
AMLdataset/release/images_augmentation\aug_0_images_2276.jpg,180
AMLdataset/release/images_augmentation\aug_1_images_2276.jpg,180
AMLdataset/release/images\images_2277.jpg,180
AMLdataset/release/images_augmentation\aug_0_images_2277.jpg,180
AMLdataset/release/images_augmentation\aug_1_images_2277.jpg,180
AMLdataset/release/images\images_2278.jpg,180
AMLdataset/release/images_augmentation\aug_0_images_2278.jpg,180
AMLdataset/release/images_augmentation\aug_1_images_2278.jpg,180
AMLdataset/release/images\images_2279.jpg,180
AMLdataset/release/images_augmentation\aug_0_images_2279.jpg,180
AMLdataset/release/images_augmentation\aug_1_images_2279.jpg,180
AMLdataset/release/images\images_2280.jpg,180
AMLdataset/release/images_augmentation\aug_0_images_2280.jpg,180
AMLdataset/release/images_augmentation\aug_1_images_2280.jpg,180
AMLdataset/release/images\images_2281.jpg,43
AMLdataset/release/images_augmentation\aug_0_images_2281.jpg,43
AMLdataset/release/images_augmentation\aug_1_images_2281.jpg,43
AMLdataset/release/images\images_2282.jpg,43
AMLdataset/release/images_augmentation\aug_0_images_2282.jpg,43
AMLdataset/release/images_augmentation\aug_1_images_2282.jpg,43
AMLdataset/release/images\images_2283.jpg,43
AMLdataset/release/images_augmentation\aug_0_images_2283.jpg,43
AMLdataset/release/images_augmentation\aug_1_images_2283.jpg,43
AMLdataset/release/images\images_2284.jpg,43
AMLdataset/release/images_augmentation\aug_0_images_2284.jpg,43
AMLdataset/release/images_augmentation\aug_1_images_2284.jpg,43
AMLdataset/release/images\images_2285.jpg,43
AMLdataset/release/images_augmentation\aug_0_images_2285.jpg,43
AMLdataset/release/images_augmentation\aug_1_images_2285.jpg,43
AMLdataset/release/images\images_2286.jpg,43
AMLdataset/release/images_augmentation\aug_0_images_2286.jpg,43
AMLdataset/release/images_augmentation\aug_1_images_2286.jpg,43
AMLdataset/release/images\images_2287.jpg,43
AMLdataset/release/images_augmentation\aug_0_images_2287.jpg,43
AMLdataset/release/images_augmentation\aug_1_images_2287.jpg,43
AMLdataset/release/images\images_2288.jpg,43
AMLdataset/release/images_augmentation\aug_0_images_2288.jpg,43
AMLdataset/release/images_augmentation\aug_1_images_2288.jpg,43
AMLdataset/release/images\images_2289.jpg,43
AMLdataset/release/images_augmentation\aug_0_images_2289.jpg,43
AMLdataset/release/images_augmentation\aug_1_images_2289.jpg,43
AMLdataset/release/images\images_2290.jpg,43
AMLdataset/release/images_augmentation\aug_0_images_2290.jpg,43
AMLdataset/release/images_augmentation\aug_1_images_2290.jpg,43
AMLdataset/release/images\images_2291.jpg,43
AMLdataset/release/images_augmentation\aug_0_images_2291.jpg,43
AMLdataset/release/images_augmentation\aug_1_images_2291.jpg,43
AMLdataset/release/images\images_2292.jpg,43
AMLdataset/release/images_augmentation\aug_0_images_2292.jpg,43
AMLdataset/release/images_augmentation\aug_1_images_2292.jpg,43
AMLdataset/release/images\images_2293.jpg,43
AMLdataset/release/images_augmentation\aug_0_images_2293.jpg,43
AMLdataset/release/images_augmentation\aug_1_images_2293.jpg,43
AMLdataset/release/images\images_2294.jpg,43
AMLdataset/release/images_augmentation\aug_0_images_2294.jpg,43
AMLdataset/release/images_augmentation\aug_1_images_2294.jpg,43
AMLdataset/release/images\images_2295.jpg,43
AMLdataset/release/images_augmentation\aug_0_images_2295.jpg,43
AMLdataset/release/images_augmentation\aug_1_images_2295.jpg,43
AMLdataset/release/images\images_2296.jpg,43
AMLdataset/release/images_augmentation\aug_0_images_2296.jpg,43
AMLdataset/release/images_augmentation\aug_1_images_2296.jpg,43
AMLdataset/release/images\images_2297.jpg,43
AMLdataset/release/images_augmentation\aug_0_images_2297.jpg,43
AMLdataset/release/images_augmentation\aug_1_images_2297.jpg,43
AMLdataset/release/images\images_2298.jpg,43
AMLdataset/release/images_augmentation\aug_0_images_2298.jpg,43
AMLdataset/release/images_augmentation\aug_1_images_2298.jpg,43
AMLdataset/release/images\images_2299.jpg,43
AMLdataset/release/images_augmentation\aug_0_images_2299.jpg,43
AMLdataset/release/images_augmentation\aug_1_images_2299.jpg,43
AMLdataset/release/images\images_2300.jpg,43
AMLdataset/release/images_augmentation\aug_0_images_2300.jpg,43
AMLdataset/release/images_augmentation\aug_1_images_2300.jpg,43
AMLdataset/release/images\images_2301.jpg,123
AMLdataset/release/images_augmentation\aug_0_images_2301.jpg,123
AMLdataset/release/images_augmentation\aug_1_images_2301.jpg,123
AMLdataset/release/images\images_2302.jpg,123
AMLdataset/release/images_augmentation\aug_0_images_2302.jpg,123
AMLdataset/release/images_augmentation\aug_1_images_2302.jpg,123
AMLdataset/release/images\images_2303.jpg,123
AMLdataset/release/images_augmentation\aug_0_images_2303.jpg,123
AMLdataset/release/images_augmentation\aug_1_images_2303.jpg,123
AMLdataset/release/images\images_2304.jpg,123
AMLdataset/release/images_augmentation\aug_0_images_2304.jpg,123
AMLdataset/release/images_augmentation\aug_1_images_2304.jpg,123
AMLdataset/release/images\images_2305.jpg,123
AMLdataset/release/images_augmentation\aug_0_images_2305.jpg,123
AMLdataset/release/images_augmentation\aug_1_images_2305.jpg,123
AMLdataset/release/images\images_2306.jpg,123
AMLdataset/release/images_augmentation\aug_0_images_2306.jpg,123
AMLdataset/release/images_augmentation\aug_1_images_2306.jpg,123
AMLdataset/release/images\images_2307.jpg,123
AMLdataset/release/images_augmentation\aug_0_images_2307.jpg,123
AMLdataset/release/images_augmentation\aug_1_images_2307.jpg,123
AMLdataset/release/images\images_2308.jpg,123
AMLdataset/release/images_augmentation\aug_0_images_2308.jpg,123
AMLdataset/release/images_augmentation\aug_1_images_2308.jpg,123
AMLdataset/release/images\images_2309.jpg,123
AMLdataset/release/images_augmentation\aug_0_images_2309.jpg,123
AMLdataset/release/images_augmentation\aug_1_images_2309.jpg,123
AMLdataset/release/images\images_2310.jpg,123
AMLdataset/release/images_augmentation\aug_0_images_2310.jpg,123
AMLdataset/release/images_augmentation\aug_1_images_2310.jpg,123
AMLdataset/release/images\images_2311.jpg,123
AMLdataset/release/images_augmentation\aug_0_images_2311.jpg,123
AMLdataset/release/images_augmentation\aug_1_images_2311.jpg,123
AMLdataset/release/images\images_2312.jpg,123
AMLdataset/release/images_augmentation\aug_0_images_2312.jpg,123
AMLdataset/release/images_augmentation\aug_1_images_2312.jpg,123
AMLdataset/release/images\images_2313.jpg,123
AMLdataset/release/images_augmentation\aug_0_images_2313.jpg,123
AMLdataset/release/images_augmentation\aug_1_images_2313.jpg,123
AMLdataset/release/images\images_2314.jpg,123
AMLdataset/release/images_augmentation\aug_0_images_2314.jpg,123
AMLdataset/release/images_augmentation\aug_1_images_2314.jpg,123
AMLdataset/release/images\images_2315.jpg,123
AMLdataset/release/images_augmentation\aug_0_images_2315.jpg,123
AMLdataset/release/images_augmentation\aug_1_images_2315.jpg,123
AMLdataset/release/images\images_2316.jpg,123
AMLdataset/release/images_augmentation\aug_0_images_2316.jpg,123
AMLdataset/release/images_augmentation\aug_1_images_2316.jpg,123
AMLdataset/release/images\images_2317.jpg,123
AMLdataset/release/images_augmentation\aug_0_images_2317.jpg,123
AMLdataset/release/images_augmentation\aug_1_images_2317.jpg,123
AMLdataset/release/images\images_2318.jpg,123
AMLdataset/release/images_augmentation\aug_0_images_2318.jpg,123
AMLdataset/release/images_augmentation\aug_1_images_2318.jpg,123
AMLdataset/release/images\images_2319.jpg,123
AMLdataset/release/images_augmentation\aug_0_images_2319.jpg,123
AMLdataset/release/images_augmentation\aug_1_images_2319.jpg,123
AMLdataset/release/images\images_2320.jpg,123
AMLdataset/release/images_augmentation\aug_0_images_2320.jpg,123
AMLdataset/release/images_augmentation\aug_1_images_2320.jpg,123
AMLdataset/release/images\images_2321.jpg,170
AMLdataset/release/images_augmentation\aug_0_images_2321.jpg,170
AMLdataset/release/images_augmentation\aug_1_images_2321.jpg,170
AMLdataset/release/images\images_2322.jpg,170
AMLdataset/release/images_augmentation\aug_0_images_2322.jpg,170
AMLdataset/release/images_augmentation\aug_1_images_2322.jpg,170
AMLdataset/release/images\images_2323.jpg,170
AMLdataset/release/images_augmentation\aug_0_images_2323.jpg,170
AMLdataset/release/images_augmentation\aug_1_images_2323.jpg,170
AMLdataset/release/images\images_2324.jpg,170
AMLdataset/release/images_augmentation\aug_0_images_2324.jpg,170
AMLdataset/release/images_augmentation\aug_1_images_2324.jpg,170
AMLdataset/release/images\images_2325.jpg,170
AMLdataset/release/images_augmentation\aug_0_images_2325.jpg,170
AMLdataset/release/images_augmentation\aug_1_images_2325.jpg,170
AMLdataset/release/images\images_2326.jpg,170
AMLdataset/release/images_augmentation\aug_0_images_2326.jpg,170
AMLdataset/release/images_augmentation\aug_1_images_2326.jpg,170
AMLdataset/release/images\images_2327.jpg,170
AMLdataset/release/images_augmentation\aug_0_images_2327.jpg,170
AMLdataset/release/images_augmentation\aug_1_images_2327.jpg,170
AMLdataset/release/images\images_2328.jpg,170
AMLdataset/release/images_augmentation\aug_0_images_2328.jpg,170
AMLdataset/release/images_augmentation\aug_1_images_2328.jpg,170
AMLdataset/release/images\images_2329.jpg,170
AMLdataset/release/images_augmentation\aug_0_images_2329.jpg,170
AMLdataset/release/images_augmentation\aug_1_images_2329.jpg,170
AMLdataset/release/images\images_2330.jpg,170
AMLdataset/release/images_augmentation\aug_0_images_2330.jpg,170
AMLdataset/release/images_augmentation\aug_1_images_2330.jpg,170
AMLdataset/release/images\images_2331.jpg,170
AMLdataset/release/images_augmentation\aug_0_images_2331.jpg,170
AMLdataset/release/images_augmentation\aug_1_images_2331.jpg,170
AMLdataset/release/images\images_2332.jpg,170
AMLdataset/release/images_augmentation\aug_0_images_2332.jpg,170
AMLdataset/release/images_augmentation\aug_1_images_2332.jpg,170
AMLdataset/release/images\images_2333.jpg,170
AMLdataset/release/images_augmentation\aug_0_images_2333.jpg,170
AMLdataset/release/images_augmentation\aug_1_images_2333.jpg,170
AMLdataset/release/images\images_2334.jpg,170
AMLdataset/release/images_augmentation\aug_0_images_2334.jpg,170
AMLdataset/release/images_augmentation\aug_1_images_2334.jpg,170
AMLdataset/release/images\images_2335.jpg,170
AMLdataset/release/images_augmentation\aug_0_images_2335.jpg,170
AMLdataset/release/images_augmentation\aug_1_images_2335.jpg,170
AMLdataset/release/images\images_2336.jpg,170
AMLdataset/release/images_augmentation\aug_0_images_2336.jpg,170
AMLdataset/release/images_augmentation\aug_1_images_2336.jpg,170
AMLdataset/release/images\images_2337.jpg,170
AMLdataset/release/images_augmentation\aug_0_images_2337.jpg,170
AMLdataset/release/images_augmentation\aug_1_images_2337.jpg,170
AMLdataset/release/images\images_2338.jpg,170
AMLdataset/release/images_augmentation\aug_0_images_2338.jpg,170
AMLdataset/release/images_augmentation\aug_1_images_2338.jpg,170
AMLdataset/release/images\images_2339.jpg,170
AMLdataset/release/images_augmentation\aug_0_images_2339.jpg,170
AMLdataset/release/images_augmentation\aug_1_images_2339.jpg,170
AMLdataset/release/images\images_2340.jpg,170
AMLdataset/release/images\images_2341.jpg,7
AMLdataset/release/images_augmentation\aug_0_images_2341.jpg,7
AMLdataset/release/images_augmentation\aug_1_images_2341.jpg,7
AMLdataset/release/images\images_2342.jpg,7
AMLdataset/release/images_augmentation\aug_0_images_2342.jpg,7
AMLdataset/release/images_augmentation\aug_1_images_2342.jpg,7
AMLdataset/release/images\images_2343.jpg,7
AMLdataset/release/images_augmentation\aug_0_images_2343.jpg,7
AMLdataset/release/images_augmentation\aug_1_images_2343.jpg,7
AMLdataset/release/images\images_2344.jpg,7
AMLdataset/release/images_augmentation\aug_0_images_2344.jpg,7
AMLdataset/release/images_augmentation\aug_1_images_2344.jpg,7
AMLdataset/release/images\images_2345.jpg,7
AMLdataset/release/images_augmentation\aug_0_images_2345.jpg,7
AMLdataset/release/images_augmentation\aug_1_images_2345.jpg,7
AMLdataset/release/images\images_2346.jpg,7
AMLdataset/release/images_augmentation\aug_0_images_2346.jpg,7
AMLdataset/release/images_augmentation\aug_1_images_2346.jpg,7
AMLdataset/release/images\images_2347.jpg,7
AMLdataset/release/images_augmentation\aug_0_images_2347.jpg,7
AMLdataset/release/images_augmentation\aug_1_images_2347.jpg,7
AMLdataset/release/images\images_2348.jpg,7
AMLdataset/release/images_augmentation\aug_0_images_2348.jpg,7
AMLdataset/release/images_augmentation\aug_1_images_2348.jpg,7
AMLdataset/release/images\images_2349.jpg,7
AMLdataset/release/images_augmentation\aug_0_images_2349.jpg,7
AMLdataset/release/images_augmentation\aug_1_images_2349.jpg,7
AMLdataset/release/images\images_2350.jpg,7
AMLdataset/release/images_augmentation\aug_0_images_2350.jpg,7
AMLdataset/release/images_augmentation\aug_1_images_2350.jpg,7
AMLdataset/release/images\images_2351.jpg,7
AMLdataset/release/images_augmentation\aug_0_images_2351.jpg,7
AMLdataset/release/images_augmentation\aug_1_images_2351.jpg,7
AMLdataset/release/images\images_2352.jpg,7
AMLdataset/release/images_augmentation\aug_0_images_2352.jpg,7
AMLdataset/release/images_augmentation\aug_1_images_2352.jpg,7
AMLdataset/release/images\images_2353.jpg,7
AMLdataset/release/images_augmentation\aug_0_images_2353.jpg,7
AMLdataset/release/images_augmentation\aug_1_images_2353.jpg,7
AMLdataset/release/images\images_2354.jpg,7
AMLdataset/release/images_augmentation\aug_0_images_2354.jpg,7
AMLdataset/release/images_augmentation\aug_1_images_2354.jpg,7
AMLdataset/release/images\images_2355.jpg,7
AMLdataset/release/images_augmentation\aug_0_images_2355.jpg,7
AMLdataset/release/images_augmentation\aug_1_images_2355.jpg,7
AMLdataset/release/images\images_2356.jpg,7
AMLdataset/release/images_augmentation\aug_0_images_2356.jpg,7
AMLdataset/release/images_augmentation\aug_1_images_2356.jpg,7
AMLdataset/release/images\images_2357.jpg,7
AMLdataset/release/images_augmentation\aug_0_images_2357.jpg,7
AMLdataset/release/images_augmentation\aug_1_images_2357.jpg,7
AMLdataset/release/images\images_2358.jpg,7
AMLdataset/release/images_augmentation\aug_0_images_2358.jpg,7
AMLdataset/release/images_augmentation\aug_1_images_2358.jpg,7
AMLdataset/release/images\images_2359.jpg,7
AMLdataset/release/images_augmentation\aug_0_images_2359.jpg,7
AMLdataset/release/images_augmentation\aug_1_images_2359.jpg,7
AMLdataset/release/images\images_2360.jpg,7
AMLdataset/release/images_augmentation\aug_0_images_2360.jpg,7
AMLdataset/release/images_augmentation\aug_1_images_2360.jpg,7
AMLdataset/release/images\images_2361.jpg,362
AMLdataset/release/images_augmentation\aug_0_images_2361.jpg,362
AMLdataset/release/images_augmentation\aug_1_images_2361.jpg,362
AMLdataset/release/images\images_2362.jpg,362
AMLdataset/release/images_augmentation\aug_0_images_2362.jpg,362
AMLdataset/release/images_augmentation\aug_1_images_2362.jpg,362
AMLdataset/release/images\images_2363.jpg,362
AMLdataset/release/images_augmentation\aug_0_images_2363.jpg,362
AMLdataset/release/images_augmentation\aug_1_images_2363.jpg,362
AMLdataset/release/images\images_2364.jpg,362
AMLdataset/release/images_augmentation\aug_0_images_2364.jpg,362
AMLdataset/release/images_augmentation\aug_1_images_2364.jpg,362
AMLdataset/release/images\images_2365.jpg,362
AMLdataset/release/images_augmentation\aug_0_images_2365.jpg,362
AMLdataset/release/images_augmentation\aug_1_images_2365.jpg,362
AMLdataset/release/images\images_2366.jpg,362
AMLdataset/release/images_augmentation\aug_0_images_2366.jpg,362
AMLdataset/release/images_augmentation\aug_1_images_2366.jpg,362
AMLdataset/release/images\images_2367.jpg,362
AMLdataset/release/images_augmentation\aug_0_images_2367.jpg,362
AMLdataset/release/images_augmentation\aug_1_images_2367.jpg,362
AMLdataset/release/images\images_2368.jpg,362
AMLdataset/release/images_augmentation\aug_0_images_2368.jpg,362
AMLdataset/release/images_augmentation\aug_1_images_2368.jpg,362
AMLdataset/release/images\images_2369.jpg,362
AMLdataset/release/images_augmentation\aug_0_images_2369.jpg,362
AMLdataset/release/images_augmentation\aug_1_images_2369.jpg,362
AMLdataset/release/images\images_2370.jpg,362
AMLdataset/release/images_augmentation\aug_0_images_2370.jpg,362
AMLdataset/release/images_augmentation\aug_1_images_2370.jpg,362
AMLdataset/release/images\images_2371.jpg,362
AMLdataset/release/images_augmentation\aug_0_images_2371.jpg,362
AMLdataset/release/images_augmentation\aug_1_images_2371.jpg,362
AMLdataset/release/images\images_2372.jpg,362
AMLdataset/release/images_augmentation\aug_0_images_2372.jpg,362
AMLdataset/release/images_augmentation\aug_1_images_2372.jpg,362
AMLdataset/release/images\images_2373.jpg,362
AMLdataset/release/images_augmentation\aug_0_images_2373.jpg,362
AMLdataset/release/images_augmentation\aug_1_images_2373.jpg,362
AMLdataset/release/images\images_2374.jpg,362
AMLdataset/release/images_augmentation\aug_0_images_2374.jpg,362
AMLdataset/release/images_augmentation\aug_1_images_2374.jpg,362
AMLdataset/release/images\images_2375.jpg,362
AMLdataset/release/images_augmentation\aug_0_images_2375.jpg,362
AMLdataset/release/images_augmentation\aug_1_images_2375.jpg,362
AMLdataset/release/images\images_2376.jpg,362
AMLdataset/release/images_augmentation\aug_0_images_2376.jpg,362
AMLdataset/release/images_augmentation\aug_1_images_2376.jpg,362
AMLdataset/release/images\images_2377.jpg,362
AMLdataset/release/images_augmentation\aug_0_images_2377.jpg,362
AMLdataset/release/images_augmentation\aug_1_images_2377.jpg,362
AMLdataset/release/images\images_2378.jpg,362
AMLdataset/release/images_augmentation\aug_0_images_2378.jpg,362
AMLdataset/release/images_augmentation\aug_1_images_2378.jpg,362
AMLdataset/release/images\images_2379.jpg,362
AMLdataset/release/images_augmentation\aug_0_images_2379.jpg,362
AMLdataset/release/images_augmentation\aug_1_images_2379.jpg,362
AMLdataset/release/images\images_2380.jpg,362
AMLdataset/release/images_augmentation\aug_0_images_2380.jpg,362
AMLdataset/release/images_augmentation\aug_1_images_2380.jpg,362
AMLdataset/release/images\images_2381.jpg,197
AMLdataset/release/images_augmentation\aug_0_images_2381.jpg,197
AMLdataset/release/images_augmentation\aug_1_images_2381.jpg,197
AMLdataset/release/images\images_2382.jpg,197
AMLdataset/release/images_augmentation\aug_0_images_2382.jpg,197
AMLdataset/release/images_augmentation\aug_1_images_2382.jpg,197
AMLdataset/release/images\images_2383.jpg,197
AMLdataset/release/images_augmentation\aug_0_images_2383.jpg,197
AMLdataset/release/images_augmentation\aug_1_images_2383.jpg,197
AMLdataset/release/images\images_2384.jpg,197
AMLdataset/release/images_augmentation\aug_0_images_2384.jpg,197
AMLdataset/release/images_augmentation\aug_1_images_2384.jpg,197
AMLdataset/release/images\images_2385.jpg,197
AMLdataset/release/images_augmentation\aug_0_images_2385.jpg,197
AMLdataset/release/images_augmentation\aug_1_images_2385.jpg,197
AMLdataset/release/images\images_2386.jpg,197
AMLdataset/release/images_augmentation\aug_0_images_2386.jpg,197
AMLdataset/release/images_augmentation\aug_1_images_2386.jpg,197
AMLdataset/release/images\images_2387.jpg,197
AMLdataset/release/images_augmentation\aug_0_images_2387.jpg,197
AMLdataset/release/images_augmentation\aug_1_images_2387.jpg,197
AMLdataset/release/images\images_2388.jpg,197
AMLdataset/release/images_augmentation\aug_0_images_2388.jpg,197
AMLdataset/release/images_augmentation\aug_1_images_2388.jpg,197
AMLdataset/release/images\images_2389.jpg,197
AMLdataset/release/images_augmentation\aug_0_images_2389.jpg,197
AMLdataset/release/images_augmentation\aug_1_images_2389.jpg,197
AMLdataset/release/images\images_2390.jpg,197
AMLdataset/release/images_augmentation\aug_0_images_2390.jpg,197
AMLdataset/release/images_augmentation\aug_1_images_2390.jpg,197
AMLdataset/release/images\images_2391.jpg,197
AMLdataset/release/images_augmentation\aug_0_images_2391.jpg,197
AMLdataset/release/images_augmentation\aug_1_images_2391.jpg,197
AMLdataset/release/images\images_2392.jpg,197
AMLdataset/release/images_augmentation\aug_0_images_2392.jpg,197
AMLdataset/release/images_augmentation\aug_1_images_2392.jpg,197
AMLdataset/release/images\images_2393.jpg,197
AMLdataset/release/images_augmentation\aug_0_images_2393.jpg,197
AMLdataset/release/images_augmentation\aug_1_images_2393.jpg,197
AMLdataset/release/images\images_2394.jpg,197
AMLdataset/release/images_augmentation\aug_0_images_2394.jpg,197
AMLdataset/release/images_augmentation\aug_1_images_2394.jpg,197
AMLdataset/release/images\images_2395.jpg,197
AMLdataset/release/images_augmentation\aug_0_images_2395.jpg,197
AMLdataset/release/images_augmentation\aug_1_images_2395.jpg,197
AMLdataset/release/images\images_2396.jpg,197
AMLdataset/release/images_augmentation\aug_0_images_2396.jpg,197
AMLdataset/release/images_augmentation\aug_1_images_2396.jpg,197
AMLdataset/release/images\images_2397.jpg,197
AMLdataset/release/images_augmentation\aug_0_images_2397.jpg,197
AMLdataset/release/images_augmentation\aug_1_images_2397.jpg,197
AMLdataset/release/images\images_2398.jpg,197
AMLdataset/release/images_augmentation\aug_0_images_2398.jpg,197
AMLdataset/release/images_augmentation\aug_1_images_2398.jpg,197
AMLdataset/release/images\images_2399.jpg,197
AMLdataset/release/images_augmentation\aug_0_images_2399.jpg,197
AMLdataset/release/images_augmentation\aug_1_images_2399.jpg,197
AMLdataset/release/images\images_2400.jpg,197
AMLdataset/release/images_augmentation\aug_0_images_2400.jpg,197
AMLdataset/release/images_augmentation\aug_1_images_2400.jpg,197
AMLdataset/release/images\images_2401.jpg,343
AMLdataset/release/images_augmentation\aug_0_images_2401.jpg,343
AMLdataset/release/images_augmentation\aug_1_images_2401.jpg,343
AMLdataset/release/images\images_2402.jpg,343
AMLdataset/release/images_augmentation\aug_0_images_2402.jpg,343
AMLdataset/release/images_augmentation\aug_1_images_2402.jpg,343
AMLdataset/release/images\images_2403.jpg,343
AMLdataset/release/images_augmentation\aug_0_images_2403.jpg,343
AMLdataset/release/images_augmentation\aug_1_images_2403.jpg,343
AMLdataset/release/images\images_2404.jpg,343
AMLdataset/release/images_augmentation\aug_0_images_2404.jpg,343
AMLdataset/release/images_augmentation\aug_1_images_2404.jpg,343
AMLdataset/release/images\images_2405.jpg,343
AMLdataset/release/images_augmentation\aug_0_images_2405.jpg,343
AMLdataset/release/images_augmentation\aug_1_images_2405.jpg,343
AMLdataset/release/images\images_2406.jpg,343
AMLdataset/release/images_augmentation\aug_0_images_2406.jpg,343
AMLdataset/release/images_augmentation\aug_1_images_2406.jpg,343
AMLdataset/release/images\images_2407.jpg,343
AMLdataset/release/images_augmentation\aug_0_images_2407.jpg,343
AMLdataset/release/images_augmentation\aug_1_images_2407.jpg,343
AMLdataset/release/images\images_2408.jpg,343
AMLdataset/release/images_augmentation\aug_0_images_2408.jpg,343
AMLdataset/release/images_augmentation\aug_1_images_2408.jpg,343
AMLdataset/release/images\images_2409.jpg,343
AMLdataset/release/images_augmentation\aug_0_images_2409.jpg,343
AMLdataset/release/images_augmentation\aug_1_images_2409.jpg,343
AMLdataset/release/images\images_2410.jpg,343
AMLdataset/release/images_augmentation\aug_0_images_2410.jpg,343
AMLdataset/release/images_augmentation\aug_1_images_2410.jpg,343
AMLdataset/release/images\images_2411.jpg,343
AMLdataset/release/images_augmentation\aug_0_images_2411.jpg,343
AMLdataset/release/images_augmentation\aug_1_images_2411.jpg,343
AMLdataset/release/images\images_2412.jpg,343
AMLdataset/release/images_augmentation\aug_0_images_2412.jpg,343
AMLdataset/release/images_augmentation\aug_1_images_2412.jpg,343
AMLdataset/release/images\images_2413.jpg,343
AMLdataset/release/images_augmentation\aug_0_images_2413.jpg,343
AMLdataset/release/images_augmentation\aug_1_images_2413.jpg,343
AMLdataset/release/images\images_2414.jpg,343
AMLdataset/release/images_augmentation\aug_0_images_2414.jpg,343
AMLdataset/release/images_augmentation\aug_1_images_2414.jpg,343
AMLdataset/release/images\images_2415.jpg,343
AMLdataset/release/images_augmentation\aug_0_images_2415.jpg,343
AMLdataset/release/images_augmentation\aug_1_images_2415.jpg,343
AMLdataset/release/images\images_2416.jpg,343
AMLdataset/release/images_augmentation\aug_0_images_2416.jpg,343
AMLdataset/release/images_augmentation\aug_1_images_2416.jpg,343
AMLdataset/release/images\images_2417.jpg,343
AMLdataset/release/images_augmentation\aug_0_images_2417.jpg,343
AMLdataset/release/images_augmentation\aug_1_images_2417.jpg,343
AMLdataset/release/images\images_2418.jpg,343
AMLdataset/release/images_augmentation\aug_0_images_2418.jpg,343
AMLdataset/release/images_augmentation\aug_1_images_2418.jpg,343
AMLdataset/release/images\images_2419.jpg,343
AMLdataset/release/images_augmentation\aug_0_images_2419.jpg,343
AMLdataset/release/images_augmentation\aug_1_images_2419.jpg,343
AMLdataset/release/images\images_2420.jpg,343
AMLdataset/release/images_augmentation\aug_0_images_2420.jpg,343
AMLdataset/release/images_augmentation\aug_1_images_2420.jpg,343
AMLdataset/release/images\images_2421.jpg,158
AMLdataset/release/images_augmentation\aug_0_images_2421.jpg,158
AMLdataset/release/images_augmentation\aug_1_images_2421.jpg,158
AMLdataset/release/images\images_2422.jpg,158
AMLdataset/release/images_augmentation\aug_0_images_2422.jpg,158
AMLdataset/release/images_augmentation\aug_1_images_2422.jpg,158
AMLdataset/release/images\images_2423.jpg,158
AMLdataset/release/images_augmentation\aug_0_images_2423.jpg,158
AMLdataset/release/images_augmentation\aug_1_images_2423.jpg,158
AMLdataset/release/images\images_2424.jpg,158
AMLdataset/release/images_augmentation\aug_0_images_2424.jpg,158
AMLdataset/release/images_augmentation\aug_1_images_2424.jpg,158
AMLdataset/release/images\images_2425.jpg,158
AMLdataset/release/images_augmentation\aug_0_images_2425.jpg,158
AMLdataset/release/images_augmentation\aug_1_images_2425.jpg,158
AMLdataset/release/images\images_2426.jpg,158
AMLdataset/release/images_augmentation\aug_0_images_2426.jpg,158
AMLdataset/release/images_augmentation\aug_1_images_2426.jpg,158
AMLdataset/release/images\images_2427.jpg,158
AMLdataset/release/images_augmentation\aug_0_images_2427.jpg,158
AMLdataset/release/images_augmentation\aug_1_images_2427.jpg,158
AMLdataset/release/images\images_2428.jpg,158
AMLdataset/release/images_augmentation\aug_0_images_2428.jpg,158
AMLdataset/release/images_augmentation\aug_1_images_2428.jpg,158
AMLdataset/release/images\images_2429.jpg,158
AMLdataset/release/images_augmentation\aug_0_images_2429.jpg,158
AMLdataset/release/images_augmentation\aug_1_images_2429.jpg,158
AMLdataset/release/images\images_2430.jpg,158
AMLdataset/release/images_augmentation\aug_0_images_2430.jpg,158
AMLdataset/release/images_augmentation\aug_1_images_2430.jpg,158
AMLdataset/release/images\images_2431.jpg,158
AMLdataset/release/images_augmentation\aug_0_images_2431.jpg,158
AMLdataset/release/images_augmentation\aug_1_images_2431.jpg,158
AMLdataset/release/images\images_2432.jpg,158
AMLdataset/release/images_augmentation\aug_0_images_2432.jpg,158
AMLdataset/release/images_augmentation\aug_1_images_2432.jpg,158
AMLdataset/release/images\images_2433.jpg,158
AMLdataset/release/images_augmentation\aug_0_images_2433.jpg,158
AMLdataset/release/images_augmentation\aug_1_images_2433.jpg,158
AMLdataset/release/images\images_2434.jpg,158
AMLdataset/release/images_augmentation\aug_0_images_2434.jpg,158
AMLdataset/release/images_augmentation\aug_1_images_2434.jpg,158
AMLdataset/release/images\images_2435.jpg,158
AMLdataset/release/images_augmentation\aug_0_images_2435.jpg,158
AMLdataset/release/images_augmentation\aug_1_images_2435.jpg,158
AMLdataset/release/images\images_2436.jpg,158
AMLdataset/release/images_augmentation\aug_0_images_2436.jpg,158
AMLdataset/release/images_augmentation\aug_1_images_2436.jpg,158
AMLdataset/release/images\images_2437.jpg,158
AMLdataset/release/images_augmentation\aug_0_images_2437.jpg,158
AMLdataset/release/images_augmentation\aug_1_images_2437.jpg,158
AMLdataset/release/images\images_2438.jpg,158
AMLdataset/release/images_augmentation\aug_0_images_2438.jpg,158
AMLdataset/release/images_augmentation\aug_1_images_2438.jpg,158
AMLdataset/release/images\images_2439.jpg,158
AMLdataset/release/images_augmentation\aug_0_images_2439.jpg,158
AMLdataset/release/images_augmentation\aug_1_images_2439.jpg,158
AMLdataset/release/images\images_2440.jpg,158
AMLdataset/release/images_augmentation\aug_0_images_2440.jpg,158
AMLdataset/release/images_augmentation\aug_1_images_2440.jpg,158
AMLdataset/release/images\images_2441.jpg,6
AMLdataset/release/images_augmentation\aug_0_images_2441.jpg,6
AMLdataset/release/images_augmentation\aug_1_images_2441.jpg,6
AMLdataset/release/images\images_2442.jpg,6
AMLdataset/release/images_augmentation\aug_0_images_2442.jpg,6
AMLdataset/release/images_augmentation\aug_1_images_2442.jpg,6
AMLdataset/release/images\images_2443.jpg,6
AMLdataset/release/images_augmentation\aug_0_images_2443.jpg,6
AMLdataset/release/images_augmentation\aug_1_images_2443.jpg,6
AMLdataset/release/images\images_2444.jpg,6
AMLdataset/release/images_augmentation\aug_0_images_2444.jpg,6
AMLdataset/release/images_augmentation\aug_1_images_2444.jpg,6
AMLdataset/release/images\images_2445.jpg,6
AMLdataset/release/images_augmentation\aug_0_images_2445.jpg,6
AMLdataset/release/images_augmentation\aug_1_images_2445.jpg,6
AMLdataset/release/images\images_2446.jpg,6
AMLdataset/release/images_augmentation\aug_0_images_2446.jpg,6
AMLdataset/release/images_augmentation\aug_1_images_2446.jpg,6
AMLdataset/release/images\images_2447.jpg,6
AMLdataset/release/images_augmentation\aug_0_images_2447.jpg,6
AMLdataset/release/images_augmentation\aug_1_images_2447.jpg,6
AMLdataset/release/images\images_2448.jpg,6
AMLdataset/release/images_augmentation\aug_0_images_2448.jpg,6
AMLdataset/release/images_augmentation\aug_1_images_2448.jpg,6
AMLdataset/release/images\images_2449.jpg,6
AMLdataset/release/images_augmentation\aug_0_images_2449.jpg,6
AMLdataset/release/images_augmentation\aug_1_images_2449.jpg,6
AMLdataset/release/images\images_2450.jpg,6
AMLdataset/release/images_augmentation\aug_0_images_2450.jpg,6
AMLdataset/release/images_augmentation\aug_1_images_2450.jpg,6
AMLdataset/release/images\images_2451.jpg,6
AMLdataset/release/images_augmentation\aug_0_images_2451.jpg,6
AMLdataset/release/images_augmentation\aug_1_images_2451.jpg,6
AMLdataset/release/images\images_2452.jpg,6
AMLdataset/release/images_augmentation\aug_0_images_2452.jpg,6
AMLdataset/release/images_augmentation\aug_1_images_2452.jpg,6
AMLdataset/release/images\images_2453.jpg,6
AMLdataset/release/images_augmentation\aug_0_images_2453.jpg,6
AMLdataset/release/images_augmentation\aug_1_images_2453.jpg,6
AMLdataset/release/images\images_2454.jpg,6
AMLdataset/release/images_augmentation\aug_0_images_2454.jpg,6
AMLdataset/release/images_augmentation\aug_1_images_2454.jpg,6
AMLdataset/release/images\images_2455.jpg,6
AMLdataset/release/images_augmentation\aug_0_images_2455.jpg,6
AMLdataset/release/images_augmentation\aug_1_images_2455.jpg,6
AMLdataset/release/images\images_2456.jpg,6
AMLdataset/release/images_augmentation\aug_0_images_2456.jpg,6
AMLdataset/release/images_augmentation\aug_1_images_2456.jpg,6
AMLdataset/release/images\images_2457.jpg,6
AMLdataset/release/images_augmentation\aug_0_images_2457.jpg,6
AMLdataset/release/images_augmentation\aug_1_images_2457.jpg,6
AMLdataset/release/images\images_2458.jpg,6
AMLdataset/release/images_augmentation\aug_0_images_2458.jpg,6
AMLdataset/release/images_augmentation\aug_1_images_2458.jpg,6
AMLdataset/release/images\images_2459.jpg,6
AMLdataset/release/images_augmentation\aug_0_images_2459.jpg,6
AMLdataset/release/images_augmentation\aug_1_images_2459.jpg,6
AMLdataset/release/images\images_2460.jpg,6
AMLdataset/release/images_augmentation\aug_0_images_2460.jpg,6
AMLdataset/release/images_augmentation\aug_1_images_2460.jpg,6
AMLdataset/release/images\images_2461.jpg,93
AMLdataset/release/images_augmentation\aug_0_images_2461.jpg,93
AMLdataset/release/images_augmentation\aug_1_images_2461.jpg,93
AMLdataset/release/images\images_2462.jpg,93
AMLdataset/release/images_augmentation\aug_0_images_2462.jpg,93
AMLdataset/release/images_augmentation\aug_1_images_2462.jpg,93
AMLdataset/release/images\images_2463.jpg,93
AMLdataset/release/images_augmentation\aug_0_images_2463.jpg,93
AMLdataset/release/images_augmentation\aug_1_images_2463.jpg,93
AMLdataset/release/images\images_2464.jpg,93
AMLdataset/release/images_augmentation\aug_0_images_2464.jpg,93
AMLdataset/release/images_augmentation\aug_1_images_2464.jpg,93
AMLdataset/release/images\images_2465.jpg,93
AMLdataset/release/images_augmentation\aug_0_images_2465.jpg,93
AMLdataset/release/images_augmentation\aug_1_images_2465.jpg,93
AMLdataset/release/images\images_2466.jpg,93
AMLdataset/release/images_augmentation\aug_0_images_2466.jpg,93
AMLdataset/release/images_augmentation\aug_1_images_2466.jpg,93
AMLdataset/release/images\images_2467.jpg,93
AMLdataset/release/images_augmentation\aug_0_images_2467.jpg,93
AMLdataset/release/images_augmentation\aug_1_images_2467.jpg,93
AMLdataset/release/images\images_2468.jpg,93
AMLdataset/release/images_augmentation\aug_0_images_2468.jpg,93
AMLdataset/release/images_augmentation\aug_1_images_2468.jpg,93
AMLdataset/release/images\images_2469.jpg,93
AMLdataset/release/images_augmentation\aug_0_images_2469.jpg,93
AMLdataset/release/images_augmentation\aug_1_images_2469.jpg,93
AMLdataset/release/images\images_2470.jpg,93
AMLdataset/release/images_augmentation\aug_0_images_2470.jpg,93
AMLdataset/release/images_augmentation\aug_1_images_2470.jpg,93
AMLdataset/release/images\images_2471.jpg,93
AMLdataset/release/images_augmentation\aug_0_images_2471.jpg,93
AMLdataset/release/images_augmentation\aug_1_images_2471.jpg,93
AMLdataset/release/images\images_2472.jpg,93
AMLdataset/release/images_augmentation\aug_0_images_2472.jpg,93
AMLdataset/release/images_augmentation\aug_1_images_2472.jpg,93
AMLdataset/release/images\images_2473.jpg,93
AMLdataset/release/images_augmentation\aug_0_images_2473.jpg,93
AMLdataset/release/images_augmentation\aug_1_images_2473.jpg,93
AMLdataset/release/images\images_2474.jpg,93
AMLdataset/release/images_augmentation\aug_0_images_2474.jpg,93
AMLdataset/release/images_augmentation\aug_1_images_2474.jpg,93
AMLdataset/release/images\images_2475.jpg,93
AMLdataset/release/images_augmentation\aug_0_images_2475.jpg,93
AMLdataset/release/images_augmentation\aug_1_images_2475.jpg,93
AMLdataset/release/images\images_2476.jpg,93
AMLdataset/release/images_augmentation\aug_0_images_2476.jpg,93
AMLdataset/release/images_augmentation\aug_1_images_2476.jpg,93
AMLdataset/release/images\images_2477.jpg,93
AMLdataset/release/images_augmentation\aug_0_images_2477.jpg,93
AMLdataset/release/images_augmentation\aug_1_images_2477.jpg,93
AMLdataset/release/images\images_2478.jpg,93
AMLdataset/release/images_augmentation\aug_0_images_2478.jpg,93
AMLdataset/release/images_augmentation\aug_1_images_2478.jpg,93
AMLdataset/release/images\images_2479.jpg,93
AMLdataset/release/images_augmentation\aug_0_images_2479.jpg,93
AMLdataset/release/images_augmentation\aug_1_images_2479.jpg,93
AMLdataset/release/images\images_2480.jpg,93
AMLdataset/release/images_augmentation\aug_0_images_2480.jpg,93
AMLdataset/release/images_augmentation\aug_1_images_2480.jpg,93
AMLdataset/release/images\images_2481.jpg,209
AMLdataset/release/images_augmentation\aug_0_images_2481.jpg,209
AMLdataset/release/images_augmentation\aug_1_images_2481.jpg,209
AMLdataset/release/images\images_2482.jpg,209
AMLdataset/release/images_augmentation\aug_0_images_2482.jpg,209
AMLdataset/release/images_augmentation\aug_1_images_2482.jpg,209
AMLdataset/release/images\images_2483.jpg,209
AMLdataset/release/images_augmentation\aug_0_images_2483.jpg,209
AMLdataset/release/images_augmentation\aug_1_images_2483.jpg,209
AMLdataset/release/images\images_2484.jpg,209
AMLdataset/release/images_augmentation\aug_0_images_2484.jpg,209
AMLdataset/release/images_augmentation\aug_1_images_2484.jpg,209
AMLdataset/release/images\images_2485.jpg,209
AMLdataset/release/images_augmentation\aug_0_images_2485.jpg,209
AMLdataset/release/images_augmentation\aug_1_images_2485.jpg,209
AMLdataset/release/images\images_2486.jpg,209
AMLdataset/release/images_augmentation\aug_0_images_2486.jpg,209
AMLdataset/release/images_augmentation\aug_1_images_2486.jpg,209
AMLdataset/release/images\images_2487.jpg,209
AMLdataset/release/images_augmentation\aug_0_images_2487.jpg,209
AMLdataset/release/images_augmentation\aug_1_images_2487.jpg,209
AMLdataset/release/images\images_2488.jpg,209
AMLdataset/release/images_augmentation\aug_0_images_2488.jpg,209
AMLdataset/release/images_augmentation\aug_1_images_2488.jpg,209
AMLdataset/release/images\images_2489.jpg,209
AMLdataset/release/images_augmentation\aug_0_images_2489.jpg,209
AMLdataset/release/images_augmentation\aug_1_images_2489.jpg,209
AMLdataset/release/images\images_2490.jpg,209
AMLdataset/release/images_augmentation\aug_0_images_2490.jpg,209
AMLdataset/release/images_augmentation\aug_1_images_2490.jpg,209
AMLdataset/release/images\images_2491.jpg,209
AMLdataset/release/images_augmentation\aug_0_images_2491.jpg,209
AMLdataset/release/images_augmentation\aug_1_images_2491.jpg,209
AMLdataset/release/images\images_2492.jpg,209
AMLdataset/release/images_augmentation\aug_0_images_2492.jpg,209
AMLdataset/release/images_augmentation\aug_1_images_2492.jpg,209
AMLdataset/release/images\images_2493.jpg,209
AMLdataset/release/images_augmentation\aug_0_images_2493.jpg,209
AMLdataset/release/images_augmentation\aug_1_images_2493.jpg,209
AMLdataset/release/images\images_2494.jpg,209
AMLdataset/release/images_augmentation\aug_0_images_2494.jpg,209
AMLdataset/release/images_augmentation\aug_1_images_2494.jpg,209
AMLdataset/release/images\images_2495.jpg,209
AMLdataset/release/images_augmentation\aug_0_images_2495.jpg,209
AMLdataset/release/images_augmentation\aug_1_images_2495.jpg,209
AMLdataset/release/images\images_2496.jpg,209
AMLdataset/release/images_augmentation\aug_0_images_2496.jpg,209
AMLdataset/release/images_augmentation\aug_1_images_2496.jpg,209
AMLdataset/release/images\images_2497.jpg,209
AMLdataset/release/images_augmentation\aug_0_images_2497.jpg,209
AMLdataset/release/images_augmentation\aug_1_images_2497.jpg,209
AMLdataset/release/images\images_2498.jpg,209
AMLdataset/release/images_augmentation\aug_0_images_2498.jpg,209
AMLdataset/release/images_augmentation\aug_1_images_2498.jpg,209
AMLdataset/release/images\images_2499.jpg,209
AMLdataset/release/images_augmentation\aug_0_images_2499.jpg,209
AMLdataset/release/images_augmentation\aug_1_images_2499.jpg,209
AMLdataset/release/images\images_2500.jpg,209
AMLdataset/release/images_augmentation\aug_0_images_2500.jpg,209
AMLdataset/release/images_augmentation\aug_1_images_2500.jpg,209
AMLdataset/release/images\images_2501.jpg,59
AMLdataset/release/images_augmentation\aug_0_images_2501.jpg,59
AMLdataset/release/images_augmentation\aug_1_images_2501.jpg,59
AMLdataset/release/images\images_2502.jpg,59
AMLdataset/release/images_augmentation\aug_0_images_2502.jpg,59
AMLdataset/release/images_augmentation\aug_1_images_2502.jpg,59
AMLdataset/release/images\images_2503.jpg,59
AMLdataset/release/images_augmentation\aug_0_images_2503.jpg,59
AMLdataset/release/images_augmentation\aug_1_images_2503.jpg,59
AMLdataset/release/images\images_2504.jpg,59
AMLdataset/release/images_augmentation\aug_0_images_2504.jpg,59
AMLdataset/release/images_augmentation\aug_1_images_2504.jpg,59
AMLdataset/release/images\images_2505.jpg,59
AMLdataset/release/images_augmentation\aug_0_images_2505.jpg,59
AMLdataset/release/images_augmentation\aug_1_images_2505.jpg,59
AMLdataset/release/images\images_2506.jpg,59
AMLdataset/release/images_augmentation\aug_0_images_2506.jpg,59
AMLdataset/release/images_augmentation\aug_1_images_2506.jpg,59
AMLdataset/release/images\images_2507.jpg,59
AMLdataset/release/images_augmentation\aug_0_images_2507.jpg,59
AMLdataset/release/images_augmentation\aug_1_images_2507.jpg,59
AMLdataset/release/images\images_2508.jpg,59
AMLdataset/release/images_augmentation\aug_0_images_2508.jpg,59
AMLdataset/release/images_augmentation\aug_1_images_2508.jpg,59
AMLdataset/release/images\images_2509.jpg,59
AMLdataset/release/images_augmentation\aug_0_images_2509.jpg,59
AMLdataset/release/images_augmentation\aug_1_images_2509.jpg,59
AMLdataset/release/images\images_2510.jpg,59
AMLdataset/release/images_augmentation\aug_0_images_2510.jpg,59
AMLdataset/release/images_augmentation\aug_1_images_2510.jpg,59
AMLdataset/release/images\images_2511.jpg,59
AMLdataset/release/images_augmentation\aug_0_images_2511.jpg,59
AMLdataset/release/images_augmentation\aug_1_images_2511.jpg,59
AMLdataset/release/images\images_2512.jpg,59
AMLdataset/release/images_augmentation\aug_0_images_2512.jpg,59
AMLdataset/release/images_augmentation\aug_1_images_2512.jpg,59
AMLdataset/release/images\images_2513.jpg,59
AMLdataset/release/images_augmentation\aug_0_images_2513.jpg,59
AMLdataset/release/images_augmentation\aug_1_images_2513.jpg,59
AMLdataset/release/images\images_2514.jpg,59
AMLdataset/release/images_augmentation\aug_0_images_2514.jpg,59
AMLdataset/release/images_augmentation\aug_1_images_2514.jpg,59
AMLdataset/release/images\images_2515.jpg,59
AMLdataset/release/images_augmentation\aug_0_images_2515.jpg,59
AMLdataset/release/images_augmentation\aug_1_images_2515.jpg,59
AMLdataset/release/images\images_2516.jpg,59
AMLdataset/release/images_augmentation\aug_0_images_2516.jpg,59
AMLdataset/release/images_augmentation\aug_1_images_2516.jpg,59
AMLdataset/release/images\images_2517.jpg,59
AMLdataset/release/images_augmentation\aug_0_images_2517.jpg,59
AMLdataset/release/images_augmentation\aug_1_images_2517.jpg,59
AMLdataset/release/images\images_2518.jpg,59
AMLdataset/release/images_augmentation\aug_0_images_2518.jpg,59
AMLdataset/release/images_augmentation\aug_1_images_2518.jpg,59
AMLdataset/release/images\images_2519.jpg,59
AMLdataset/release/images_augmentation\aug_0_images_2519.jpg,59
AMLdataset/release/images_augmentation\aug_1_images_2519.jpg,59
AMLdataset/release/images\images_2520.jpg,59
AMLdataset/release/images_augmentation\aug_0_images_2520.jpg,59
AMLdataset/release/images_augmentation\aug_1_images_2520.jpg,59
AMLdataset/release/images\images_2521.jpg,326
AMLdataset/release/images_augmentation\aug_0_images_2521.jpg,326
AMLdataset/release/images_augmentation\aug_1_images_2521.jpg,326
AMLdataset/release/images\images_2522.jpg,326
AMLdataset/release/images_augmentation\aug_0_images_2522.jpg,326
AMLdataset/release/images_augmentation\aug_1_images_2522.jpg,326
AMLdataset/release/images\images_2523.jpg,326
AMLdataset/release/images_augmentation\aug_0_images_2523.jpg,326
AMLdataset/release/images_augmentation\aug_1_images_2523.jpg,326
AMLdataset/release/images\images_2524.jpg,326
AMLdataset/release/images_augmentation\aug_0_images_2524.jpg,326
AMLdataset/release/images_augmentation\aug_1_images_2524.jpg,326
AMLdataset/release/images\images_2525.jpg,326
AMLdataset/release/images_augmentation\aug_0_images_2525.jpg,326
AMLdataset/release/images_augmentation\aug_1_images_2525.jpg,326
AMLdataset/release/images\images_2526.jpg,326
AMLdataset/release/images_augmentation\aug_0_images_2526.jpg,326
AMLdataset/release/images_augmentation\aug_1_images_2526.jpg,326
AMLdataset/release/images\images_2527.jpg,326
AMLdataset/release/images_augmentation\aug_0_images_2527.jpg,326
AMLdataset/release/images_augmentation\aug_1_images_2527.jpg,326
AMLdataset/release/images\images_2528.jpg,326
AMLdataset/release/images_augmentation\aug_0_images_2528.jpg,326
AMLdataset/release/images_augmentation\aug_1_images_2528.jpg,326
AMLdataset/release/images\images_2529.jpg,326
AMLdataset/release/images_augmentation\aug_0_images_2529.jpg,326
AMLdataset/release/images_augmentation\aug_1_images_2529.jpg,326
AMLdataset/release/images\images_2530.jpg,326
AMLdataset/release/images_augmentation\aug_0_images_2530.jpg,326
AMLdataset/release/images_augmentation\aug_1_images_2530.jpg,326
AMLdataset/release/images\images_2531.jpg,326
AMLdataset/release/images_augmentation\aug_0_images_2531.jpg,326
AMLdataset/release/images_augmentation\aug_1_images_2531.jpg,326
AMLdataset/release/images\images_2532.jpg,326
AMLdataset/release/images_augmentation\aug_0_images_2532.jpg,326
AMLdataset/release/images_augmentation\aug_1_images_2532.jpg,326
AMLdataset/release/images\images_2533.jpg,326
AMLdataset/release/images_augmentation\aug_0_images_2533.jpg,326
AMLdataset/release/images_augmentation\aug_1_images_2533.jpg,326
AMLdataset/release/images\images_2534.jpg,326
AMLdataset/release/images_augmentation\aug_0_images_2534.jpg,326
AMLdataset/release/images_augmentation\aug_1_images_2534.jpg,326
AMLdataset/release/images\images_2535.jpg,326
AMLdataset/release/images_augmentation\aug_0_images_2535.jpg,326
AMLdataset/release/images_augmentation\aug_1_images_2535.jpg,326
AMLdataset/release/images\images_2536.jpg,326
AMLdataset/release/images_augmentation\aug_0_images_2536.jpg,326
AMLdataset/release/images_augmentation\aug_1_images_2536.jpg,326
AMLdataset/release/images\images_2537.jpg,326
AMLdataset/release/images_augmentation\aug_0_images_2537.jpg,326
AMLdataset/release/images_augmentation\aug_1_images_2537.jpg,326
AMLdataset/release/images\images_2538.jpg,326
AMLdataset/release/images_augmentation\aug_0_images_2538.jpg,326
AMLdataset/release/images_augmentation\aug_1_images_2538.jpg,326
AMLdataset/release/images\images_2539.jpg,326
AMLdataset/release/images_augmentation\aug_0_images_2539.jpg,326
AMLdataset/release/images_augmentation\aug_1_images_2539.jpg,326
AMLdataset/release/images\images_2540.jpg,326
AMLdataset/release/images_augmentation\aug_0_images_2540.jpg,326
AMLdataset/release/images_augmentation\aug_1_images_2540.jpg,326
AMLdataset/release/images\images_2541.jpg,173
AMLdataset/release/images_augmentation\aug_0_images_2541.jpg,173
AMLdataset/release/images_augmentation\aug_1_images_2541.jpg,173
AMLdataset/release/images\images_2542.jpg,173
AMLdataset/release/images_augmentation\aug_0_images_2542.jpg,173
AMLdataset/release/images_augmentation\aug_1_images_2542.jpg,173
AMLdataset/release/images\images_2543.jpg,173
AMLdataset/release/images_augmentation\aug_0_images_2543.jpg,173
AMLdataset/release/images_augmentation\aug_1_images_2543.jpg,173
AMLdataset/release/images\images_2544.jpg,173
AMLdataset/release/images_augmentation\aug_0_images_2544.jpg,173
AMLdataset/release/images_augmentation\aug_1_images_2544.jpg,173
AMLdataset/release/images\images_2545.jpg,173
AMLdataset/release/images_augmentation\aug_0_images_2545.jpg,173
AMLdataset/release/images_augmentation\aug_1_images_2545.jpg,173
AMLdataset/release/images\images_2546.jpg,173
AMLdataset/release/images_augmentation\aug_0_images_2546.jpg,173
AMLdataset/release/images_augmentation\aug_1_images_2546.jpg,173
AMLdataset/release/images\images_2547.jpg,173
AMLdataset/release/images_augmentation\aug_0_images_2547.jpg,173
AMLdataset/release/images_augmentation\aug_1_images_2547.jpg,173
AMLdataset/release/images\images_2548.jpg,173
AMLdataset/release/images_augmentation\aug_0_images_2548.jpg,173
AMLdataset/release/images_augmentation\aug_1_images_2548.jpg,173
AMLdataset/release/images\images_2549.jpg,173
AMLdataset/release/images_augmentation\aug_0_images_2549.jpg,173
AMLdataset/release/images_augmentation\aug_1_images_2549.jpg,173
AMLdataset/release/images\images_2550.jpg,173
AMLdataset/release/images_augmentation\aug_0_images_2550.jpg,173
AMLdataset/release/images_augmentation\aug_1_images_2550.jpg,173
AMLdataset/release/images\images_2551.jpg,173
AMLdataset/release/images_augmentation\aug_0_images_2551.jpg,173
AMLdataset/release/images_augmentation\aug_1_images_2551.jpg,173
AMLdataset/release/images\images_2552.jpg,173
AMLdataset/release/images_augmentation\aug_0_images_2552.jpg,173
AMLdataset/release/images_augmentation\aug_1_images_2552.jpg,173
AMLdataset/release/images\images_2553.jpg,173
AMLdataset/release/images_augmentation\aug_0_images_2553.jpg,173
AMLdataset/release/images_augmentation\aug_1_images_2553.jpg,173
AMLdataset/release/images\images_2554.jpg,173
AMLdataset/release/images_augmentation\aug_0_images_2554.jpg,173
AMLdataset/release/images_augmentation\aug_1_images_2554.jpg,173
AMLdataset/release/images\images_2555.jpg,173
AMLdataset/release/images_augmentation\aug_0_images_2555.jpg,173
AMLdataset/release/images_augmentation\aug_1_images_2555.jpg,173
AMLdataset/release/images\images_2556.jpg,173
AMLdataset/release/images_augmentation\aug_0_images_2556.jpg,173
AMLdataset/release/images_augmentation\aug_1_images_2556.jpg,173
AMLdataset/release/images\images_2557.jpg,173
AMLdataset/release/images_augmentation\aug_0_images_2557.jpg,173
AMLdataset/release/images_augmentation\aug_1_images_2557.jpg,173
AMLdataset/release/images\images_2558.jpg,173
AMLdataset/release/images_augmentation\aug_0_images_2558.jpg,173
AMLdataset/release/images_augmentation\aug_1_images_2558.jpg,173
AMLdataset/release/images\images_2559.jpg,173
AMLdataset/release/images_augmentation\aug_0_images_2559.jpg,173
AMLdataset/release/images_augmentation\aug_1_images_2559.jpg,173
AMLdataset/release/images\images_2560.jpg,173
AMLdataset/release/images_augmentation\aug_0_images_2560.jpg,173
AMLdataset/release/images_augmentation\aug_1_images_2560.jpg,173
AMLdataset/release/images\images_2561.jpg,90
AMLdataset/release/images_augmentation\aug_0_images_2561.jpg,90
AMLdataset/release/images_augmentation\aug_1_images_2561.jpg,90
AMLdataset/release/images\images_2562.jpg,90
AMLdataset/release/images_augmentation\aug_0_images_2562.jpg,90
AMLdataset/release/images_augmentation\aug_1_images_2562.jpg,90
AMLdataset/release/images\images_2563.jpg,90
AMLdataset/release/images_augmentation\aug_0_images_2563.jpg,90
AMLdataset/release/images_augmentation\aug_1_images_2563.jpg,90
AMLdataset/release/images\images_2564.jpg,90
AMLdataset/release/images_augmentation\aug_0_images_2564.jpg,90
AMLdataset/release/images_augmentation\aug_1_images_2564.jpg,90
AMLdataset/release/images\images_2565.jpg,90
AMLdataset/release/images_augmentation\aug_0_images_2565.jpg,90
AMLdataset/release/images_augmentation\aug_1_images_2565.jpg,90
AMLdataset/release/images\images_2566.jpg,90
AMLdataset/release/images_augmentation\aug_0_images_2566.jpg,90
AMLdataset/release/images_augmentation\aug_1_images_2566.jpg,90
AMLdataset/release/images\images_2567.jpg,90
AMLdataset/release/images_augmentation\aug_0_images_2567.jpg,90
AMLdataset/release/images_augmentation\aug_1_images_2567.jpg,90
AMLdataset/release/images\images_2568.jpg,90
AMLdataset/release/images_augmentation\aug_0_images_2568.jpg,90
AMLdataset/release/images_augmentation\aug_1_images_2568.jpg,90
AMLdataset/release/images\images_2569.jpg,90
AMLdataset/release/images_augmentation\aug_0_images_2569.jpg,90
AMLdataset/release/images_augmentation\aug_1_images_2569.jpg,90
AMLdataset/release/images\images_2570.jpg,90
AMLdataset/release/images_augmentation\aug_0_images_2570.jpg,90
AMLdataset/release/images_augmentation\aug_1_images_2570.jpg,90
AMLdataset/release/images\images_2571.jpg,90
AMLdataset/release/images_augmentation\aug_0_images_2571.jpg,90
AMLdataset/release/images_augmentation\aug_1_images_2571.jpg,90
AMLdataset/release/images\images_2572.jpg,90
AMLdataset/release/images_augmentation\aug_0_images_2572.jpg,90
AMLdataset/release/images_augmentation\aug_1_images_2572.jpg,90
AMLdataset/release/images\images_2573.jpg,90
AMLdataset/release/images_augmentation\aug_0_images_2573.jpg,90
AMLdataset/release/images_augmentation\aug_1_images_2573.jpg,90
AMLdataset/release/images\images_2574.jpg,90
AMLdataset/release/images_augmentation\aug_0_images_2574.jpg,90
AMLdataset/release/images_augmentation\aug_1_images_2574.jpg,90
AMLdataset/release/images\images_2575.jpg,90
AMLdataset/release/images_augmentation\aug_0_images_2575.jpg,90
AMLdataset/release/images_augmentation\aug_1_images_2575.jpg,90
AMLdataset/release/images\images_2576.jpg,90
AMLdataset/release/images_augmentation\aug_0_images_2576.jpg,90
AMLdataset/release/images_augmentation\aug_1_images_2576.jpg,90
AMLdataset/release/images\images_2577.jpg,90
AMLdataset/release/images_augmentation\aug_0_images_2577.jpg,90
AMLdataset/release/images_augmentation\aug_1_images_2577.jpg,90
AMLdataset/release/images\images_2578.jpg,90
AMLdataset/release/images_augmentation\aug_0_images_2578.jpg,90
AMLdataset/release/images_augmentation\aug_1_images_2578.jpg,90
AMLdataset/release/images\images_2579.jpg,90
AMLdataset/release/images_augmentation\aug_0_images_2579.jpg,90
AMLdataset/release/images_augmentation\aug_1_images_2579.jpg,90
AMLdataset/release/images\images_2580.jpg,90
AMLdataset/release/images_augmentation\aug_0_images_2580.jpg,90
AMLdataset/release/images_augmentation\aug_1_images_2580.jpg,90
AMLdataset/release/images\images_2581.jpg,328
AMLdataset/release/images_augmentation\aug_0_images_2581.jpg,328
AMLdataset/release/images_augmentation\aug_1_images_2581.jpg,328
AMLdataset/release/images\images_2582.jpg,328
AMLdataset/release/images_augmentation\aug_0_images_2582.jpg,328
AMLdataset/release/images_augmentation\aug_1_images_2582.jpg,328
AMLdataset/release/images\images_2583.jpg,328
AMLdataset/release/images_augmentation\aug_0_images_2583.jpg,328
AMLdataset/release/images_augmentation\aug_1_images_2583.jpg,328
AMLdataset/release/images\images_2584.jpg,328
AMLdataset/release/images_augmentation\aug_0_images_2584.jpg,328
AMLdataset/release/images_augmentation\aug_1_images_2584.jpg,328
AMLdataset/release/images\images_2585.jpg,328
AMLdataset/release/images_augmentation\aug_0_images_2585.jpg,328
AMLdataset/release/images_augmentation\aug_1_images_2585.jpg,328
AMLdataset/release/images\images_2586.jpg,328
AMLdataset/release/images_augmentation\aug_0_images_2586.jpg,328
AMLdataset/release/images_augmentation\aug_1_images_2586.jpg,328
AMLdataset/release/images\images_2587.jpg,328
AMLdataset/release/images_augmentation\aug_0_images_2587.jpg,328
AMLdataset/release/images_augmentation\aug_1_images_2587.jpg,328
AMLdataset/release/images\images_2588.jpg,328
AMLdataset/release/images_augmentation\aug_0_images_2588.jpg,328
AMLdataset/release/images_augmentation\aug_1_images_2588.jpg,328
AMLdataset/release/images\images_2589.jpg,328
AMLdataset/release/images_augmentation\aug_0_images_2589.jpg,328
AMLdataset/release/images_augmentation\aug_1_images_2589.jpg,328
AMLdataset/release/images\images_2590.jpg,328
AMLdataset/release/images_augmentation\aug_0_images_2590.jpg,328
AMLdataset/release/images_augmentation\aug_1_images_2590.jpg,328
AMLdataset/release/images\images_2591.jpg,328
AMLdataset/release/images_augmentation\aug_0_images_2591.jpg,328
AMLdataset/release/images_augmentation\aug_1_images_2591.jpg,328
AMLdataset/release/images\images_2592.jpg,328
AMLdataset/release/images_augmentation\aug_0_images_2592.jpg,328
AMLdataset/release/images_augmentation\aug_1_images_2592.jpg,328
AMLdataset/release/images\images_2593.jpg,328
AMLdataset/release/images_augmentation\aug_0_images_2593.jpg,328
AMLdataset/release/images_augmentation\aug_1_images_2593.jpg,328
AMLdataset/release/images\images_2594.jpg,328
AMLdataset/release/images_augmentation\aug_0_images_2594.jpg,328
AMLdataset/release/images_augmentation\aug_1_images_2594.jpg,328
AMLdataset/release/images\images_2595.jpg,328
AMLdataset/release/images_augmentation\aug_0_images_2595.jpg,328
AMLdataset/release/images_augmentation\aug_1_images_2595.jpg,328
AMLdataset/release/images\images_2596.jpg,328
AMLdataset/release/images_augmentation\aug_0_images_2596.jpg,328
AMLdataset/release/images_augmentation\aug_1_images_2596.jpg,328
AMLdataset/release/images\images_2597.jpg,328
AMLdataset/release/images_augmentation\aug_0_images_2597.jpg,328
AMLdataset/release/images_augmentation\aug_1_images_2597.jpg,328
AMLdataset/release/images\images_2598.jpg,328
AMLdataset/release/images_augmentation\aug_0_images_2598.jpg,328
AMLdataset/release/images_augmentation\aug_1_images_2598.jpg,328
AMLdataset/release/images\images_2599.jpg,328
AMLdataset/release/images_augmentation\aug_0_images_2599.jpg,328
AMLdataset/release/images_augmentation\aug_1_images_2599.jpg,328
AMLdataset/release/images\images_2600.jpg,328
AMLdataset/release/images_augmentation\aug_0_images_2600.jpg,328
AMLdataset/release/images_augmentation\aug_1_images_2600.jpg,328
AMLdataset/release/images\images_2601.jpg,143
AMLdataset/release/images_augmentation\aug_0_images_2601.jpg,143
AMLdataset/release/images_augmentation\aug_1_images_2601.jpg,143
AMLdataset/release/images\images_2602.jpg,143
AMLdataset/release/images_augmentation\aug_0_images_2602.jpg,143
AMLdataset/release/images_augmentation\aug_1_images_2602.jpg,143
AMLdataset/release/images\images_2603.jpg,143
AMLdataset/release/images_augmentation\aug_0_images_2603.jpg,143
AMLdataset/release/images_augmentation\aug_1_images_2603.jpg,143
AMLdataset/release/images\images_2604.jpg,143
AMLdataset/release/images_augmentation\aug_0_images_2604.jpg,143
AMLdataset/release/images_augmentation\aug_1_images_2604.jpg,143
AMLdataset/release/images\images_2605.jpg,143
AMLdataset/release/images_augmentation\aug_0_images_2605.jpg,143
AMLdataset/release/images_augmentation\aug_1_images_2605.jpg,143
AMLdataset/release/images\images_2606.jpg,143
AMLdataset/release/images_augmentation\aug_0_images_2606.jpg,143
AMLdataset/release/images_augmentation\aug_1_images_2606.jpg,143
AMLdataset/release/images\images_2607.jpg,143
AMLdataset/release/images_augmentation\aug_0_images_2607.jpg,143
AMLdataset/release/images_augmentation\aug_1_images_2607.jpg,143
AMLdataset/release/images\images_2608.jpg,143
AMLdataset/release/images_augmentation\aug_0_images_2608.jpg,143
AMLdataset/release/images_augmentation\aug_1_images_2608.jpg,143
AMLdataset/release/images\images_2609.jpg,143
AMLdataset/release/images_augmentation\aug_0_images_2609.jpg,143
AMLdataset/release/images_augmentation\aug_1_images_2609.jpg,143
AMLdataset/release/images\images_2610.jpg,143
AMLdataset/release/images_augmentation\aug_0_images_2610.jpg,143
AMLdataset/release/images_augmentation\aug_1_images_2610.jpg,143
AMLdataset/release/images\images_2611.jpg,143
AMLdataset/release/images_augmentation\aug_0_images_2611.jpg,143
AMLdataset/release/images_augmentation\aug_1_images_2611.jpg,143
AMLdataset/release/images\images_2612.jpg,143
AMLdataset/release/images_augmentation\aug_0_images_2612.jpg,143
AMLdataset/release/images_augmentation\aug_1_images_2612.jpg,143
AMLdataset/release/images\images_2613.jpg,143
AMLdataset/release/images_augmentation\aug_0_images_2613.jpg,143
AMLdataset/release/images_augmentation\aug_1_images_2613.jpg,143
AMLdataset/release/images\images_2614.jpg,143
AMLdataset/release/images_augmentation\aug_0_images_2614.jpg,143
AMLdataset/release/images_augmentation\aug_1_images_2614.jpg,143
AMLdataset/release/images\images_2615.jpg,143
AMLdataset/release/images_augmentation\aug_0_images_2615.jpg,143
AMLdataset/release/images_augmentation\aug_1_images_2615.jpg,143
AMLdataset/release/images\images_2616.jpg,143
AMLdataset/release/images_augmentation\aug_0_images_2616.jpg,143
AMLdataset/release/images_augmentation\aug_1_images_2616.jpg,143
AMLdataset/release/images\images_2617.jpg,143
AMLdataset/release/images_augmentation\aug_0_images_2617.jpg,143
AMLdataset/release/images_augmentation\aug_1_images_2617.jpg,143
AMLdataset/release/images\images_2618.jpg,143
AMLdataset/release/images_augmentation\aug_0_images_2618.jpg,143
AMLdataset/release/images_augmentation\aug_1_images_2618.jpg,143
AMLdataset/release/images\images_2619.jpg,143
AMLdataset/release/images_augmentation\aug_0_images_2619.jpg,143
AMLdataset/release/images_augmentation\aug_1_images_2619.jpg,143
AMLdataset/release/images\images_2620.jpg,143
AMLdataset/release/images_augmentation\aug_0_images_2620.jpg,143
AMLdataset/release/images_augmentation\aug_1_images_2620.jpg,143
AMLdataset/release/images\images_2621.jpg,256
AMLdataset/release/images_augmentation\aug_0_images_2621.jpg,256
AMLdataset/release/images_augmentation\aug_1_images_2621.jpg,256
AMLdataset/release/images\images_2622.jpg,256
AMLdataset/release/images_augmentation\aug_0_images_2622.jpg,256
AMLdataset/release/images_augmentation\aug_1_images_2622.jpg,256
AMLdataset/release/images\images_2623.jpg,256
AMLdataset/release/images_augmentation\aug_0_images_2623.jpg,256
AMLdataset/release/images_augmentation\aug_1_images_2623.jpg,256
AMLdataset/release/images\images_2624.jpg,256
AMLdataset/release/images_augmentation\aug_0_images_2624.jpg,256
AMLdataset/release/images_augmentation\aug_1_images_2624.jpg,256
AMLdataset/release/images\images_2625.jpg,256
AMLdataset/release/images_augmentation\aug_0_images_2625.jpg,256
AMLdataset/release/images_augmentation\aug_1_images_2625.jpg,256
AMLdataset/release/images\images_2626.jpg,256
AMLdataset/release/images_augmentation\aug_0_images_2626.jpg,256
AMLdataset/release/images_augmentation\aug_1_images_2626.jpg,256
AMLdataset/release/images\images_2627.jpg,256
AMLdataset/release/images_augmentation\aug_0_images_2627.jpg,256
AMLdataset/release/images_augmentation\aug_1_images_2627.jpg,256
AMLdataset/release/images\images_2628.jpg,256
AMLdataset/release/images_augmentation\aug_0_images_2628.jpg,256
AMLdataset/release/images_augmentation\aug_1_images_2628.jpg,256
AMLdataset/release/images\images_2629.jpg,256
AMLdataset/release/images_augmentation\aug_0_images_2629.jpg,256
AMLdataset/release/images_augmentation\aug_1_images_2629.jpg,256
AMLdataset/release/images\images_2630.jpg,256
AMLdataset/release/images_augmentation\aug_0_images_2630.jpg,256
AMLdataset/release/images_augmentation\aug_1_images_2630.jpg,256
AMLdataset/release/images\images_2631.jpg,256
AMLdataset/release/images_augmentation\aug_0_images_2631.jpg,256
AMLdataset/release/images_augmentation\aug_1_images_2631.jpg,256
AMLdataset/release/images\images_2632.jpg,256
AMLdataset/release/images_augmentation\aug_0_images_2632.jpg,256
AMLdataset/release/images_augmentation\aug_1_images_2632.jpg,256
AMLdataset/release/images\images_2633.jpg,256
AMLdataset/release/images_augmentation\aug_0_images_2633.jpg,256
AMLdataset/release/images_augmentation\aug_1_images_2633.jpg,256
AMLdataset/release/images\images_2634.jpg,256
AMLdataset/release/images_augmentation\aug_0_images_2634.jpg,256
AMLdataset/release/images_augmentation\aug_1_images_2634.jpg,256
AMLdataset/release/images\images_2635.jpg,256
AMLdataset/release/images_augmentation\aug_0_images_2635.jpg,256
AMLdataset/release/images_augmentation\aug_1_images_2635.jpg,256
AMLdataset/release/images\images_2636.jpg,256
AMLdataset/release/images_augmentation\aug_0_images_2636.jpg,256
AMLdataset/release/images_augmentation\aug_1_images_2636.jpg,256
AMLdataset/release/images\images_2637.jpg,256
AMLdataset/release/images_augmentation\aug_0_images_2637.jpg,256
AMLdataset/release/images_augmentation\aug_1_images_2637.jpg,256
AMLdataset/release/images\images_2638.jpg,256
AMLdataset/release/images_augmentation\aug_0_images_2638.jpg,256
AMLdataset/release/images_augmentation\aug_1_images_2638.jpg,256
AMLdataset/release/images\images_2639.jpg,256
AMLdataset/release/images_augmentation\aug_0_images_2639.jpg,256
AMLdataset/release/images_augmentation\aug_1_images_2639.jpg,256
AMLdataset/release/images\images_2640.jpg,256
AMLdataset/release/images_augmentation\aug_0_images_2640.jpg,256
AMLdataset/release/images_augmentation\aug_1_images_2640.jpg,256
AMLdataset/release/images\images_2641.jpg,48
AMLdataset/release/images_augmentation\aug_0_images_2641.jpg,48
AMLdataset/release/images_augmentation\aug_1_images_2641.jpg,48
AMLdataset/release/images\images_2642.jpg,48
AMLdataset/release/images_augmentation\aug_0_images_2642.jpg,48
AMLdataset/release/images_augmentation\aug_1_images_2642.jpg,48
AMLdataset/release/images\images_2643.jpg,48
AMLdataset/release/images_augmentation\aug_0_images_2643.jpg,48
AMLdataset/release/images_augmentation\aug_1_images_2643.jpg,48
AMLdataset/release/images\images_2644.jpg,48
AMLdataset/release/images_augmentation\aug_0_images_2644.jpg,48
AMLdataset/release/images_augmentation\aug_1_images_2644.jpg,48
AMLdataset/release/images\images_2645.jpg,48
AMLdataset/release/images_augmentation\aug_0_images_2645.jpg,48
AMLdataset/release/images_augmentation\aug_1_images_2645.jpg,48
AMLdataset/release/images\images_2646.jpg,48
AMLdataset/release/images_augmentation\aug_0_images_2646.jpg,48
AMLdataset/release/images_augmentation\aug_1_images_2646.jpg,48
AMLdataset/release/images\images_2647.jpg,48
AMLdataset/release/images_augmentation\aug_0_images_2647.jpg,48
AMLdataset/release/images_augmentation\aug_1_images_2647.jpg,48
AMLdataset/release/images\images_2648.jpg,48
AMLdataset/release/images_augmentation\aug_0_images_2648.jpg,48
AMLdataset/release/images_augmentation\aug_1_images_2648.jpg,48
AMLdataset/release/images\images_2649.jpg,48
AMLdataset/release/images_augmentation\aug_0_images_2649.jpg,48
AMLdataset/release/images_augmentation\aug_1_images_2649.jpg,48
AMLdataset/release/images\images_2650.jpg,48
AMLdataset/release/images_augmentation\aug_0_images_2650.jpg,48
AMLdataset/release/images_augmentation\aug_1_images_2650.jpg,48
AMLdataset/release/images\images_2651.jpg,48
AMLdataset/release/images_augmentation\aug_0_images_2651.jpg,48
AMLdataset/release/images_augmentation\aug_1_images_2651.jpg,48
AMLdataset/release/images\images_2652.jpg,48
AMLdataset/release/images_augmentation\aug_0_images_2652.jpg,48
AMLdataset/release/images_augmentation\aug_1_images_2652.jpg,48
AMLdataset/release/images\images_2653.jpg,48
AMLdataset/release/images_augmentation\aug_0_images_2653.jpg,48
AMLdataset/release/images_augmentation\aug_1_images_2653.jpg,48
AMLdataset/release/images\images_2654.jpg,48
AMLdataset/release/images_augmentation\aug_0_images_2654.jpg,48
AMLdataset/release/images_augmentation\aug_1_images_2654.jpg,48
AMLdataset/release/images\images_2655.jpg,48
AMLdataset/release/images_augmentation\aug_0_images_2655.jpg,48
AMLdataset/release/images_augmentation\aug_1_images_2655.jpg,48
AMLdataset/release/images\images_2656.jpg,48
AMLdataset/release/images_augmentation\aug_0_images_2656.jpg,48
AMLdataset/release/images_augmentation\aug_1_images_2656.jpg,48
AMLdataset/release/images\images_2657.jpg,48
AMLdataset/release/images_augmentation\aug_0_images_2657.jpg,48
AMLdataset/release/images_augmentation\aug_1_images_2657.jpg,48
AMLdataset/release/images\images_2658.jpg,48
AMLdataset/release/images_augmentation\aug_0_images_2658.jpg,48
AMLdataset/release/images_augmentation\aug_1_images_2658.jpg,48
AMLdataset/release/images\images_2659.jpg,48
AMLdataset/release/images_augmentation\aug_0_images_2659.jpg,48
AMLdataset/release/images_augmentation\aug_1_images_2659.jpg,48
AMLdataset/release/images\images_2660.jpg,48
AMLdataset/release/images_augmentation\aug_0_images_2660.jpg,48
AMLdataset/release/images_augmentation\aug_1_images_2660.jpg,48
AMLdataset/release/images\images_2661.jpg,104
AMLdataset/release/images_augmentation\aug_0_images_2661.jpg,104
AMLdataset/release/images_augmentation\aug_1_images_2661.jpg,104
AMLdataset/release/images\images_2662.jpg,104
AMLdataset/release/images_augmentation\aug_0_images_2662.jpg,104
AMLdataset/release/images_augmentation\aug_1_images_2662.jpg,104
AMLdataset/release/images\images_2663.jpg,104
AMLdataset/release/images_augmentation\aug_0_images_2663.jpg,104
AMLdataset/release/images_augmentation\aug_1_images_2663.jpg,104
AMLdataset/release/images\images_2664.jpg,104
AMLdataset/release/images_augmentation\aug_0_images_2664.jpg,104
AMLdataset/release/images_augmentation\aug_1_images_2664.jpg,104
AMLdataset/release/images\images_2665.jpg,104
AMLdataset/release/images_augmentation\aug_0_images_2665.jpg,104
AMLdataset/release/images_augmentation\aug_1_images_2665.jpg,104
AMLdataset/release/images\images_2666.jpg,104
AMLdataset/release/images_augmentation\aug_0_images_2666.jpg,104
AMLdataset/release/images_augmentation\aug_1_images_2666.jpg,104
AMLdataset/release/images\images_2667.jpg,104
AMLdataset/release/images_augmentation\aug_0_images_2667.jpg,104
AMLdataset/release/images_augmentation\aug_1_images_2667.jpg,104
AMLdataset/release/images\images_2668.jpg,104
AMLdataset/release/images_augmentation\aug_0_images_2668.jpg,104
AMLdataset/release/images_augmentation\aug_1_images_2668.jpg,104
AMLdataset/release/images\images_2669.jpg,104
AMLdataset/release/images_augmentation\aug_0_images_2669.jpg,104
AMLdataset/release/images_augmentation\aug_1_images_2669.jpg,104
AMLdataset/release/images\images_2670.jpg,104
AMLdataset/release/images_augmentation\aug_0_images_2670.jpg,104
AMLdataset/release/images_augmentation\aug_1_images_2670.jpg,104
AMLdataset/release/images\images_2671.jpg,104
AMLdataset/release/images_augmentation\aug_0_images_2671.jpg,104
AMLdataset/release/images_augmentation\aug_1_images_2671.jpg,104
AMLdataset/release/images\images_2672.jpg,104
AMLdataset/release/images_augmentation\aug_0_images_2672.jpg,104
AMLdataset/release/images_augmentation\aug_1_images_2672.jpg,104
AMLdataset/release/images\images_2673.jpg,104
AMLdataset/release/images_augmentation\aug_0_images_2673.jpg,104
AMLdataset/release/images_augmentation\aug_1_images_2673.jpg,104
AMLdataset/release/images\images_2674.jpg,104
AMLdataset/release/images_augmentation\aug_0_images_2674.jpg,104
AMLdataset/release/images_augmentation\aug_1_images_2674.jpg,104
AMLdataset/release/images\images_2675.jpg,104
AMLdataset/release/images_augmentation\aug_0_images_2675.jpg,104
AMLdataset/release/images_augmentation\aug_1_images_2675.jpg,104
AMLdataset/release/images\images_2676.jpg,104
AMLdataset/release/images_augmentation\aug_0_images_2676.jpg,104
AMLdataset/release/images_augmentation\aug_1_images_2676.jpg,104
AMLdataset/release/images\images_2677.jpg,104
AMLdataset/release/images_augmentation\aug_0_images_2677.jpg,104
AMLdataset/release/images_augmentation\aug_1_images_2677.jpg,104
AMLdataset/release/images\images_2678.jpg,104
AMLdataset/release/images_augmentation\aug_0_images_2678.jpg,104
AMLdataset/release/images_augmentation\aug_1_images_2678.jpg,104
AMLdataset/release/images\images_2679.jpg,104
AMLdataset/release/images_augmentation\aug_0_images_2679.jpg,104
AMLdataset/release/images_augmentation\aug_1_images_2679.jpg,104
AMLdataset/release/images\images_2680.jpg,104
AMLdataset/release/images_augmentation\aug_0_images_2680.jpg,104
AMLdataset/release/images_augmentation\aug_1_images_2680.jpg,104
AMLdataset/release/images\images_2681.jpg,322
AMLdataset/release/images_augmentation\aug_0_images_2681.jpg,322
AMLdataset/release/images_augmentation\aug_1_images_2681.jpg,322
AMLdataset/release/images\images_2682.jpg,322
AMLdataset/release/images_augmentation\aug_0_images_2682.jpg,322
AMLdataset/release/images_augmentation\aug_1_images_2682.jpg,322
AMLdataset/release/images\images_2683.jpg,322
AMLdataset/release/images_augmentation\aug_0_images_2683.jpg,322
AMLdataset/release/images_augmentation\aug_1_images_2683.jpg,322
AMLdataset/release/images\images_2684.jpg,322
AMLdataset/release/images_augmentation\aug_0_images_2684.jpg,322
AMLdataset/release/images_augmentation\aug_1_images_2684.jpg,322
AMLdataset/release/images\images_2685.jpg,322
AMLdataset/release/images_augmentation\aug_0_images_2685.jpg,322
AMLdataset/release/images_augmentation\aug_1_images_2685.jpg,322
AMLdataset/release/images\images_2686.jpg,322
AMLdataset/release/images_augmentation\aug_0_images_2686.jpg,322
AMLdataset/release/images_augmentation\aug_1_images_2686.jpg,322
AMLdataset/release/images\images_2687.jpg,322
AMLdataset/release/images_augmentation\aug_0_images_2687.jpg,322
AMLdataset/release/images_augmentation\aug_1_images_2687.jpg,322
AMLdataset/release/images\images_2688.jpg,322
AMLdataset/release/images_augmentation\aug_0_images_2688.jpg,322
AMLdataset/release/images_augmentation\aug_1_images_2688.jpg,322
AMLdataset/release/images\images_2689.jpg,322
AMLdataset/release/images_augmentation\aug_0_images_2689.jpg,322
AMLdataset/release/images_augmentation\aug_1_images_2689.jpg,322
AMLdataset/release/images\images_2690.jpg,322
AMLdataset/release/images_augmentation\aug_0_images_2690.jpg,322
AMLdataset/release/images_augmentation\aug_1_images_2690.jpg,322
AMLdataset/release/images\images_2691.jpg,322
AMLdataset/release/images_augmentation\aug_0_images_2691.jpg,322
AMLdataset/release/images_augmentation\aug_1_images_2691.jpg,322
AMLdataset/release/images\images_2692.jpg,322
AMLdataset/release/images_augmentation\aug_0_images_2692.jpg,322
AMLdataset/release/images_augmentation\aug_1_images_2692.jpg,322
AMLdataset/release/images\images_2693.jpg,322
AMLdataset/release/images_augmentation\aug_0_images_2693.jpg,322
AMLdataset/release/images_augmentation\aug_1_images_2693.jpg,322
AMLdataset/release/images\images_2694.jpg,322
AMLdataset/release/images_augmentation\aug_0_images_2694.jpg,322
AMLdataset/release/images_augmentation\aug_1_images_2694.jpg,322
AMLdataset/release/images\images_2695.jpg,322
AMLdataset/release/images_augmentation\aug_0_images_2695.jpg,322
AMLdataset/release/images_augmentation\aug_1_images_2695.jpg,322
AMLdataset/release/images\images_2696.jpg,322
AMLdataset/release/images_augmentation\aug_0_images_2696.jpg,322
AMLdataset/release/images_augmentation\aug_1_images_2696.jpg,322
AMLdataset/release/images\images_2697.jpg,322
AMLdataset/release/images_augmentation\aug_0_images_2697.jpg,322
AMLdataset/release/images_augmentation\aug_1_images_2697.jpg,322
AMLdataset/release/images\images_2698.jpg,322
AMLdataset/release/images_augmentation\aug_0_images_2698.jpg,322
AMLdataset/release/images_augmentation\aug_1_images_2698.jpg,322
AMLdataset/release/images\images_2699.jpg,322
AMLdataset/release/images_augmentation\aug_0_images_2699.jpg,322
AMLdataset/release/images_augmentation\aug_1_images_2699.jpg,322
AMLdataset/release/images\images_2700.jpg,322
AMLdataset/release/images_augmentation\aug_0_images_2700.jpg,322
AMLdataset/release/images_augmentation\aug_1_images_2700.jpg,322
AMLdataset/release/images\images_2701.jpg,62
AMLdataset/release/images_augmentation\aug_0_images_2701.jpg,62
AMLdataset/release/images_augmentation\aug_1_images_2701.jpg,62
AMLdataset/release/images\images_2702.jpg,62
AMLdataset/release/images_augmentation\aug_0_images_2702.jpg,62
AMLdataset/release/images_augmentation\aug_1_images_2702.jpg,62
AMLdataset/release/images\images_2703.jpg,62
AMLdataset/release/images_augmentation\aug_0_images_2703.jpg,62
AMLdataset/release/images_augmentation\aug_1_images_2703.jpg,62
AMLdataset/release/images\images_2704.jpg,62
AMLdataset/release/images_augmentation\aug_0_images_2704.jpg,62
AMLdataset/release/images_augmentation\aug_1_images_2704.jpg,62
AMLdataset/release/images\images_2705.jpg,62
AMLdataset/release/images_augmentation\aug_0_images_2705.jpg,62
AMLdataset/release/images_augmentation\aug_1_images_2705.jpg,62
AMLdataset/release/images\images_2706.jpg,62
AMLdataset/release/images_augmentation\aug_0_images_2706.jpg,62
AMLdataset/release/images_augmentation\aug_1_images_2706.jpg,62
AMLdataset/release/images\images_2707.jpg,62
AMLdataset/release/images_augmentation\aug_0_images_2707.jpg,62
AMLdataset/release/images_augmentation\aug_1_images_2707.jpg,62
AMLdataset/release/images\images_2708.jpg,62
AMLdataset/release/images_augmentation\aug_0_images_2708.jpg,62
AMLdataset/release/images_augmentation\aug_1_images_2708.jpg,62
AMLdataset/release/images\images_2709.jpg,62
AMLdataset/release/images_augmentation\aug_0_images_2709.jpg,62
AMLdataset/release/images_augmentation\aug_1_images_2709.jpg,62
AMLdataset/release/images\images_2710.jpg,62
AMLdataset/release/images_augmentation\aug_0_images_2710.jpg,62
AMLdataset/release/images_augmentation\aug_1_images_2710.jpg,62
AMLdataset/release/images\images_2711.jpg,62
AMLdataset/release/images_augmentation\aug_0_images_2711.jpg,62
AMLdataset/release/images_augmentation\aug_1_images_2711.jpg,62
AMLdataset/release/images\images_2712.jpg,62
AMLdataset/release/images_augmentation\aug_0_images_2712.jpg,62
AMLdataset/release/images_augmentation\aug_1_images_2712.jpg,62
AMLdataset/release/images\images_2713.jpg,62
AMLdataset/release/images_augmentation\aug_0_images_2713.jpg,62
AMLdataset/release/images_augmentation\aug_1_images_2713.jpg,62
AMLdataset/release/images\images_2714.jpg,62
AMLdataset/release/images_augmentation\aug_0_images_2714.jpg,62
AMLdataset/release/images_augmentation\aug_1_images_2714.jpg,62
AMLdataset/release/images\images_2715.jpg,62
AMLdataset/release/images_augmentation\aug_0_images_2715.jpg,62
AMLdataset/release/images_augmentation\aug_1_images_2715.jpg,62
AMLdataset/release/images\images_2716.jpg,62
AMLdataset/release/images_augmentation\aug_0_images_2716.jpg,62
AMLdataset/release/images_augmentation\aug_1_images_2716.jpg,62
AMLdataset/release/images\images_2717.jpg,62
AMLdataset/release/images_augmentation\aug_0_images_2717.jpg,62
AMLdataset/release/images_augmentation\aug_1_images_2717.jpg,62
AMLdataset/release/images\images_2718.jpg,62
AMLdataset/release/images_augmentation\aug_0_images_2718.jpg,62
AMLdataset/release/images_augmentation\aug_1_images_2718.jpg,62
AMLdataset/release/images\images_2719.jpg,62
AMLdataset/release/images_augmentation\aug_0_images_2719.jpg,62
AMLdataset/release/images_augmentation\aug_1_images_2719.jpg,62
AMLdataset/release/images\images_2720.jpg,62
AMLdataset/release/images_augmentation\aug_0_images_2720.jpg,62
AMLdataset/release/images_augmentation\aug_1_images_2720.jpg,62
AMLdataset/release/images\images_2721.jpg,179
AMLdataset/release/images_augmentation\aug_0_images_2721.jpg,179
AMLdataset/release/images_augmentation\aug_1_images_2721.jpg,179
AMLdataset/release/images\images_2722.jpg,179
AMLdataset/release/images_augmentation\aug_0_images_2722.jpg,179
AMLdataset/release/images_augmentation\aug_1_images_2722.jpg,179
AMLdataset/release/images\images_2723.jpg,179
AMLdataset/release/images_augmentation\aug_0_images_2723.jpg,179
AMLdataset/release/images_augmentation\aug_1_images_2723.jpg,179
AMLdataset/release/images\images_2724.jpg,179
AMLdataset/release/images_augmentation\aug_0_images_2724.jpg,179
AMLdataset/release/images_augmentation\aug_1_images_2724.jpg,179
AMLdataset/release/images\images_2725.jpg,179
AMLdataset/release/images_augmentation\aug_0_images_2725.jpg,179
AMLdataset/release/images_augmentation\aug_1_images_2725.jpg,179
AMLdataset/release/images\images_2726.jpg,179
AMLdataset/release/images_augmentation\aug_0_images_2726.jpg,179
AMLdataset/release/images_augmentation\aug_1_images_2726.jpg,179
AMLdataset/release/images\images_2727.jpg,179
AMLdataset/release/images_augmentation\aug_0_images_2727.jpg,179
AMLdataset/release/images_augmentation\aug_1_images_2727.jpg,179
AMLdataset/release/images\images_2728.jpg,179
AMLdataset/release/images_augmentation\aug_0_images_2728.jpg,179
AMLdataset/release/images_augmentation\aug_1_images_2728.jpg,179
AMLdataset/release/images\images_2729.jpg,179
AMLdataset/release/images_augmentation\aug_0_images_2729.jpg,179
AMLdataset/release/images_augmentation\aug_1_images_2729.jpg,179
AMLdataset/release/images\images_2730.jpg,179
AMLdataset/release/images_augmentation\aug_0_images_2730.jpg,179
AMLdataset/release/images_augmentation\aug_1_images_2730.jpg,179
AMLdataset/release/images\images_2731.jpg,179
AMLdataset/release/images_augmentation\aug_0_images_2731.jpg,179
AMLdataset/release/images_augmentation\aug_1_images_2731.jpg,179
AMLdataset/release/images\images_2732.jpg,179
AMLdataset/release/images_augmentation\aug_0_images_2732.jpg,179
AMLdataset/release/images_augmentation\aug_1_images_2732.jpg,179
AMLdataset/release/images\images_2733.jpg,179
AMLdataset/release/images_augmentation\aug_0_images_2733.jpg,179
AMLdataset/release/images_augmentation\aug_1_images_2733.jpg,179
AMLdataset/release/images\images_2734.jpg,179
AMLdataset/release/images_augmentation\aug_0_images_2734.jpg,179
AMLdataset/release/images_augmentation\aug_1_images_2734.jpg,179
AMLdataset/release/images\images_2735.jpg,179
AMLdataset/release/images_augmentation\aug_0_images_2735.jpg,179
AMLdataset/release/images_augmentation\aug_1_images_2735.jpg,179
AMLdataset/release/images\images_2736.jpg,179
AMLdataset/release/images_augmentation\aug_0_images_2736.jpg,179
AMLdataset/release/images_augmentation\aug_1_images_2736.jpg,179
AMLdataset/release/images\images_2737.jpg,179
AMLdataset/release/images_augmentation\aug_0_images_2737.jpg,179
AMLdataset/release/images_augmentation\aug_1_images_2737.jpg,179
AMLdataset/release/images\images_2738.jpg,179
AMLdataset/release/images_augmentation\aug_0_images_2738.jpg,179
AMLdataset/release/images_augmentation\aug_1_images_2738.jpg,179
AMLdataset/release/images\images_2739.jpg,179
AMLdataset/release/images_augmentation\aug_0_images_2739.jpg,179
AMLdataset/release/images_augmentation\aug_1_images_2739.jpg,179
AMLdataset/release/images\images_2740.jpg,179
AMLdataset/release/images_augmentation\aug_0_images_2740.jpg,179
AMLdataset/release/images_augmentation\aug_1_images_2740.jpg,179
AMLdataset/release/images\images_2741.jpg,275
AMLdataset/release/images_augmentation\aug_0_images_2741.jpg,275
AMLdataset/release/images_augmentation\aug_1_images_2741.jpg,275
AMLdataset/release/images\images_2742.jpg,275
AMLdataset/release/images_augmentation\aug_0_images_2742.jpg,275
AMLdataset/release/images_augmentation\aug_1_images_2742.jpg,275
AMLdataset/release/images\images_2743.jpg,275
AMLdataset/release/images_augmentation\aug_0_images_2743.jpg,275
AMLdataset/release/images_augmentation\aug_1_images_2743.jpg,275
AMLdataset/release/images\images_2744.jpg,275
AMLdataset/release/images_augmentation\aug_0_images_2744.jpg,275
AMLdataset/release/images_augmentation\aug_1_images_2744.jpg,275
AMLdataset/release/images\images_2745.jpg,275
AMLdataset/release/images_augmentation\aug_0_images_2745.jpg,275
AMLdataset/release/images_augmentation\aug_1_images_2745.jpg,275
AMLdataset/release/images\images_2746.jpg,275
AMLdataset/release/images_augmentation\aug_0_images_2746.jpg,275
AMLdataset/release/images_augmentation\aug_1_images_2746.jpg,275
AMLdataset/release/images\images_2747.jpg,275
AMLdataset/release/images_augmentation\aug_0_images_2747.jpg,275
AMLdataset/release/images_augmentation\aug_1_images_2747.jpg,275
AMLdataset/release/images\images_2748.jpg,275
AMLdataset/release/images_augmentation\aug_0_images_2748.jpg,275
AMLdataset/release/images_augmentation\aug_1_images_2748.jpg,275
AMLdataset/release/images\images_2749.jpg,275
AMLdataset/release/images_augmentation\aug_0_images_2749.jpg,275
AMLdataset/release/images_augmentation\aug_1_images_2749.jpg,275
AMLdataset/release/images\images_2750.jpg,275
AMLdataset/release/images_augmentation\aug_0_images_2750.jpg,275
AMLdataset/release/images_augmentation\aug_1_images_2750.jpg,275
AMLdataset/release/images\images_2751.jpg,275
AMLdataset/release/images_augmentation\aug_0_images_2751.jpg,275
AMLdataset/release/images_augmentation\aug_1_images_2751.jpg,275
AMLdataset/release/images\images_2752.jpg,275
AMLdataset/release/images_augmentation\aug_0_images_2752.jpg,275
AMLdataset/release/images_augmentation\aug_1_images_2752.jpg,275
AMLdataset/release/images\images_2753.jpg,275
AMLdataset/release/images_augmentation\aug_0_images_2753.jpg,275
AMLdataset/release/images_augmentation\aug_1_images_2753.jpg,275
AMLdataset/release/images\images_2754.jpg,275
AMLdataset/release/images_augmentation\aug_0_images_2754.jpg,275
AMLdataset/release/images_augmentation\aug_1_images_2754.jpg,275
AMLdataset/release/images\images_2755.jpg,275
AMLdataset/release/images_augmentation\aug_0_images_2755.jpg,275
AMLdataset/release/images_augmentation\aug_1_images_2755.jpg,275
AMLdataset/release/images\images_2756.jpg,275
AMLdataset/release/images_augmentation\aug_0_images_2756.jpg,275
AMLdataset/release/images_augmentation\aug_1_images_2756.jpg,275
AMLdataset/release/images\images_2757.jpg,275
AMLdataset/release/images_augmentation\aug_0_images_2757.jpg,275
AMLdataset/release/images_augmentation\aug_1_images_2757.jpg,275
AMLdataset/release/images\images_2758.jpg,275
AMLdataset/release/images_augmentation\aug_0_images_2758.jpg,275
AMLdataset/release/images_augmentation\aug_1_images_2758.jpg,275
AMLdataset/release/images\images_2759.jpg,275
AMLdataset/release/images_augmentation\aug_0_images_2759.jpg,275
AMLdataset/release/images_augmentation\aug_1_images_2759.jpg,275
AMLdataset/release/images\images_2760.jpg,275
AMLdataset/release/images_augmentation\aug_0_images_2760.jpg,275
AMLdataset/release/images_augmentation\aug_1_images_2760.jpg,275
AMLdataset/release/images\images_2761.jpg,171
AMLdataset/release/images_augmentation\aug_0_images_2761.jpg,171
AMLdataset/release/images_augmentation\aug_1_images_2761.jpg,171
AMLdataset/release/images\images_2762.jpg,171
AMLdataset/release/images_augmentation\aug_0_images_2762.jpg,171
AMLdataset/release/images_augmentation\aug_1_images_2762.jpg,171
AMLdataset/release/images\images_2763.jpg,171
AMLdataset/release/images_augmentation\aug_0_images_2763.jpg,171
AMLdataset/release/images_augmentation\aug_1_images_2763.jpg,171
AMLdataset/release/images\images_2764.jpg,171
AMLdataset/release/images_augmentation\aug_0_images_2764.jpg,171
AMLdataset/release/images_augmentation\aug_1_images_2764.jpg,171
AMLdataset/release/images\images_2765.jpg,171
AMLdataset/release/images_augmentation\aug_0_images_2765.jpg,171
AMLdataset/release/images_augmentation\aug_1_images_2765.jpg,171
AMLdataset/release/images\images_2766.jpg,171
AMLdataset/release/images_augmentation\aug_0_images_2766.jpg,171
AMLdataset/release/images_augmentation\aug_1_images_2766.jpg,171
AMLdataset/release/images\images_2767.jpg,171
AMLdataset/release/images_augmentation\aug_0_images_2767.jpg,171
AMLdataset/release/images_augmentation\aug_1_images_2767.jpg,171
AMLdataset/release/images\images_2768.jpg,171
AMLdataset/release/images_augmentation\aug_0_images_2768.jpg,171
AMLdataset/release/images_augmentation\aug_1_images_2768.jpg,171
AMLdataset/release/images\images_2769.jpg,171
AMLdataset/release/images_augmentation\aug_0_images_2769.jpg,171
AMLdataset/release/images_augmentation\aug_1_images_2769.jpg,171
AMLdataset/release/images\images_2770.jpg,171
AMLdataset/release/images_augmentation\aug_0_images_2770.jpg,171
AMLdataset/release/images_augmentation\aug_1_images_2770.jpg,171
AMLdataset/release/images\images_2771.jpg,171
AMLdataset/release/images_augmentation\aug_0_images_2771.jpg,171
AMLdataset/release/images_augmentation\aug_1_images_2771.jpg,171
AMLdataset/release/images\images_2772.jpg,171
AMLdataset/release/images_augmentation\aug_0_images_2772.jpg,171
AMLdataset/release/images_augmentation\aug_1_images_2772.jpg,171
AMLdataset/release/images\images_2773.jpg,171
AMLdataset/release/images_augmentation\aug_0_images_2773.jpg,171
AMLdataset/release/images_augmentation\aug_1_images_2773.jpg,171
AMLdataset/release/images\images_2774.jpg,171
AMLdataset/release/images_augmentation\aug_0_images_2774.jpg,171
AMLdataset/release/images_augmentation\aug_1_images_2774.jpg,171
AMLdataset/release/images\images_2775.jpg,171
AMLdataset/release/images_augmentation\aug_0_images_2775.jpg,171
AMLdataset/release/images_augmentation\aug_1_images_2775.jpg,171
AMLdataset/release/images\images_2776.jpg,171
AMLdataset/release/images_augmentation\aug_0_images_2776.jpg,171
AMLdataset/release/images_augmentation\aug_1_images_2776.jpg,171
AMLdataset/release/images\images_2777.jpg,171
AMLdataset/release/images_augmentation\aug_0_images_2777.jpg,171
AMLdataset/release/images_augmentation\aug_1_images_2777.jpg,171
AMLdataset/release/images\images_2778.jpg,171
AMLdataset/release/images_augmentation\aug_0_images_2778.jpg,171
AMLdataset/release/images_augmentation\aug_1_images_2778.jpg,171
AMLdataset/release/images\images_2779.jpg,171
AMLdataset/release/images_augmentation\aug_0_images_2779.jpg,171
AMLdataset/release/images_augmentation\aug_1_images_2779.jpg,171
AMLdataset/release/images\images_2780.jpg,171
AMLdataset/release/images_augmentation\aug_0_images_2780.jpg,171
AMLdataset/release/images_augmentation\aug_1_images_2780.jpg,171
AMLdataset/release/images\images_2781.jpg,364
AMLdataset/release/images_augmentation\aug_0_images_2781.jpg,364
AMLdataset/release/images_augmentation\aug_1_images_2781.jpg,364
AMLdataset/release/images\images_2782.jpg,364
AMLdataset/release/images_augmentation\aug_0_images_2782.jpg,364
AMLdataset/release/images_augmentation\aug_1_images_2782.jpg,364
AMLdataset/release/images\images_2783.jpg,364
AMLdataset/release/images_augmentation\aug_0_images_2783.jpg,364
AMLdataset/release/images_augmentation\aug_1_images_2783.jpg,364
AMLdataset/release/images\images_2784.jpg,364
AMLdataset/release/images_augmentation\aug_0_images_2784.jpg,364
AMLdataset/release/images_augmentation\aug_1_images_2784.jpg,364
AMLdataset/release/images\images_2785.jpg,364
AMLdataset/release/images_augmentation\aug_0_images_2785.jpg,364
AMLdataset/release/images_augmentation\aug_1_images_2785.jpg,364
AMLdataset/release/images\images_2786.jpg,364
AMLdataset/release/images_augmentation\aug_0_images_2786.jpg,364
AMLdataset/release/images_augmentation\aug_1_images_2786.jpg,364
AMLdataset/release/images\images_2787.jpg,364
AMLdataset/release/images_augmentation\aug_0_images_2787.jpg,364
AMLdataset/release/images_augmentation\aug_1_images_2787.jpg,364
AMLdataset/release/images\images_2788.jpg,364
AMLdataset/release/images_augmentation\aug_0_images_2788.jpg,364
AMLdataset/release/images_augmentation\aug_1_images_2788.jpg,364
AMLdataset/release/images\images_2789.jpg,364
AMLdataset/release/images_augmentation\aug_0_images_2789.jpg,364
AMLdataset/release/images_augmentation\aug_1_images_2789.jpg,364
AMLdataset/release/images\images_2790.jpg,364
AMLdataset/release/images_augmentation\aug_0_images_2790.jpg,364
AMLdataset/release/images_augmentation\aug_1_images_2790.jpg,364
AMLdataset/release/images\images_2791.jpg,364
AMLdataset/release/images_augmentation\aug_0_images_2791.jpg,364
AMLdataset/release/images_augmentation\aug_1_images_2791.jpg,364
AMLdataset/release/images\images_2792.jpg,364
AMLdataset/release/images_augmentation\aug_0_images_2792.jpg,364
AMLdataset/release/images_augmentation\aug_1_images_2792.jpg,364
AMLdataset/release/images\images_2793.jpg,364
AMLdataset/release/images_augmentation\aug_0_images_2793.jpg,364
AMLdataset/release/images_augmentation\aug_1_images_2793.jpg,364
AMLdataset/release/images\images_2794.jpg,364
AMLdataset/release/images_augmentation\aug_0_images_2794.jpg,364
AMLdataset/release/images_augmentation\aug_1_images_2794.jpg,364
AMLdataset/release/images\images_2795.jpg,364
AMLdataset/release/images_augmentation\aug_0_images_2795.jpg,364
AMLdataset/release/images_augmentation\aug_1_images_2795.jpg,364
AMLdataset/release/images\images_2796.jpg,364
AMLdataset/release/images_augmentation\aug_0_images_2796.jpg,364
AMLdataset/release/images_augmentation\aug_1_images_2796.jpg,364
AMLdataset/release/images\images_2797.jpg,364
AMLdataset/release/images_augmentation\aug_0_images_2797.jpg,364
AMLdataset/release/images_augmentation\aug_1_images_2797.jpg,364
AMLdataset/release/images\images_2798.jpg,364
AMLdataset/release/images_augmentation\aug_0_images_2798.jpg,364
AMLdataset/release/images_augmentation\aug_1_images_2798.jpg,364
AMLdataset/release/images\images_2799.jpg,364
AMLdataset/release/images_augmentation\aug_0_images_2799.jpg,364
AMLdataset/release/images_augmentation\aug_1_images_2799.jpg,364
AMLdataset/release/images\images_2800.jpg,364
AMLdataset/release/images_augmentation\aug_0_images_2800.jpg,364
AMLdataset/release/images_augmentation\aug_1_images_2800.jpg,364
AMLdataset/release/images\images_2801.jpg,261
AMLdataset/release/images_augmentation\aug_0_images_2801.jpg,261
AMLdataset/release/images_augmentation\aug_1_images_2801.jpg,261
AMLdataset/release/images\images_2802.jpg,261
AMLdataset/release/images_augmentation\aug_0_images_2802.jpg,261
AMLdataset/release/images_augmentation\aug_1_images_2802.jpg,261
AMLdataset/release/images\images_2803.jpg,261
AMLdataset/release/images_augmentation\aug_0_images_2803.jpg,261
AMLdataset/release/images_augmentation\aug_1_images_2803.jpg,261
AMLdataset/release/images\images_2804.jpg,261
AMLdataset/release/images_augmentation\aug_0_images_2804.jpg,261
AMLdataset/release/images_augmentation\aug_1_images_2804.jpg,261
AMLdataset/release/images\images_2805.jpg,261
AMLdataset/release/images_augmentation\aug_0_images_2805.jpg,261
AMLdataset/release/images_augmentation\aug_1_images_2805.jpg,261
AMLdataset/release/images\images_2806.jpg,261
AMLdataset/release/images_augmentation\aug_0_images_2806.jpg,261
AMLdataset/release/images_augmentation\aug_1_images_2806.jpg,261
AMLdataset/release/images\images_2807.jpg,261
AMLdataset/release/images_augmentation\aug_0_images_2807.jpg,261
AMLdataset/release/images_augmentation\aug_1_images_2807.jpg,261
AMLdataset/release/images\images_2808.jpg,261
AMLdataset/release/images_augmentation\aug_0_images_2808.jpg,261
AMLdataset/release/images_augmentation\aug_1_images_2808.jpg,261
AMLdataset/release/images\images_2809.jpg,261
AMLdataset/release/images_augmentation\aug_0_images_2809.jpg,261
AMLdataset/release/images_augmentation\aug_1_images_2809.jpg,261
AMLdataset/release/images\images_2810.jpg,261
AMLdataset/release/images_augmentation\aug_0_images_2810.jpg,261
AMLdataset/release/images_augmentation\aug_1_images_2810.jpg,261
AMLdataset/release/images\images_2811.jpg,261
AMLdataset/release/images_augmentation\aug_0_images_2811.jpg,261
AMLdataset/release/images_augmentation\aug_1_images_2811.jpg,261
AMLdataset/release/images\images_2812.jpg,261
AMLdataset/release/images_augmentation\aug_0_images_2812.jpg,261
AMLdataset/release/images_augmentation\aug_1_images_2812.jpg,261
AMLdataset/release/images\images_2813.jpg,261
AMLdataset/release/images_augmentation\aug_0_images_2813.jpg,261
AMLdataset/release/images_augmentation\aug_1_images_2813.jpg,261
AMLdataset/release/images\images_2814.jpg,261
AMLdataset/release/images_augmentation\aug_0_images_2814.jpg,261
AMLdataset/release/images_augmentation\aug_1_images_2814.jpg,261
AMLdataset/release/images\images_2815.jpg,261
AMLdataset/release/images_augmentation\aug_0_images_2815.jpg,261
AMLdataset/release/images_augmentation\aug_1_images_2815.jpg,261
AMLdataset/release/images\images_2816.jpg,261
AMLdataset/release/images_augmentation\aug_0_images_2816.jpg,261
AMLdataset/release/images_augmentation\aug_1_images_2816.jpg,261
AMLdataset/release/images\images_2817.jpg,261
AMLdataset/release/images_augmentation\aug_0_images_2817.jpg,261
AMLdataset/release/images_augmentation\aug_1_images_2817.jpg,261
AMLdataset/release/images\images_2818.jpg,261
AMLdataset/release/images_augmentation\aug_0_images_2818.jpg,261
AMLdataset/release/images_augmentation\aug_1_images_2818.jpg,261
AMLdataset/release/images\images_2819.jpg,261
AMLdataset/release/images_augmentation\aug_0_images_2819.jpg,261
AMLdataset/release/images_augmentation\aug_1_images_2819.jpg,261
AMLdataset/release/images\images_2820.jpg,261
AMLdataset/release/images_augmentation\aug_0_images_2820.jpg,261
AMLdataset/release/images_augmentation\aug_1_images_2820.jpg,261
AMLdataset/release/images\images_2821.jpg,266
AMLdataset/release/images_augmentation\aug_0_images_2821.jpg,266
AMLdataset/release/images_augmentation\aug_1_images_2821.jpg,266
AMLdataset/release/images\images_2822.jpg,266
AMLdataset/release/images_augmentation\aug_0_images_2822.jpg,266
AMLdataset/release/images_augmentation\aug_1_images_2822.jpg,266
AMLdataset/release/images\images_2823.jpg,266
AMLdataset/release/images_augmentation\aug_0_images_2823.jpg,266
AMLdataset/release/images_augmentation\aug_1_images_2823.jpg,266
AMLdataset/release/images\images_2824.jpg,266
AMLdataset/release/images_augmentation\aug_0_images_2824.jpg,266
AMLdataset/release/images_augmentation\aug_1_images_2824.jpg,266
AMLdataset/release/images\images_2825.jpg,266
AMLdataset/release/images_augmentation\aug_0_images_2825.jpg,266
AMLdataset/release/images_augmentation\aug_1_images_2825.jpg,266
AMLdataset/release/images\images_2826.jpg,266
AMLdataset/release/images_augmentation\aug_0_images_2826.jpg,266
AMLdataset/release/images_augmentation\aug_1_images_2826.jpg,266
AMLdataset/release/images\images_2827.jpg,266
AMLdataset/release/images_augmentation\aug_0_images_2827.jpg,266
AMLdataset/release/images_augmentation\aug_1_images_2827.jpg,266
AMLdataset/release/images\images_2828.jpg,266
AMLdataset/release/images_augmentation\aug_0_images_2828.jpg,266
AMLdataset/release/images_augmentation\aug_1_images_2828.jpg,266
AMLdataset/release/images\images_2829.jpg,266
AMLdataset/release/images_augmentation\aug_0_images_2829.jpg,266
AMLdataset/release/images_augmentation\aug_1_images_2829.jpg,266
AMLdataset/release/images\images_2830.jpg,266
AMLdataset/release/images_augmentation\aug_0_images_2830.jpg,266
AMLdataset/release/images_augmentation\aug_1_images_2830.jpg,266
AMLdataset/release/images\images_2831.jpg,266
AMLdataset/release/images_augmentation\aug_0_images_2831.jpg,266
AMLdataset/release/images_augmentation\aug_1_images_2831.jpg,266
AMLdataset/release/images\images_2832.jpg,266
AMLdataset/release/images_augmentation\aug_0_images_2832.jpg,266
AMLdataset/release/images_augmentation\aug_1_images_2832.jpg,266
AMLdataset/release/images\images_2833.jpg,266
AMLdataset/release/images_augmentation\aug_0_images_2833.jpg,266
AMLdataset/release/images_augmentation\aug_1_images_2833.jpg,266
AMLdataset/release/images\images_2834.jpg,266
AMLdataset/release/images_augmentation\aug_0_images_2834.jpg,266
AMLdataset/release/images_augmentation\aug_1_images_2834.jpg,266
AMLdataset/release/images\images_2835.jpg,266
AMLdataset/release/images_augmentation\aug_0_images_2835.jpg,266
AMLdataset/release/images_augmentation\aug_1_images_2835.jpg,266
AMLdataset/release/images\images_2836.jpg,266
AMLdataset/release/images_augmentation\aug_0_images_2836.jpg,266
AMLdataset/release/images_augmentation\aug_1_images_2836.jpg,266
AMLdataset/release/images\images_2837.jpg,266
AMLdataset/release/images_augmentation\aug_0_images_2837.jpg,266
AMLdataset/release/images_augmentation\aug_1_images_2837.jpg,266
AMLdataset/release/images\images_2838.jpg,266
AMLdataset/release/images_augmentation\aug_0_images_2838.jpg,266
AMLdataset/release/images_augmentation\aug_1_images_2838.jpg,266
AMLdataset/release/images\images_2839.jpg,266
AMLdataset/release/images_augmentation\aug_0_images_2839.jpg,266
AMLdataset/release/images_augmentation\aug_1_images_2839.jpg,266
AMLdataset/release/images\images_2840.jpg,266
AMLdataset/release/images_augmentation\aug_0_images_2840.jpg,266
AMLdataset/release/images_augmentation\aug_1_images_2840.jpg,266
AMLdataset/release/images\images_2841.jpg,60
AMLdataset/release/images_augmentation\aug_0_images_2841.jpg,60
AMLdataset/release/images_augmentation\aug_1_images_2841.jpg,60
AMLdataset/release/images\images_2842.jpg,60
AMLdataset/release/images_augmentation\aug_0_images_2842.jpg,60
AMLdataset/release/images_augmentation\aug_1_images_2842.jpg,60
AMLdataset/release/images\images_2843.jpg,60
AMLdataset/release/images_augmentation\aug_0_images_2843.jpg,60
AMLdataset/release/images_augmentation\aug_1_images_2843.jpg,60
AMLdataset/release/images\images_2844.jpg,60
AMLdataset/release/images_augmentation\aug_0_images_2844.jpg,60
AMLdataset/release/images_augmentation\aug_1_images_2844.jpg,60
AMLdataset/release/images\images_2845.jpg,60
AMLdataset/release/images_augmentation\aug_0_images_2845.jpg,60
AMLdataset/release/images_augmentation\aug_1_images_2845.jpg,60
AMLdataset/release/images\images_2846.jpg,60
AMLdataset/release/images_augmentation\aug_0_images_2846.jpg,60
AMLdataset/release/images_augmentation\aug_1_images_2846.jpg,60
AMLdataset/release/images\images_2847.jpg,60
AMLdataset/release/images_augmentation\aug_0_images_2847.jpg,60
AMLdataset/release/images_augmentation\aug_1_images_2847.jpg,60
AMLdataset/release/images\images_2848.jpg,60
AMLdataset/release/images_augmentation\aug_0_images_2848.jpg,60
AMLdataset/release/images_augmentation\aug_1_images_2848.jpg,60
AMLdataset/release/images\images_2849.jpg,60
AMLdataset/release/images_augmentation\aug_0_images_2849.jpg,60
AMLdataset/release/images_augmentation\aug_1_images_2849.jpg,60
AMLdataset/release/images\images_2850.jpg,60
AMLdataset/release/images_augmentation\aug_0_images_2850.jpg,60
AMLdataset/release/images_augmentation\aug_1_images_2850.jpg,60
AMLdataset/release/images\images_2851.jpg,60
AMLdataset/release/images_augmentation\aug_0_images_2851.jpg,60
AMLdataset/release/images_augmentation\aug_1_images_2851.jpg,60
AMLdataset/release/images\images_2852.jpg,60
AMLdataset/release/images_augmentation\aug_0_images_2852.jpg,60
AMLdataset/release/images_augmentation\aug_1_images_2852.jpg,60
AMLdataset/release/images\images_2853.jpg,60
AMLdataset/release/images_augmentation\aug_0_images_2853.jpg,60
AMLdataset/release/images_augmentation\aug_1_images_2853.jpg,60
AMLdataset/release/images\images_2854.jpg,60
AMLdataset/release/images_augmentation\aug_0_images_2854.jpg,60
AMLdataset/release/images_augmentation\aug_1_images_2854.jpg,60
AMLdataset/release/images\images_2855.jpg,60
AMLdataset/release/images_augmentation\aug_0_images_2855.jpg,60
AMLdataset/release/images_augmentation\aug_1_images_2855.jpg,60
AMLdataset/release/images\images_2856.jpg,60
AMLdataset/release/images_augmentation\aug_0_images_2856.jpg,60
AMLdataset/release/images_augmentation\aug_1_images_2856.jpg,60
AMLdataset/release/images\images_2857.jpg,60
AMLdataset/release/images_augmentation\aug_0_images_2857.jpg,60
AMLdataset/release/images_augmentation\aug_1_images_2857.jpg,60
AMLdataset/release/images\images_2858.jpg,60
AMLdataset/release/images_augmentation\aug_0_images_2858.jpg,60
AMLdataset/release/images_augmentation\aug_1_images_2858.jpg,60
AMLdataset/release/images\images_2859.jpg,60
AMLdataset/release/images_augmentation\aug_0_images_2859.jpg,60
AMLdataset/release/images_augmentation\aug_1_images_2859.jpg,60
AMLdataset/release/images\images_2860.jpg,60
AMLdataset/release/images_augmentation\aug_0_images_2860.jpg,60
AMLdataset/release/images_augmentation\aug_1_images_2860.jpg,60
AMLdataset/release/images\images_2861.jpg,131
AMLdataset/release/images_augmentation\aug_0_images_2861.jpg,131
AMLdataset/release/images_augmentation\aug_1_images_2861.jpg,131
AMLdataset/release/images\images_2862.jpg,131
AMLdataset/release/images_augmentation\aug_0_images_2862.jpg,131
AMLdataset/release/images_augmentation\aug_1_images_2862.jpg,131
AMLdataset/release/images\images_2863.jpg,131
AMLdataset/release/images_augmentation\aug_0_images_2863.jpg,131
AMLdataset/release/images_augmentation\aug_1_images_2863.jpg,131
AMLdataset/release/images\images_2864.jpg,131
AMLdataset/release/images_augmentation\aug_0_images_2864.jpg,131
AMLdataset/release/images_augmentation\aug_1_images_2864.jpg,131
AMLdataset/release/images\images_2865.jpg,131
AMLdataset/release/images_augmentation\aug_0_images_2865.jpg,131
AMLdataset/release/images_augmentation\aug_1_images_2865.jpg,131
AMLdataset/release/images\images_2866.jpg,131
AMLdataset/release/images_augmentation\aug_0_images_2866.jpg,131
AMLdataset/release/images_augmentation\aug_1_images_2866.jpg,131
AMLdataset/release/images\images_2867.jpg,131
AMLdataset/release/images_augmentation\aug_0_images_2867.jpg,131
AMLdataset/release/images_augmentation\aug_1_images_2867.jpg,131
AMLdataset/release/images\images_2868.jpg,131
AMLdataset/release/images_augmentation\aug_0_images_2868.jpg,131
AMLdataset/release/images_augmentation\aug_1_images_2868.jpg,131
AMLdataset/release/images\images_2869.jpg,131
AMLdataset/release/images_augmentation\aug_0_images_2869.jpg,131
AMLdataset/release/images_augmentation\aug_1_images_2869.jpg,131
AMLdataset/release/images\images_2870.jpg,131
AMLdataset/release/images_augmentation\aug_0_images_2870.jpg,131
AMLdataset/release/images_augmentation\aug_1_images_2870.jpg,131
AMLdataset/release/images\images_2871.jpg,131
AMLdataset/release/images_augmentation\aug_0_images_2871.jpg,131
AMLdataset/release/images_augmentation\aug_1_images_2871.jpg,131
AMLdataset/release/images\images_2872.jpg,131
AMLdataset/release/images_augmentation\aug_0_images_2872.jpg,131
AMLdataset/release/images_augmentation\aug_1_images_2872.jpg,131
AMLdataset/release/images\images_2873.jpg,131
AMLdataset/release/images_augmentation\aug_0_images_2873.jpg,131
AMLdataset/release/images_augmentation\aug_1_images_2873.jpg,131
AMLdataset/release/images\images_2874.jpg,131
AMLdataset/release/images_augmentation\aug_0_images_2874.jpg,131
AMLdataset/release/images_augmentation\aug_1_images_2874.jpg,131
AMLdataset/release/images\images_2875.jpg,131
AMLdataset/release/images_augmentation\aug_0_images_2875.jpg,131
AMLdataset/release/images_augmentation\aug_1_images_2875.jpg,131
AMLdataset/release/images\images_2876.jpg,131
AMLdataset/release/images_augmentation\aug_0_images_2876.jpg,131
AMLdataset/release/images_augmentation\aug_1_images_2876.jpg,131
AMLdataset/release/images\images_2877.jpg,131
AMLdataset/release/images_augmentation\aug_0_images_2877.jpg,131
AMLdataset/release/images_augmentation\aug_1_images_2877.jpg,131
AMLdataset/release/images\images_2878.jpg,131
AMLdataset/release/images_augmentation\aug_0_images_2878.jpg,131
AMLdataset/release/images_augmentation\aug_1_images_2878.jpg,131
AMLdataset/release/images\images_2879.jpg,131
AMLdataset/release/images_augmentation\aug_0_images_2879.jpg,131
AMLdataset/release/images_augmentation\aug_1_images_2879.jpg,131
AMLdataset/release/images\images_2880.jpg,131
AMLdataset/release/images_augmentation\aug_0_images_2880.jpg,131
AMLdataset/release/images_augmentation\aug_1_images_2880.jpg,131
AMLdataset/release/images\images_2881.jpg,198
AMLdataset/release/images_augmentation\aug_0_images_2881.jpg,198
AMLdataset/release/images_augmentation\aug_1_images_2881.jpg,198
AMLdataset/release/images\images_2882.jpg,198
AMLdataset/release/images_augmentation\aug_0_images_2882.jpg,198
AMLdataset/release/images_augmentation\aug_1_images_2882.jpg,198
AMLdataset/release/images\images_2883.jpg,198
AMLdataset/release/images_augmentation\aug_0_images_2883.jpg,198
AMLdataset/release/images_augmentation\aug_1_images_2883.jpg,198
AMLdataset/release/images\images_2884.jpg,198
AMLdataset/release/images_augmentation\aug_0_images_2884.jpg,198
AMLdataset/release/images_augmentation\aug_1_images_2884.jpg,198
AMLdataset/release/images\images_2885.jpg,198
AMLdataset/release/images_augmentation\aug_0_images_2885.jpg,198
AMLdataset/release/images_augmentation\aug_1_images_2885.jpg,198
AMLdataset/release/images\images_2886.jpg,198
AMLdataset/release/images_augmentation\aug_0_images_2886.jpg,198
AMLdataset/release/images_augmentation\aug_1_images_2886.jpg,198
AMLdataset/release/images\images_2887.jpg,198
AMLdataset/release/images_augmentation\aug_0_images_2887.jpg,198
AMLdataset/release/images_augmentation\aug_1_images_2887.jpg,198
AMLdataset/release/images\images_2888.jpg,198
AMLdataset/release/images_augmentation\aug_0_images_2888.jpg,198
AMLdataset/release/images_augmentation\aug_1_images_2888.jpg,198
AMLdataset/release/images\images_2889.jpg,198
AMLdataset/release/images_augmentation\aug_0_images_2889.jpg,198
AMLdataset/release/images_augmentation\aug_1_images_2889.jpg,198
AMLdataset/release/images\images_2890.jpg,198
AMLdataset/release/images_augmentation\aug_0_images_2890.jpg,198
AMLdataset/release/images_augmentation\aug_1_images_2890.jpg,198
AMLdataset/release/images\images_2891.jpg,198
AMLdataset/release/images_augmentation\aug_0_images_2891.jpg,198
AMLdataset/release/images_augmentation\aug_1_images_2891.jpg,198
AMLdataset/release/images\images_2892.jpg,198
AMLdataset/release/images_augmentation\aug_0_images_2892.jpg,198
AMLdataset/release/images_augmentation\aug_1_images_2892.jpg,198
AMLdataset/release/images\images_2893.jpg,198
AMLdataset/release/images_augmentation\aug_0_images_2893.jpg,198
AMLdataset/release/images_augmentation\aug_1_images_2893.jpg,198
AMLdataset/release/images\images_2894.jpg,198
AMLdataset/release/images_augmentation\aug_0_images_2894.jpg,198
AMLdataset/release/images_augmentation\aug_1_images_2894.jpg,198
AMLdataset/release/images\images_2895.jpg,198
AMLdataset/release/images_augmentation\aug_0_images_2895.jpg,198
AMLdataset/release/images_augmentation\aug_1_images_2895.jpg,198
AMLdataset/release/images\images_2896.jpg,198
AMLdataset/release/images_augmentation\aug_0_images_2896.jpg,198
AMLdataset/release/images_augmentation\aug_1_images_2896.jpg,198
AMLdataset/release/images\images_2897.jpg,198
AMLdataset/release/images_augmentation\aug_0_images_2897.jpg,198
AMLdataset/release/images_augmentation\aug_1_images_2897.jpg,198
AMLdataset/release/images\images_2898.jpg,198
AMLdataset/release/images_augmentation\aug_0_images_2898.jpg,198
AMLdataset/release/images_augmentation\aug_1_images_2898.jpg,198
AMLdataset/release/images\images_2899.jpg,198
AMLdataset/release/images_augmentation\aug_0_images_2899.jpg,198
AMLdataset/release/images_augmentation\aug_1_images_2899.jpg,198
AMLdataset/release/images\images_2900.jpg,198
AMLdataset/release/images_augmentation\aug_0_images_2900.jpg,198
AMLdataset/release/images_augmentation\aug_1_images_2900.jpg,198
AMLdataset/release/images\images_2901.jpg,84
AMLdataset/release/images_augmentation\aug_0_images_2901.jpg,84
AMLdataset/release/images_augmentation\aug_1_images_2901.jpg,84
AMLdataset/release/images\images_2902.jpg,84
AMLdataset/release/images_augmentation\aug_0_images_2902.jpg,84
AMLdataset/release/images_augmentation\aug_1_images_2902.jpg,84
AMLdataset/release/images\images_2903.jpg,84
AMLdataset/release/images_augmentation\aug_0_images_2903.jpg,84
AMLdataset/release/images_augmentation\aug_1_images_2903.jpg,84
AMLdataset/release/images\images_2904.jpg,84
AMLdataset/release/images_augmentation\aug_0_images_2904.jpg,84
AMLdataset/release/images_augmentation\aug_1_images_2904.jpg,84
AMLdataset/release/images\images_2905.jpg,84
AMLdataset/release/images_augmentation\aug_0_images_2905.jpg,84
AMLdataset/release/images_augmentation\aug_1_images_2905.jpg,84
AMLdataset/release/images\images_2906.jpg,84
AMLdataset/release/images_augmentation\aug_0_images_2906.jpg,84
AMLdataset/release/images_augmentation\aug_1_images_2906.jpg,84
AMLdataset/release/images\images_2907.jpg,84
AMLdataset/release/images_augmentation\aug_0_images_2907.jpg,84
AMLdataset/release/images_augmentation\aug_1_images_2907.jpg,84
AMLdataset/release/images\images_2908.jpg,84
AMLdataset/release/images_augmentation\aug_0_images_2908.jpg,84
AMLdataset/release/images_augmentation\aug_1_images_2908.jpg,84
AMLdataset/release/images\images_2909.jpg,84
AMLdataset/release/images_augmentation\aug_0_images_2909.jpg,84
AMLdataset/release/images_augmentation\aug_1_images_2909.jpg,84
AMLdataset/release/images\images_2910.jpg,84
AMLdataset/release/images_augmentation\aug_0_images_2910.jpg,84
AMLdataset/release/images_augmentation\aug_1_images_2910.jpg,84
AMLdataset/release/images\images_2911.jpg,84
AMLdataset/release/images_augmentation\aug_0_images_2911.jpg,84
AMLdataset/release/images_augmentation\aug_1_images_2911.jpg,84
AMLdataset/release/images\images_2912.jpg,84
AMLdataset/release/images_augmentation\aug_0_images_2912.jpg,84
AMLdataset/release/images_augmentation\aug_1_images_2912.jpg,84
AMLdataset/release/images\images_2913.jpg,84
AMLdataset/release/images_augmentation\aug_0_images_2913.jpg,84
AMLdataset/release/images_augmentation\aug_1_images_2913.jpg,84
AMLdataset/release/images\images_2914.jpg,84
AMLdataset/release/images_augmentation\aug_0_images_2914.jpg,84
AMLdataset/release/images_augmentation\aug_1_images_2914.jpg,84
AMLdataset/release/images\images_2915.jpg,84
AMLdataset/release/images_augmentation\aug_0_images_2915.jpg,84
AMLdataset/release/images_augmentation\aug_1_images_2915.jpg,84
AMLdataset/release/images\images_2916.jpg,84
AMLdataset/release/images_augmentation\aug_0_images_2916.jpg,84
AMLdataset/release/images_augmentation\aug_1_images_2916.jpg,84
AMLdataset/release/images\images_2917.jpg,84
AMLdataset/release/images_augmentation\aug_0_images_2917.jpg,84
AMLdataset/release/images_augmentation\aug_1_images_2917.jpg,84
AMLdataset/release/images\images_2918.jpg,84
AMLdataset/release/images_augmentation\aug_0_images_2918.jpg,84
AMLdataset/release/images_augmentation\aug_1_images_2918.jpg,84
AMLdataset/release/images\images_2919.jpg,84
AMLdataset/release/images_augmentation\aug_0_images_2919.jpg,84
AMLdataset/release/images_augmentation\aug_1_images_2919.jpg,84
AMLdataset/release/images\images_2920.jpg,84
AMLdataset/release/images_augmentation\aug_0_images_2920.jpg,84
AMLdataset/release/images_augmentation\aug_1_images_2920.jpg,84
AMLdataset/release/images\images_2921.jpg,8
AMLdataset/release/images_augmentation\aug_0_images_2921.jpg,8
AMLdataset/release/images_augmentation\aug_1_images_2921.jpg,8
AMLdataset/release/images\images_2922.jpg,8
AMLdataset/release/images_augmentation\aug_0_images_2922.jpg,8
AMLdataset/release/images_augmentation\aug_1_images_2922.jpg,8
AMLdataset/release/images\images_2923.jpg,8
AMLdataset/release/images_augmentation\aug_0_images_2923.jpg,8
AMLdataset/release/images_augmentation\aug_1_images_2923.jpg,8
AMLdataset/release/images\images_2924.jpg,8
AMLdataset/release/images_augmentation\aug_0_images_2924.jpg,8
AMLdataset/release/images_augmentation\aug_1_images_2924.jpg,8
AMLdataset/release/images\images_2925.jpg,8
AMLdataset/release/images_augmentation\aug_0_images_2925.jpg,8
AMLdataset/release/images_augmentation\aug_1_images_2925.jpg,8
AMLdataset/release/images\images_2926.jpg,8
AMLdataset/release/images_augmentation\aug_0_images_2926.jpg,8
AMLdataset/release/images_augmentation\aug_1_images_2926.jpg,8
AMLdataset/release/images\images_2927.jpg,8
AMLdataset/release/images_augmentation\aug_0_images_2927.jpg,8
AMLdataset/release/images_augmentation\aug_1_images_2927.jpg,8
AMLdataset/release/images\images_2928.jpg,8
AMLdataset/release/images_augmentation\aug_0_images_2928.jpg,8
AMLdataset/release/images_augmentation\aug_1_images_2928.jpg,8
AMLdataset/release/images\images_2929.jpg,8
AMLdataset/release/images_augmentation\aug_0_images_2929.jpg,8
AMLdataset/release/images_augmentation\aug_1_images_2929.jpg,8
AMLdataset/release/images\images_2930.jpg,8
AMLdataset/release/images_augmentation\aug_0_images_2930.jpg,8
AMLdataset/release/images_augmentation\aug_1_images_2930.jpg,8
AMLdataset/release/images\images_2931.jpg,8
AMLdataset/release/images_augmentation\aug_0_images_2931.jpg,8
AMLdataset/release/images_augmentation\aug_1_images_2931.jpg,8
AMLdataset/release/images\images_2932.jpg,8
AMLdataset/release/images_augmentation\aug_0_images_2932.jpg,8
AMLdataset/release/images_augmentation\aug_1_images_2932.jpg,8
AMLdataset/release/images\images_2933.jpg,8
AMLdataset/release/images_augmentation\aug_0_images_2933.jpg,8
AMLdataset/release/images_augmentation\aug_1_images_2933.jpg,8
AMLdataset/release/images\images_2934.jpg,8
AMLdataset/release/images_augmentation\aug_0_images_2934.jpg,8
AMLdataset/release/images_augmentation\aug_1_images_2934.jpg,8
AMLdataset/release/images\images_2935.jpg,8
AMLdataset/release/images_augmentation\aug_0_images_2935.jpg,8
AMLdataset/release/images_augmentation\aug_1_images_2935.jpg,8
AMLdataset/release/images\images_2936.jpg,8
AMLdataset/release/images_augmentation\aug_0_images_2936.jpg,8
AMLdataset/release/images_augmentation\aug_1_images_2936.jpg,8
AMLdataset/release/images\images_2937.jpg,8
AMLdataset/release/images_augmentation\aug_0_images_2937.jpg,8
AMLdataset/release/images_augmentation\aug_1_images_2937.jpg,8
AMLdataset/release/images\images_2938.jpg,8
AMLdataset/release/images_augmentation\aug_0_images_2938.jpg,8
AMLdataset/release/images_augmentation\aug_1_images_2938.jpg,8
AMLdataset/release/images\images_2939.jpg,8
AMLdataset/release/images_augmentation\aug_0_images_2939.jpg,8
AMLdataset/release/images_augmentation\aug_1_images_2939.jpg,8
AMLdataset/release/images\images_2940.jpg,8
AMLdataset/release/images_augmentation\aug_0_images_2940.jpg,8
AMLdataset/release/images_augmentation\aug_1_images_2940.jpg,8
AMLdataset/release/images\images_2941.jpg,263
AMLdataset/release/images_augmentation\aug_0_images_2941.jpg,263
AMLdataset/release/images_augmentation\aug_1_images_2941.jpg,263
AMLdataset/release/images\images_2942.jpg,263
AMLdataset/release/images_augmentation\aug_0_images_2942.jpg,263
AMLdataset/release/images_augmentation\aug_1_images_2942.jpg,263
AMLdataset/release/images\images_2943.jpg,263
AMLdataset/release/images_augmentation\aug_0_images_2943.jpg,263
AMLdataset/release/images_augmentation\aug_1_images_2943.jpg,263
AMLdataset/release/images\images_2944.jpg,263
AMLdataset/release/images_augmentation\aug_0_images_2944.jpg,263
AMLdataset/release/images_augmentation\aug_1_images_2944.jpg,263
AMLdataset/release/images\images_2945.jpg,263
AMLdataset/release/images_augmentation\aug_0_images_2945.jpg,263
AMLdataset/release/images_augmentation\aug_1_images_2945.jpg,263
AMLdataset/release/images\images_2946.jpg,263
AMLdataset/release/images_augmentation\aug_0_images_2946.jpg,263
AMLdataset/release/images_augmentation\aug_1_images_2946.jpg,263
AMLdataset/release/images\images_2947.jpg,263
AMLdataset/release/images_augmentation\aug_0_images_2947.jpg,263
AMLdataset/release/images_augmentation\aug_1_images_2947.jpg,263
AMLdataset/release/images\images_2948.jpg,263
AMLdataset/release/images_augmentation\aug_0_images_2948.jpg,263
AMLdataset/release/images_augmentation\aug_1_images_2948.jpg,263
AMLdataset/release/images\images_2949.jpg,263
AMLdataset/release/images_augmentation\aug_0_images_2949.jpg,263
AMLdataset/release/images_augmentation\aug_1_images_2949.jpg,263
AMLdataset/release/images\images_2950.jpg,263
AMLdataset/release/images_augmentation\aug_0_images_2950.jpg,263
AMLdataset/release/images_augmentation\aug_1_images_2950.jpg,263
AMLdataset/release/images\images_2951.jpg,263
AMLdataset/release/images_augmentation\aug_0_images_2951.jpg,263
AMLdataset/release/images_augmentation\aug_1_images_2951.jpg,263
AMLdataset/release/images\images_2952.jpg,263
AMLdataset/release/images_augmentation\aug_0_images_2952.jpg,263
AMLdataset/release/images_augmentation\aug_1_images_2952.jpg,263
AMLdataset/release/images\images_2953.jpg,263
AMLdataset/release/images_augmentation\aug_0_images_2953.jpg,263
AMLdataset/release/images_augmentation\aug_1_images_2953.jpg,263
AMLdataset/release/images\images_2954.jpg,263
AMLdataset/release/images_augmentation\aug_0_images_2954.jpg,263
AMLdataset/release/images_augmentation\aug_1_images_2954.jpg,263
AMLdataset/release/images\images_2955.jpg,263
AMLdataset/release/images_augmentation\aug_0_images_2955.jpg,263
AMLdataset/release/images_augmentation\aug_1_images_2955.jpg,263
AMLdataset/release/images\images_2956.jpg,263
AMLdataset/release/images_augmentation\aug_0_images_2956.jpg,263
AMLdataset/release/images_augmentation\aug_1_images_2956.jpg,263
AMLdataset/release/images\images_2957.jpg,263
AMLdataset/release/images_augmentation\aug_0_images_2957.jpg,263
AMLdataset/release/images_augmentation\aug_1_images_2957.jpg,263
AMLdataset/release/images\images_2958.jpg,263
AMLdataset/release/images_augmentation\aug_0_images_2958.jpg,263
AMLdataset/release/images_augmentation\aug_1_images_2958.jpg,263
AMLdataset/release/images\images_2959.jpg,263
AMLdataset/release/images_augmentation\aug_0_images_2959.jpg,263
AMLdataset/release/images_augmentation\aug_1_images_2959.jpg,263
AMLdataset/release/images\images_2960.jpg,263
AMLdataset/release/images_augmentation\aug_0_images_2960.jpg,263
AMLdataset/release/images_augmentation\aug_1_images_2960.jpg,263
AMLdataset/release/images\images_2961.jpg,154
AMLdataset/release/images_augmentation\aug_0_images_2961.jpg,154
AMLdataset/release/images_augmentation\aug_1_images_2961.jpg,154
AMLdataset/release/images\images_2962.jpg,154
AMLdataset/release/images_augmentation\aug_0_images_2962.jpg,154
AMLdataset/release/images_augmentation\aug_1_images_2962.jpg,154
AMLdataset/release/images\images_2963.jpg,154
AMLdataset/release/images_augmentation\aug_0_images_2963.jpg,154
AMLdataset/release/images_augmentation\aug_1_images_2963.jpg,154
AMLdataset/release/images\images_2964.jpg,154
AMLdataset/release/images_augmentation\aug_0_images_2964.jpg,154
AMLdataset/release/images_augmentation\aug_1_images_2964.jpg,154
AMLdataset/release/images\images_2965.jpg,154
AMLdataset/release/images_augmentation\aug_0_images_2965.jpg,154
AMLdataset/release/images_augmentation\aug_1_images_2965.jpg,154
AMLdataset/release/images\images_2966.jpg,154
AMLdataset/release/images_augmentation\aug_0_images_2966.jpg,154
AMLdataset/release/images_augmentation\aug_1_images_2966.jpg,154
AMLdataset/release/images\images_2967.jpg,154
AMLdataset/release/images_augmentation\aug_0_images_2967.jpg,154
AMLdataset/release/images_augmentation\aug_1_images_2967.jpg,154
AMLdataset/release/images\images_2968.jpg,154
AMLdataset/release/images_augmentation\aug_0_images_2968.jpg,154
AMLdataset/release/images_augmentation\aug_1_images_2968.jpg,154
AMLdataset/release/images\images_2969.jpg,154
AMLdataset/release/images_augmentation\aug_0_images_2969.jpg,154
AMLdataset/release/images_augmentation\aug_1_images_2969.jpg,154
AMLdataset/release/images\images_2970.jpg,154
AMLdataset/release/images_augmentation\aug_0_images_2970.jpg,154
AMLdataset/release/images_augmentation\aug_1_images_2970.jpg,154
AMLdataset/release/images\images_2971.jpg,154
AMLdataset/release/images_augmentation\aug_0_images_2971.jpg,154
AMLdataset/release/images_augmentation\aug_1_images_2971.jpg,154
AMLdataset/release/images\images_2972.jpg,154
AMLdataset/release/images_augmentation\aug_0_images_2972.jpg,154
AMLdataset/release/images_augmentation\aug_1_images_2972.jpg,154
AMLdataset/release/images\images_2973.jpg,154
AMLdataset/release/images_augmentation\aug_0_images_2973.jpg,154
AMLdataset/release/images_augmentation\aug_1_images_2973.jpg,154
AMLdataset/release/images\images_2974.jpg,154
AMLdataset/release/images_augmentation\aug_0_images_2974.jpg,154
AMLdataset/release/images_augmentation\aug_1_images_2974.jpg,154
AMLdataset/release/images\images_2975.jpg,154
AMLdataset/release/images_augmentation\aug_0_images_2975.jpg,154
AMLdataset/release/images_augmentation\aug_1_images_2975.jpg,154
AMLdataset/release/images\images_2976.jpg,154
AMLdataset/release/images_augmentation\aug_0_images_2976.jpg,154
AMLdataset/release/images_augmentation\aug_1_images_2976.jpg,154
AMLdataset/release/images\images_2977.jpg,154
AMLdataset/release/images_augmentation\aug_0_images_2977.jpg,154
AMLdataset/release/images_augmentation\aug_1_images_2977.jpg,154
AMLdataset/release/images\images_2978.jpg,154
AMLdataset/release/images_augmentation\aug_0_images_2978.jpg,154
AMLdataset/release/images_augmentation\aug_1_images_2978.jpg,154
AMLdataset/release/images\images_2979.jpg,154
AMLdataset/release/images_augmentation\aug_0_images_2979.jpg,154
AMLdataset/release/images_augmentation\aug_1_images_2979.jpg,154
AMLdataset/release/images\images_2980.jpg,154
AMLdataset/release/images_augmentation\aug_0_images_2980.jpg,154
AMLdataset/release/images_augmentation\aug_1_images_2980.jpg,154
AMLdataset/release/images\images_2981.jpg,350
AMLdataset/release/images_augmentation\aug_0_images_2981.jpg,350
AMLdataset/release/images_augmentation\aug_1_images_2981.jpg,350
AMLdataset/release/images\images_2982.jpg,350
AMLdataset/release/images_augmentation\aug_0_images_2982.jpg,350
AMLdataset/release/images_augmentation\aug_1_images_2982.jpg,350
AMLdataset/release/images\images_2983.jpg,350
AMLdataset/release/images_augmentation\aug_0_images_2983.jpg,350
AMLdataset/release/images_augmentation\aug_1_images_2983.jpg,350
AMLdataset/release/images\images_2984.jpg,350
AMLdataset/release/images_augmentation\aug_0_images_2984.jpg,350
AMLdataset/release/images_augmentation\aug_1_images_2984.jpg,350
AMLdataset/release/images\images_2985.jpg,350
AMLdataset/release/images_augmentation\aug_0_images_2985.jpg,350
AMLdataset/release/images_augmentation\aug_1_images_2985.jpg,350
AMLdataset/release/images\images_2986.jpg,350
AMLdataset/release/images_augmentation\aug_0_images_2986.jpg,350
AMLdataset/release/images_augmentation\aug_1_images_2986.jpg,350
AMLdataset/release/images\images_2987.jpg,350
AMLdataset/release/images_augmentation\aug_0_images_2987.jpg,350
AMLdataset/release/images_augmentation\aug_1_images_2987.jpg,350
AMLdataset/release/images\images_2988.jpg,350
AMLdataset/release/images_augmentation\aug_0_images_2988.jpg,350
AMLdataset/release/images_augmentation\aug_1_images_2988.jpg,350
AMLdataset/release/images\images_2989.jpg,350
AMLdataset/release/images_augmentation\aug_0_images_2989.jpg,350
AMLdataset/release/images_augmentation\aug_1_images_2989.jpg,350
AMLdataset/release/images\images_2990.jpg,350
AMLdataset/release/images_augmentation\aug_0_images_2990.jpg,350
AMLdataset/release/images_augmentation\aug_1_images_2990.jpg,350
AMLdataset/release/images\images_2991.jpg,350
AMLdataset/release/images_augmentation\aug_0_images_2991.jpg,350
AMLdataset/release/images_augmentation\aug_1_images_2991.jpg,350
AMLdataset/release/images\images_2992.jpg,350
AMLdataset/release/images_augmentation\aug_0_images_2992.jpg,350
AMLdataset/release/images_augmentation\aug_1_images_2992.jpg,350
AMLdataset/release/images\images_2993.jpg,350
AMLdataset/release/images_augmentation\aug_0_images_2993.jpg,350
AMLdataset/release/images_augmentation\aug_1_images_2993.jpg,350
AMLdataset/release/images\images_2994.jpg,350
AMLdataset/release/images_augmentation\aug_0_images_2994.jpg,350
AMLdataset/release/images_augmentation\aug_1_images_2994.jpg,350
AMLdataset/release/images\images_2995.jpg,350
AMLdataset/release/images_augmentation\aug_0_images_2995.jpg,350
AMLdataset/release/images_augmentation\aug_1_images_2995.jpg,350
AMLdataset/release/images\images_2996.jpg,350
AMLdataset/release/images_augmentation\aug_0_images_2996.jpg,350
AMLdataset/release/images_augmentation\aug_1_images_2996.jpg,350
AMLdataset/release/images\images_2997.jpg,350
AMLdataset/release/images_augmentation\aug_0_images_2997.jpg,350
AMLdataset/release/images_augmentation\aug_1_images_2997.jpg,350
AMLdataset/release/images\images_2998.jpg,350
AMLdataset/release/images_augmentation\aug_0_images_2998.jpg,350
AMLdataset/release/images_augmentation\aug_1_images_2998.jpg,350
AMLdataset/release/images\images_2999.jpg,350
AMLdataset/release/images_augmentation\aug_0_images_2999.jpg,350
AMLdataset/release/images_augmentation\aug_1_images_2999.jpg,350
AMLdataset/release/images\images_3000.jpg,350
AMLdataset/release/images_augmentation\aug_0_images_3000.jpg,350
AMLdataset/release/images_augmentation\aug_1_images_3000.jpg,350
AMLdataset/release/images\images_3001.jpg,18
AMLdataset/release/images_augmentation\aug_0_images_3001.jpg,18
AMLdataset/release/images_augmentation\aug_1_images_3001.jpg,18
AMLdataset/release/images\images_3002.jpg,18
AMLdataset/release/images_augmentation\aug_0_images_3002.jpg,18
AMLdataset/release/images_augmentation\aug_1_images_3002.jpg,18
AMLdataset/release/images\images_3003.jpg,18
AMLdataset/release/images_augmentation\aug_0_images_3003.jpg,18
AMLdataset/release/images_augmentation\aug_1_images_3003.jpg,18
AMLdataset/release/images\images_3004.jpg,18
AMLdataset/release/images_augmentation\aug_0_images_3004.jpg,18
AMLdataset/release/images_augmentation\aug_1_images_3004.jpg,18
AMLdataset/release/images\images_3005.jpg,18
AMLdataset/release/images_augmentation\aug_0_images_3005.jpg,18
AMLdataset/release/images_augmentation\aug_1_images_3005.jpg,18
AMLdataset/release/images\images_3006.jpg,18
AMLdataset/release/images_augmentation\aug_0_images_3006.jpg,18
AMLdataset/release/images_augmentation\aug_1_images_3006.jpg,18
AMLdataset/release/images\images_3007.jpg,18
AMLdataset/release/images_augmentation\aug_0_images_3007.jpg,18
AMLdataset/release/images_augmentation\aug_1_images_3007.jpg,18
AMLdataset/release/images\images_3008.jpg,18
AMLdataset/release/images_augmentation\aug_0_images_3008.jpg,18
AMLdataset/release/images_augmentation\aug_1_images_3008.jpg,18
AMLdataset/release/images\images_3009.jpg,18
AMLdataset/release/images_augmentation\aug_0_images_3009.jpg,18
AMLdataset/release/images_augmentation\aug_1_images_3009.jpg,18
AMLdataset/release/images\images_3010.jpg,18
AMLdataset/release/images_augmentation\aug_0_images_3010.jpg,18
AMLdataset/release/images_augmentation\aug_1_images_3010.jpg,18
AMLdataset/release/images\images_3011.jpg,18
AMLdataset/release/images_augmentation\aug_0_images_3011.jpg,18
AMLdataset/release/images_augmentation\aug_1_images_3011.jpg,18
AMLdataset/release/images\images_3012.jpg,18
AMLdataset/release/images_augmentation\aug_0_images_3012.jpg,18
AMLdataset/release/images_augmentation\aug_1_images_3012.jpg,18
AMLdataset/release/images\images_3013.jpg,18
AMLdataset/release/images_augmentation\aug_0_images_3013.jpg,18
AMLdataset/release/images_augmentation\aug_1_images_3013.jpg,18
AMLdataset/release/images\images_3014.jpg,18
AMLdataset/release/images_augmentation\aug_0_images_3014.jpg,18
AMLdataset/release/images_augmentation\aug_1_images_3014.jpg,18
AMLdataset/release/images\images_3015.jpg,18
AMLdataset/release/images_augmentation\aug_0_images_3015.jpg,18
AMLdataset/release/images_augmentation\aug_1_images_3015.jpg,18
AMLdataset/release/images\images_3016.jpg,18
AMLdataset/release/images_augmentation\aug_0_images_3016.jpg,18
AMLdataset/release/images_augmentation\aug_1_images_3016.jpg,18
AMLdataset/release/images\images_3017.jpg,18
AMLdataset/release/images_augmentation\aug_0_images_3017.jpg,18
AMLdataset/release/images_augmentation\aug_1_images_3017.jpg,18
AMLdataset/release/images\images_3018.jpg,18
AMLdataset/release/images_augmentation\aug_0_images_3018.jpg,18
AMLdataset/release/images_augmentation\aug_1_images_3018.jpg,18
AMLdataset/release/images\images_3019.jpg,18
AMLdataset/release/images_augmentation\aug_0_images_3019.jpg,18
AMLdataset/release/images_augmentation\aug_1_images_3019.jpg,18
AMLdataset/release/images\images_3020.jpg,18
AMLdataset/release/images_augmentation\aug_0_images_3020.jpg,18
AMLdataset/release/images_augmentation\aug_1_images_3020.jpg,18
AMLdataset/release/images\images_3021.jpg,1
AMLdataset/release/images_augmentation\aug_0_images_3021.jpg,1
AMLdataset/release/images_augmentation\aug_1_images_3021.jpg,1
AMLdataset/release/images\images_3022.jpg,1
AMLdataset/release/images_augmentation\aug_0_images_3022.jpg,1
AMLdataset/release/images_augmentation\aug_1_images_3022.jpg,1
AMLdataset/release/images\images_3023.jpg,1
AMLdataset/release/images_augmentation\aug_0_images_3023.jpg,1
AMLdataset/release/images_augmentation\aug_1_images_3023.jpg,1
AMLdataset/release/images\images_3024.jpg,1
AMLdataset/release/images_augmentation\aug_0_images_3024.jpg,1
AMLdataset/release/images_augmentation\aug_1_images_3024.jpg,1
AMLdataset/release/images\images_3025.jpg,1
AMLdataset/release/images_augmentation\aug_0_images_3025.jpg,1
AMLdataset/release/images_augmentation\aug_1_images_3025.jpg,1
AMLdataset/release/images\images_3026.jpg,1
AMLdataset/release/images_augmentation\aug_0_images_3026.jpg,1
AMLdataset/release/images_augmentation\aug_1_images_3026.jpg,1
AMLdataset/release/images\images_3027.jpg,1
AMLdataset/release/images_augmentation\aug_0_images_3027.jpg,1
AMLdataset/release/images_augmentation\aug_1_images_3027.jpg,1
AMLdataset/release/images\images_3028.jpg,1
AMLdataset/release/images_augmentation\aug_0_images_3028.jpg,1
AMLdataset/release/images_augmentation\aug_1_images_3028.jpg,1
AMLdataset/release/images\images_3029.jpg,1
AMLdataset/release/images_augmentation\aug_0_images_3029.jpg,1
AMLdataset/release/images_augmentation\aug_1_images_3029.jpg,1
AMLdataset/release/images\images_3030.jpg,1
AMLdataset/release/images_augmentation\aug_0_images_3030.jpg,1
AMLdataset/release/images_augmentation\aug_1_images_3030.jpg,1
AMLdataset/release/images\images_3031.jpg,1
AMLdataset/release/images_augmentation\aug_0_images_3031.jpg,1
AMLdataset/release/images_augmentation\aug_1_images_3031.jpg,1
AMLdataset/release/images\images_3032.jpg,1
AMLdataset/release/images_augmentation\aug_0_images_3032.jpg,1
AMLdataset/release/images_augmentation\aug_1_images_3032.jpg,1
AMLdataset/release/images\images_3033.jpg,1
AMLdataset/release/images_augmentation\aug_0_images_3033.jpg,1
AMLdataset/release/images_augmentation\aug_1_images_3033.jpg,1
AMLdataset/release/images\images_3034.jpg,1
AMLdataset/release/images_augmentation\aug_0_images_3034.jpg,1
AMLdataset/release/images_augmentation\aug_1_images_3034.jpg,1
AMLdataset/release/images\images_3035.jpg,1
AMLdataset/release/images_augmentation\aug_0_images_3035.jpg,1
AMLdataset/release/images_augmentation\aug_1_images_3035.jpg,1
AMLdataset/release/images\images_3036.jpg,1
AMLdataset/release/images_augmentation\aug_0_images_3036.jpg,1
AMLdataset/release/images_augmentation\aug_1_images_3036.jpg,1
AMLdataset/release/images\images_3037.jpg,1
AMLdataset/release/images_augmentation\aug_0_images_3037.jpg,1
AMLdataset/release/images_augmentation\aug_1_images_3037.jpg,1
AMLdataset/release/images\images_3038.jpg,1
AMLdataset/release/images_augmentation\aug_0_images_3038.jpg,1
AMLdataset/release/images_augmentation\aug_1_images_3038.jpg,1
AMLdataset/release/images\images_3039.jpg,1
AMLdataset/release/images_augmentation\aug_0_images_3039.jpg,1
AMLdataset/release/images_augmentation\aug_1_images_3039.jpg,1
AMLdataset/release/images\images_3040.jpg,1
AMLdataset/release/images_augmentation\aug_0_images_3040.jpg,1
AMLdataset/release/images_augmentation\aug_1_images_3040.jpg,1
AMLdataset/release/images\images_3041.jpg,271
AMLdataset/release/images_augmentation\aug_0_images_3041.jpg,271
AMLdataset/release/images_augmentation\aug_1_images_3041.jpg,271
AMLdataset/release/images\images_3042.jpg,271
AMLdataset/release/images_augmentation\aug_0_images_3042.jpg,271
AMLdataset/release/images_augmentation\aug_1_images_3042.jpg,271
AMLdataset/release/images\images_3043.jpg,271
AMLdataset/release/images_augmentation\aug_0_images_3043.jpg,271
AMLdataset/release/images_augmentation\aug_1_images_3043.jpg,271
AMLdataset/release/images\images_3044.jpg,271
AMLdataset/release/images_augmentation\aug_0_images_3044.jpg,271
AMLdataset/release/images_augmentation\aug_1_images_3044.jpg,271
AMLdataset/release/images\images_3045.jpg,271
AMLdataset/release/images_augmentation\aug_0_images_3045.jpg,271
AMLdataset/release/images_augmentation\aug_1_images_3045.jpg,271
AMLdataset/release/images\images_3046.jpg,271
AMLdataset/release/images_augmentation\aug_0_images_3046.jpg,271
AMLdataset/release/images_augmentation\aug_1_images_3046.jpg,271
AMLdataset/release/images\images_3047.jpg,271
AMLdataset/release/images_augmentation\aug_0_images_3047.jpg,271
AMLdataset/release/images_augmentation\aug_1_images_3047.jpg,271
AMLdataset/release/images\images_3048.jpg,271
AMLdataset/release/images_augmentation\aug_0_images_3048.jpg,271
AMLdataset/release/images_augmentation\aug_1_images_3048.jpg,271
AMLdataset/release/images\images_3049.jpg,271
AMLdataset/release/images_augmentation\aug_0_images_3049.jpg,271
AMLdataset/release/images_augmentation\aug_1_images_3049.jpg,271
AMLdataset/release/images\images_3050.jpg,271
AMLdataset/release/images_augmentation\aug_0_images_3050.jpg,271
AMLdataset/release/images_augmentation\aug_1_images_3050.jpg,271
AMLdataset/release/images\images_3051.jpg,271
AMLdataset/release/images_augmentation\aug_0_images_3051.jpg,271
AMLdataset/release/images_augmentation\aug_1_images_3051.jpg,271
AMLdataset/release/images\images_3052.jpg,271
AMLdataset/release/images_augmentation\aug_0_images_3052.jpg,271
AMLdataset/release/images_augmentation\aug_1_images_3052.jpg,271
AMLdataset/release/images\images_3053.jpg,271
AMLdataset/release/images_augmentation\aug_0_images_3053.jpg,271
AMLdataset/release/images_augmentation\aug_1_images_3053.jpg,271
AMLdataset/release/images\images_3054.jpg,271
AMLdataset/release/images_augmentation\aug_0_images_3054.jpg,271
AMLdataset/release/images_augmentation\aug_1_images_3054.jpg,271
AMLdataset/release/images\images_3055.jpg,271
AMLdataset/release/images_augmentation\aug_0_images_3055.jpg,271
AMLdataset/release/images_augmentation\aug_1_images_3055.jpg,271
AMLdataset/release/images\images_3056.jpg,271
AMLdataset/release/images_augmentation\aug_0_images_3056.jpg,271
AMLdataset/release/images_augmentation\aug_1_images_3056.jpg,271
AMLdataset/release/images\images_3057.jpg,271
AMLdataset/release/images_augmentation\aug_0_images_3057.jpg,271
AMLdataset/release/images_augmentation\aug_1_images_3057.jpg,271
AMLdataset/release/images\images_3058.jpg,271
AMLdataset/release/images_augmentation\aug_0_images_3058.jpg,271
AMLdataset/release/images_augmentation\aug_1_images_3058.jpg,271
AMLdataset/release/images\images_3059.jpg,271
AMLdataset/release/images_augmentation\aug_0_images_3059.jpg,271
AMLdataset/release/images_augmentation\aug_1_images_3059.jpg,271
AMLdataset/release/images\images_3060.jpg,271
AMLdataset/release/images_augmentation\aug_0_images_3060.jpg,271
AMLdataset/release/images_augmentation\aug_1_images_3060.jpg,271
AMLdataset/release/images\images_3061.jpg,156
AMLdataset/release/images_augmentation\aug_0_images_3061.jpg,156
AMLdataset/release/images_augmentation\aug_1_images_3061.jpg,156
AMLdataset/release/images\images_3062.jpg,156
AMLdataset/release/images_augmentation\aug_0_images_3062.jpg,156
AMLdataset/release/images_augmentation\aug_1_images_3062.jpg,156
AMLdataset/release/images\images_3063.jpg,156
AMLdataset/release/images_augmentation\aug_0_images_3063.jpg,156
AMLdataset/release/images_augmentation\aug_1_images_3063.jpg,156
AMLdataset/release/images\images_3064.jpg,156
AMLdataset/release/images_augmentation\aug_0_images_3064.jpg,156
AMLdataset/release/images_augmentation\aug_1_images_3064.jpg,156
AMLdataset/release/images\images_3065.jpg,156
AMLdataset/release/images_augmentation\aug_0_images_3065.jpg,156
AMLdataset/release/images_augmentation\aug_1_images_3065.jpg,156
AMLdataset/release/images\images_3066.jpg,156
AMLdataset/release/images_augmentation\aug_0_images_3066.jpg,156
AMLdataset/release/images_augmentation\aug_1_images_3066.jpg,156
AMLdataset/release/images\images_3067.jpg,156
AMLdataset/release/images_augmentation\aug_0_images_3067.jpg,156
AMLdataset/release/images_augmentation\aug_1_images_3067.jpg,156
AMLdataset/release/images\images_3068.jpg,156
AMLdataset/release/images_augmentation\aug_0_images_3068.jpg,156
AMLdataset/release/images_augmentation\aug_1_images_3068.jpg,156
AMLdataset/release/images\images_3069.jpg,156
AMLdataset/release/images_augmentation\aug_0_images_3069.jpg,156
AMLdataset/release/images_augmentation\aug_1_images_3069.jpg,156
AMLdataset/release/images\images_3070.jpg,156
AMLdataset/release/images_augmentation\aug_0_images_3070.jpg,156
AMLdataset/release/images_augmentation\aug_1_images_3070.jpg,156
AMLdataset/release/images\images_3071.jpg,156
AMLdataset/release/images_augmentation\aug_0_images_3071.jpg,156
AMLdataset/release/images_augmentation\aug_1_images_3071.jpg,156
AMLdataset/release/images\images_3072.jpg,156
AMLdataset/release/images_augmentation\aug_0_images_3072.jpg,156
AMLdataset/release/images_augmentation\aug_1_images_3072.jpg,156
AMLdataset/release/images\images_3073.jpg,156
AMLdataset/release/images_augmentation\aug_0_images_3073.jpg,156
AMLdataset/release/images_augmentation\aug_1_images_3073.jpg,156
AMLdataset/release/images\images_3074.jpg,156
AMLdataset/release/images_augmentation\aug_0_images_3074.jpg,156
AMLdataset/release/images_augmentation\aug_1_images_3074.jpg,156
AMLdataset/release/images\images_3075.jpg,156
AMLdataset/release/images_augmentation\aug_0_images_3075.jpg,156
AMLdataset/release/images_augmentation\aug_1_images_3075.jpg,156
AMLdataset/release/images\images_3076.jpg,156
AMLdataset/release/images_augmentation\aug_0_images_3076.jpg,156
AMLdataset/release/images_augmentation\aug_1_images_3076.jpg,156
AMLdataset/release/images\images_3077.jpg,156
AMLdataset/release/images_augmentation\aug_0_images_3077.jpg,156
AMLdataset/release/images_augmentation\aug_1_images_3077.jpg,156
AMLdataset/release/images\images_3078.jpg,156
AMLdataset/release/images_augmentation\aug_0_images_3078.jpg,156
AMLdataset/release/images_augmentation\aug_1_images_3078.jpg,156
AMLdataset/release/images\images_3079.jpg,156
AMLdataset/release/images_augmentation\aug_0_images_3079.jpg,156
AMLdataset/release/images_augmentation\aug_1_images_3079.jpg,156
AMLdataset/release/images\images_3080.jpg,156
AMLdataset/release/images_augmentation\aug_0_images_3080.jpg,156
AMLdataset/release/images_augmentation\aug_1_images_3080.jpg,156
AMLdataset/release/images\images_3081.jpg,58
AMLdataset/release/images_augmentation\aug_0_images_3081.jpg,58
AMLdataset/release/images_augmentation\aug_1_images_3081.jpg,58
AMLdataset/release/images\images_3082.jpg,58
AMLdataset/release/images_augmentation\aug_0_images_3082.jpg,58
AMLdataset/release/images_augmentation\aug_1_images_3082.jpg,58
AMLdataset/release/images\images_3083.jpg,58
AMLdataset/release/images_augmentation\aug_0_images_3083.jpg,58
AMLdataset/release/images_augmentation\aug_1_images_3083.jpg,58
AMLdataset/release/images\images_3084.jpg,58
AMLdataset/release/images_augmentation\aug_0_images_3084.jpg,58
AMLdataset/release/images_augmentation\aug_1_images_3084.jpg,58
AMLdataset/release/images\images_3085.jpg,58
AMLdataset/release/images_augmentation\aug_0_images_3085.jpg,58
AMLdataset/release/images_augmentation\aug_1_images_3085.jpg,58
AMLdataset/release/images\images_3086.jpg,58
AMLdataset/release/images_augmentation\aug_0_images_3086.jpg,58
AMLdataset/release/images_augmentation\aug_1_images_3086.jpg,58
AMLdataset/release/images\images_3087.jpg,58
AMLdataset/release/images_augmentation\aug_0_images_3087.jpg,58
AMLdataset/release/images_augmentation\aug_1_images_3087.jpg,58
AMLdataset/release/images\images_3088.jpg,58
AMLdataset/release/images_augmentation\aug_0_images_3088.jpg,58
AMLdataset/release/images_augmentation\aug_1_images_3088.jpg,58
AMLdataset/release/images\images_3089.jpg,58
AMLdataset/release/images_augmentation\aug_0_images_3089.jpg,58
AMLdataset/release/images_augmentation\aug_1_images_3089.jpg,58
AMLdataset/release/images\images_3090.jpg,58
AMLdataset/release/images_augmentation\aug_0_images_3090.jpg,58
AMLdataset/release/images_augmentation\aug_1_images_3090.jpg,58
AMLdataset/release/images\images_3091.jpg,58
AMLdataset/release/images_augmentation\aug_0_images_3091.jpg,58
AMLdataset/release/images_augmentation\aug_1_images_3091.jpg,58
AMLdataset/release/images\images_3092.jpg,58
AMLdataset/release/images_augmentation\aug_0_images_3092.jpg,58
AMLdataset/release/images_augmentation\aug_1_images_3092.jpg,58
AMLdataset/release/images\images_3093.jpg,58
AMLdataset/release/images_augmentation\aug_0_images_3093.jpg,58
AMLdataset/release/images_augmentation\aug_1_images_3093.jpg,58
AMLdataset/release/images\images_3094.jpg,58
AMLdataset/release/images_augmentation\aug_0_images_3094.jpg,58
AMLdataset/release/images_augmentation\aug_1_images_3094.jpg,58
AMLdataset/release/images\images_3095.jpg,58
AMLdataset/release/images_augmentation\aug_0_images_3095.jpg,58
AMLdataset/release/images_augmentation\aug_1_images_3095.jpg,58
AMLdataset/release/images\images_3096.jpg,58
AMLdataset/release/images_augmentation\aug_0_images_3096.jpg,58
AMLdataset/release/images_augmentation\aug_1_images_3096.jpg,58
AMLdataset/release/images\images_3097.jpg,58
AMLdataset/release/images_augmentation\aug_0_images_3097.jpg,58
AMLdataset/release/images_augmentation\aug_1_images_3097.jpg,58
AMLdataset/release/images\images_3098.jpg,58
AMLdataset/release/images_augmentation\aug_0_images_3098.jpg,58
AMLdataset/release/images_augmentation\aug_1_images_3098.jpg,58
AMLdataset/release/images\images_3099.jpg,58
AMLdataset/release/images_augmentation\aug_0_images_3099.jpg,58
AMLdataset/release/images_augmentation\aug_1_images_3099.jpg,58
AMLdataset/release/images\images_3100.jpg,58
AMLdataset/release/images_augmentation\aug_0_images_3100.jpg,58
AMLdataset/release/images_augmentation\aug_1_images_3100.jpg,58
AMLdataset/release/images\images_3101.jpg,240
AMLdataset/release/images_augmentation\aug_0_images_3101.jpg,240
AMLdataset/release/images_augmentation\aug_1_images_3101.jpg,240
AMLdataset/release/images\images_3102.jpg,240
AMLdataset/release/images_augmentation\aug_0_images_3102.jpg,240
AMLdataset/release/images_augmentation\aug_1_images_3102.jpg,240
AMLdataset/release/images\images_3103.jpg,240
AMLdataset/release/images_augmentation\aug_0_images_3103.jpg,240
AMLdataset/release/images_augmentation\aug_1_images_3103.jpg,240
AMLdataset/release/images\images_3104.jpg,240
AMLdataset/release/images_augmentation\aug_0_images_3104.jpg,240
AMLdataset/release/images_augmentation\aug_1_images_3104.jpg,240
AMLdataset/release/images\images_3105.jpg,240
AMLdataset/release/images_augmentation\aug_0_images_3105.jpg,240
AMLdataset/release/images_augmentation\aug_1_images_3105.jpg,240
AMLdataset/release/images\images_3106.jpg,240
AMLdataset/release/images_augmentation\aug_0_images_3106.jpg,240
AMLdataset/release/images_augmentation\aug_1_images_3106.jpg,240
AMLdataset/release/images\images_3107.jpg,240
AMLdataset/release/images_augmentation\aug_0_images_3107.jpg,240
AMLdataset/release/images_augmentation\aug_1_images_3107.jpg,240
AMLdataset/release/images\images_3108.jpg,240
AMLdataset/release/images_augmentation\aug_0_images_3108.jpg,240
AMLdataset/release/images_augmentation\aug_1_images_3108.jpg,240
AMLdataset/release/images\images_3109.jpg,240
AMLdataset/release/images_augmentation\aug_0_images_3109.jpg,240
AMLdataset/release/images_augmentation\aug_1_images_3109.jpg,240
AMLdataset/release/images\images_3110.jpg,240
AMLdataset/release/images_augmentation\aug_0_images_3110.jpg,240
AMLdataset/release/images_augmentation\aug_1_images_3110.jpg,240
AMLdataset/release/images\images_3111.jpg,240
AMLdataset/release/images_augmentation\aug_0_images_3111.jpg,240
AMLdataset/release/images_augmentation\aug_1_images_3111.jpg,240
AMLdataset/release/images\images_3112.jpg,240
AMLdataset/release/images_augmentation\aug_0_images_3112.jpg,240
AMLdataset/release/images_augmentation\aug_1_images_3112.jpg,240
AMLdataset/release/images\images_3113.jpg,240
AMLdataset/release/images_augmentation\aug_0_images_3113.jpg,240
AMLdataset/release/images_augmentation\aug_1_images_3113.jpg,240
AMLdataset/release/images\images_3114.jpg,240
AMLdataset/release/images_augmentation\aug_0_images_3114.jpg,240
AMLdataset/release/images_augmentation\aug_1_images_3114.jpg,240
AMLdataset/release/images\images_3115.jpg,240
AMLdataset/release/images_augmentation\aug_0_images_3115.jpg,240
AMLdataset/release/images_augmentation\aug_1_images_3115.jpg,240
AMLdataset/release/images\images_3116.jpg,240
AMLdataset/release/images_augmentation\aug_0_images_3116.jpg,240
AMLdataset/release/images_augmentation\aug_1_images_3116.jpg,240
AMLdataset/release/images\images_3117.jpg,240
AMLdataset/release/images_augmentation\aug_0_images_3117.jpg,240
AMLdataset/release/images_augmentation\aug_1_images_3117.jpg,240
AMLdataset/release/images\images_3118.jpg,240
AMLdataset/release/images_augmentation\aug_0_images_3118.jpg,240
AMLdataset/release/images_augmentation\aug_1_images_3118.jpg,240
AMLdataset/release/images\images_3119.jpg,240
AMLdataset/release/images_augmentation\aug_0_images_3119.jpg,240
AMLdataset/release/images_augmentation\aug_1_images_3119.jpg,240
AMLdataset/release/images\images_3120.jpg,240
AMLdataset/release/images_augmentation\aug_0_images_3120.jpg,240
AMLdataset/release/images_augmentation\aug_1_images_3120.jpg,240
AMLdataset/release/images\images_3121.jpg,311
AMLdataset/release/images_augmentation\aug_0_images_3121.jpg,311
AMLdataset/release/images_augmentation\aug_1_images_3121.jpg,311
AMLdataset/release/images\images_3122.jpg,311
AMLdataset/release/images_augmentation\aug_0_images_3122.jpg,311
AMLdataset/release/images_augmentation\aug_1_images_3122.jpg,311
AMLdataset/release/images\images_3123.jpg,311
AMLdataset/release/images_augmentation\aug_0_images_3123.jpg,311
AMLdataset/release/images_augmentation\aug_1_images_3123.jpg,311
AMLdataset/release/images\images_3124.jpg,311
AMLdataset/release/images_augmentation\aug_0_images_3124.jpg,311
AMLdataset/release/images_augmentation\aug_1_images_3124.jpg,311
AMLdataset/release/images\images_3125.jpg,311
AMLdataset/release/images_augmentation\aug_0_images_3125.jpg,311
AMLdataset/release/images_augmentation\aug_1_images_3125.jpg,311
AMLdataset/release/images\images_3126.jpg,311
AMLdataset/release/images_augmentation\aug_0_images_3126.jpg,311
AMLdataset/release/images_augmentation\aug_1_images_3126.jpg,311
AMLdataset/release/images\images_3127.jpg,311
AMLdataset/release/images_augmentation\aug_0_images_3127.jpg,311
AMLdataset/release/images_augmentation\aug_1_images_3127.jpg,311
AMLdataset/release/images\images_3128.jpg,311
AMLdataset/release/images_augmentation\aug_0_images_3128.jpg,311
AMLdataset/release/images_augmentation\aug_1_images_3128.jpg,311
AMLdataset/release/images\images_3129.jpg,311
AMLdataset/release/images_augmentation\aug_0_images_3129.jpg,311
AMLdataset/release/images_augmentation\aug_1_images_3129.jpg,311
AMLdataset/release/images\images_3130.jpg,311
AMLdataset/release/images_augmentation\aug_0_images_3130.jpg,311
AMLdataset/release/images_augmentation\aug_1_images_3130.jpg,311
AMLdataset/release/images\images_3131.jpg,311
AMLdataset/release/images_augmentation\aug_0_images_3131.jpg,311
AMLdataset/release/images_augmentation\aug_1_images_3131.jpg,311
AMLdataset/release/images\images_3132.jpg,311
AMLdataset/release/images_augmentation\aug_0_images_3132.jpg,311
AMLdataset/release/images_augmentation\aug_1_images_3132.jpg,311
AMLdataset/release/images\images_3133.jpg,311
AMLdataset/release/images_augmentation\aug_0_images_3133.jpg,311
AMLdataset/release/images_augmentation\aug_1_images_3133.jpg,311
AMLdataset/release/images\images_3134.jpg,311
AMLdataset/release/images_augmentation\aug_0_images_3134.jpg,311
AMLdataset/release/images_augmentation\aug_1_images_3134.jpg,311
AMLdataset/release/images\images_3135.jpg,311
AMLdataset/release/images_augmentation\aug_0_images_3135.jpg,311
AMLdataset/release/images_augmentation\aug_1_images_3135.jpg,311
AMLdataset/release/images\images_3136.jpg,311
AMLdataset/release/images_augmentation\aug_0_images_3136.jpg,311
AMLdataset/release/images_augmentation\aug_1_images_3136.jpg,311
AMLdataset/release/images\images_3137.jpg,311
AMLdataset/release/images_augmentation\aug_0_images_3137.jpg,311
AMLdataset/release/images_augmentation\aug_1_images_3137.jpg,311
AMLdataset/release/images\images_3138.jpg,311
AMLdataset/release/images_augmentation\aug_0_images_3138.jpg,311
AMLdataset/release/images_augmentation\aug_1_images_3138.jpg,311
AMLdataset/release/images\images_3139.jpg,311
AMLdataset/release/images_augmentation\aug_0_images_3139.jpg,311
AMLdataset/release/images_augmentation\aug_1_images_3139.jpg,311
AMLdataset/release/images\images_3140.jpg,311
AMLdataset/release/images_augmentation\aug_0_images_3140.jpg,311
AMLdataset/release/images_augmentation\aug_1_images_3140.jpg,311
AMLdataset/release/images\images_3141.jpg,5
AMLdataset/release/images_augmentation\aug_0_images_3141.jpg,5
AMLdataset/release/images_augmentation\aug_1_images_3141.jpg,5
AMLdataset/release/images\images_3142.jpg,5
AMLdataset/release/images_augmentation\aug_0_images_3142.jpg,5
AMLdataset/release/images_augmentation\aug_1_images_3142.jpg,5
AMLdataset/release/images\images_3143.jpg,5
AMLdataset/release/images_augmentation\aug_0_images_3143.jpg,5
AMLdataset/release/images_augmentation\aug_1_images_3143.jpg,5
AMLdataset/release/images\images_3144.jpg,5
AMLdataset/release/images_augmentation\aug_0_images_3144.jpg,5
AMLdataset/release/images_augmentation\aug_1_images_3144.jpg,5
AMLdataset/release/images\images_3145.jpg,5
AMLdataset/release/images_augmentation\aug_0_images_3145.jpg,5
AMLdataset/release/images_augmentation\aug_1_images_3145.jpg,5
AMLdataset/release/images\images_3146.jpg,5
AMLdataset/release/images_augmentation\aug_0_images_3146.jpg,5
AMLdataset/release/images_augmentation\aug_1_images_3146.jpg,5
AMLdataset/release/images\images_3147.jpg,5
AMLdataset/release/images_augmentation\aug_0_images_3147.jpg,5
AMLdataset/release/images_augmentation\aug_1_images_3147.jpg,5
AMLdataset/release/images\images_3148.jpg,5
AMLdataset/release/images_augmentation\aug_0_images_3148.jpg,5
AMLdataset/release/images_augmentation\aug_1_images_3148.jpg,5
AMLdataset/release/images\images_3149.jpg,5
AMLdataset/release/images_augmentation\aug_0_images_3149.jpg,5
AMLdataset/release/images_augmentation\aug_1_images_3149.jpg,5
AMLdataset/release/images\images_3150.jpg,5
AMLdataset/release/images_augmentation\aug_0_images_3150.jpg,5
AMLdataset/release/images_augmentation\aug_1_images_3150.jpg,5
AMLdataset/release/images\images_3151.jpg,5
AMLdataset/release/images_augmentation\aug_0_images_3151.jpg,5
AMLdataset/release/images_augmentation\aug_1_images_3151.jpg,5
AMLdataset/release/images\images_3152.jpg,5
AMLdataset/release/images_augmentation\aug_0_images_3152.jpg,5
AMLdataset/release/images_augmentation\aug_1_images_3152.jpg,5
AMLdataset/release/images\images_3153.jpg,5
AMLdataset/release/images_augmentation\aug_0_images_3153.jpg,5
AMLdataset/release/images_augmentation\aug_1_images_3153.jpg,5
AMLdataset/release/images\images_3154.jpg,5
AMLdataset/release/images_augmentation\aug_0_images_3154.jpg,5
AMLdataset/release/images_augmentation\aug_1_images_3154.jpg,5
AMLdataset/release/images\images_3155.jpg,5
AMLdataset/release/images_augmentation\aug_0_images_3155.jpg,5
AMLdataset/release/images_augmentation\aug_1_images_3155.jpg,5
AMLdataset/release/images\images_3156.jpg,5
AMLdataset/release/images_augmentation\aug_0_images_3156.jpg,5
AMLdataset/release/images_augmentation\aug_1_images_3156.jpg,5
AMLdataset/release/images\images_3157.jpg,5
AMLdataset/release/images_augmentation\aug_0_images_3157.jpg,5
AMLdataset/release/images_augmentation\aug_1_images_3157.jpg,5
AMLdataset/release/images\images_3158.jpg,5
AMLdataset/release/images_augmentation\aug_0_images_3158.jpg,5
AMLdataset/release/images_augmentation\aug_1_images_3158.jpg,5
AMLdataset/release/images\images_3159.jpg,5
AMLdataset/release/images_augmentation\aug_0_images_3159.jpg,5
AMLdataset/release/images_augmentation\aug_1_images_3159.jpg,5
AMLdataset/release/images\images_3160.jpg,5
AMLdataset/release/images_augmentation\aug_0_images_3160.jpg,5
AMLdataset/release/images_augmentation\aug_1_images_3160.jpg,5
AMLdataset/release/images\images_3161.jpg,86
AMLdataset/release/images_augmentation\aug_0_images_3161.jpg,86
AMLdataset/release/images_augmentation\aug_1_images_3161.jpg,86
AMLdataset/release/images\images_3162.jpg,86
AMLdataset/release/images_augmentation\aug_0_images_3162.jpg,86
AMLdataset/release/images_augmentation\aug_1_images_3162.jpg,86
AMLdataset/release/images\images_3163.jpg,86
AMLdataset/release/images_augmentation\aug_0_images_3163.jpg,86
AMLdataset/release/images_augmentation\aug_1_images_3163.jpg,86
AMLdataset/release/images\images_3164.jpg,86
AMLdataset/release/images_augmentation\aug_0_images_3164.jpg,86
AMLdataset/release/images_augmentation\aug_1_images_3164.jpg,86
AMLdataset/release/images\images_3165.jpg,86
AMLdataset/release/images_augmentation\aug_0_images_3165.jpg,86
AMLdataset/release/images_augmentation\aug_1_images_3165.jpg,86
AMLdataset/release/images\images_3166.jpg,86
AMLdataset/release/images_augmentation\aug_0_images_3166.jpg,86
AMLdataset/release/images_augmentation\aug_1_images_3166.jpg,86
AMLdataset/release/images\images_3167.jpg,86
AMLdataset/release/images_augmentation\aug_0_images_3167.jpg,86
AMLdataset/release/images_augmentation\aug_1_images_3167.jpg,86
AMLdataset/release/images\images_3168.jpg,86
AMLdataset/release/images_augmentation\aug_0_images_3168.jpg,86
AMLdataset/release/images_augmentation\aug_1_images_3168.jpg,86
AMLdataset/release/images\images_3169.jpg,86
AMLdataset/release/images_augmentation\aug_0_images_3169.jpg,86
AMLdataset/release/images_augmentation\aug_1_images_3169.jpg,86
AMLdataset/release/images\images_3170.jpg,86
AMLdataset/release/images_augmentation\aug_0_images_3170.jpg,86
AMLdataset/release/images_augmentation\aug_1_images_3170.jpg,86
AMLdataset/release/images\images_3171.jpg,86
AMLdataset/release/images_augmentation\aug_0_images_3171.jpg,86
AMLdataset/release/images_augmentation\aug_1_images_3171.jpg,86
AMLdataset/release/images\images_3172.jpg,86
AMLdataset/release/images_augmentation\aug_0_images_3172.jpg,86
AMLdataset/release/images_augmentation\aug_1_images_3172.jpg,86
AMLdataset/release/images\images_3173.jpg,86
AMLdataset/release/images_augmentation\aug_0_images_3173.jpg,86
AMLdataset/release/images_augmentation\aug_1_images_3173.jpg,86
AMLdataset/release/images\images_3174.jpg,86
AMLdataset/release/images_augmentation\aug_0_images_3174.jpg,86
AMLdataset/release/images_augmentation\aug_1_images_3174.jpg,86
AMLdataset/release/images\images_3175.jpg,86
AMLdataset/release/images_augmentation\aug_0_images_3175.jpg,86
AMLdataset/release/images_augmentation\aug_1_images_3175.jpg,86
AMLdataset/release/images\images_3176.jpg,86
AMLdataset/release/images_augmentation\aug_0_images_3176.jpg,86
AMLdataset/release/images_augmentation\aug_1_images_3176.jpg,86
AMLdataset/release/images\images_3177.jpg,86
AMLdataset/release/images_augmentation\aug_0_images_3177.jpg,86
AMLdataset/release/images_augmentation\aug_1_images_3177.jpg,86
AMLdataset/release/images\images_3178.jpg,86
AMLdataset/release/images_augmentation\aug_0_images_3178.jpg,86
AMLdataset/release/images_augmentation\aug_1_images_3178.jpg,86
AMLdataset/release/images\images_3179.jpg,86
AMLdataset/release/images_augmentation\aug_0_images_3179.jpg,86
AMLdataset/release/images_augmentation\aug_1_images_3179.jpg,86
AMLdataset/release/images\images_3180.jpg,86
AMLdataset/release/images_augmentation\aug_0_images_3180.jpg,86
AMLdataset/release/images_augmentation\aug_1_images_3180.jpg,86
AMLdataset/release/images\images_3181.jpg,247
AMLdataset/release/images_augmentation\aug_0_images_3181.jpg,247
AMLdataset/release/images_augmentation\aug_1_images_3181.jpg,247
AMLdataset/release/images\images_3182.jpg,247
AMLdataset/release/images_augmentation\aug_0_images_3182.jpg,247
AMLdataset/release/images_augmentation\aug_1_images_3182.jpg,247
AMLdataset/release/images\images_3183.jpg,247
AMLdataset/release/images_augmentation\aug_0_images_3183.jpg,247
AMLdataset/release/images_augmentation\aug_1_images_3183.jpg,247
AMLdataset/release/images\images_3184.jpg,247
AMLdataset/release/images_augmentation\aug_0_images_3184.jpg,247
AMLdataset/release/images_augmentation\aug_1_images_3184.jpg,247
AMLdataset/release/images\images_3185.jpg,247
AMLdataset/release/images_augmentation\aug_0_images_3185.jpg,247
AMLdataset/release/images_augmentation\aug_1_images_3185.jpg,247
AMLdataset/release/images\images_3186.jpg,247
AMLdataset/release/images_augmentation\aug_0_images_3186.jpg,247
AMLdataset/release/images_augmentation\aug_1_images_3186.jpg,247
AMLdataset/release/images\images_3187.jpg,247
AMLdataset/release/images_augmentation\aug_0_images_3187.jpg,247
AMLdataset/release/images_augmentation\aug_1_images_3187.jpg,247
AMLdataset/release/images\images_3188.jpg,247
AMLdataset/release/images_augmentation\aug_0_images_3188.jpg,247
AMLdataset/release/images_augmentation\aug_1_images_3188.jpg,247
AMLdataset/release/images\images_3189.jpg,247
AMLdataset/release/images_augmentation\aug_0_images_3189.jpg,247
AMLdataset/release/images_augmentation\aug_1_images_3189.jpg,247
AMLdataset/release/images\images_3190.jpg,247
AMLdataset/release/images_augmentation\aug_0_images_3190.jpg,247
AMLdataset/release/images_augmentation\aug_1_images_3190.jpg,247
AMLdataset/release/images\images_3191.jpg,247
AMLdataset/release/images_augmentation\aug_0_images_3191.jpg,247
AMLdataset/release/images_augmentation\aug_1_images_3191.jpg,247
AMLdataset/release/images\images_3192.jpg,247
AMLdataset/release/images_augmentation\aug_0_images_3192.jpg,247
AMLdataset/release/images_augmentation\aug_1_images_3192.jpg,247
AMLdataset/release/images\images_3193.jpg,247
AMLdataset/release/images_augmentation\aug_0_images_3193.jpg,247
AMLdataset/release/images_augmentation\aug_1_images_3193.jpg,247
AMLdataset/release/images\images_3194.jpg,247
AMLdataset/release/images_augmentation\aug_0_images_3194.jpg,247
AMLdataset/release/images_augmentation\aug_1_images_3194.jpg,247
AMLdataset/release/images\images_3195.jpg,247
AMLdataset/release/images_augmentation\aug_0_images_3195.jpg,247
AMLdataset/release/images_augmentation\aug_1_images_3195.jpg,247
AMLdataset/release/images\images_3196.jpg,247
AMLdataset/release/images_augmentation\aug_0_images_3196.jpg,247
AMLdataset/release/images_augmentation\aug_1_images_3196.jpg,247
AMLdataset/release/images\images_3197.jpg,247
AMLdataset/release/images_augmentation\aug_0_images_3197.jpg,247
AMLdataset/release/images_augmentation\aug_1_images_3197.jpg,247
AMLdataset/release/images\images_3198.jpg,247
AMLdataset/release/images_augmentation\aug_0_images_3198.jpg,247
AMLdataset/release/images_augmentation\aug_1_images_3198.jpg,247
AMLdataset/release/images\images_3199.jpg,247
AMLdataset/release/images_augmentation\aug_0_images_3199.jpg,247
AMLdataset/release/images_augmentation\aug_1_images_3199.jpg,247
AMLdataset/release/images\images_3200.jpg,247
AMLdataset/release/images_augmentation\aug_0_images_3200.jpg,247
AMLdataset/release/images_augmentation\aug_1_images_3200.jpg,247
AMLdataset/release/images\images_3201.jpg,363
AMLdataset/release/images_augmentation\aug_0_images_3201.jpg,363
AMLdataset/release/images_augmentation\aug_1_images_3201.jpg,363
AMLdataset/release/images\images_3202.jpg,363
AMLdataset/release/images_augmentation\aug_0_images_3202.jpg,363
AMLdataset/release/images_augmentation\aug_1_images_3202.jpg,363
AMLdataset/release/images\images_3203.jpg,363
AMLdataset/release/images_augmentation\aug_0_images_3203.jpg,363
AMLdataset/release/images_augmentation\aug_1_images_3203.jpg,363
AMLdataset/release/images\images_3204.jpg,363
AMLdataset/release/images_augmentation\aug_0_images_3204.jpg,363
AMLdataset/release/images_augmentation\aug_1_images_3204.jpg,363
AMLdataset/release/images\images_3205.jpg,363
AMLdataset/release/images_augmentation\aug_0_images_3205.jpg,363
AMLdataset/release/images_augmentation\aug_1_images_3205.jpg,363
AMLdataset/release/images\images_3206.jpg,363
AMLdataset/release/images_augmentation\aug_0_images_3206.jpg,363
AMLdataset/release/images_augmentation\aug_1_images_3206.jpg,363
AMLdataset/release/images\images_3207.jpg,363
AMLdataset/release/images_augmentation\aug_0_images_3207.jpg,363
AMLdataset/release/images_augmentation\aug_1_images_3207.jpg,363
AMLdataset/release/images\images_3208.jpg,363
AMLdataset/release/images_augmentation\aug_0_images_3208.jpg,363
AMLdataset/release/images_augmentation\aug_1_images_3208.jpg,363
AMLdataset/release/images\images_3209.jpg,363
AMLdataset/release/images_augmentation\aug_0_images_3209.jpg,363
AMLdataset/release/images_augmentation\aug_1_images_3209.jpg,363
AMLdataset/release/images\images_3210.jpg,363
AMLdataset/release/images_augmentation\aug_0_images_3210.jpg,363
AMLdataset/release/images_augmentation\aug_1_images_3210.jpg,363
AMLdataset/release/images\images_3211.jpg,363
AMLdataset/release/images_augmentation\aug_0_images_3211.jpg,363
AMLdataset/release/images_augmentation\aug_1_images_3211.jpg,363
AMLdataset/release/images\images_3212.jpg,363
AMLdataset/release/images_augmentation\aug_0_images_3212.jpg,363
AMLdataset/release/images_augmentation\aug_1_images_3212.jpg,363
AMLdataset/release/images\images_3213.jpg,363
AMLdataset/release/images_augmentation\aug_0_images_3213.jpg,363
AMLdataset/release/images_augmentation\aug_1_images_3213.jpg,363
AMLdataset/release/images\images_3214.jpg,363
AMLdataset/release/images_augmentation\aug_0_images_3214.jpg,363
AMLdataset/release/images_augmentation\aug_1_images_3214.jpg,363
AMLdataset/release/images\images_3215.jpg,363
AMLdataset/release/images_augmentation\aug_0_images_3215.jpg,363
AMLdataset/release/images_augmentation\aug_1_images_3215.jpg,363
AMLdataset/release/images\images_3216.jpg,363
AMLdataset/release/images_augmentation\aug_0_images_3216.jpg,363
AMLdataset/release/images_augmentation\aug_1_images_3216.jpg,363
AMLdataset/release/images\images_3217.jpg,363
AMLdataset/release/images_augmentation\aug_0_images_3217.jpg,363
AMLdataset/release/images_augmentation\aug_1_images_3217.jpg,363
AMLdataset/release/images\images_3218.jpg,363
AMLdataset/release/images_augmentation\aug_0_images_3218.jpg,363
AMLdataset/release/images_augmentation\aug_1_images_3218.jpg,363
AMLdataset/release/images\images_3219.jpg,363
AMLdataset/release/images_augmentation\aug_0_images_3219.jpg,363
AMLdataset/release/images_augmentation\aug_1_images_3219.jpg,363
AMLdataset/release/images\images_3220.jpg,363
AMLdataset/release/images_augmentation\aug_0_images_3220.jpg,363
AMLdataset/release/images_augmentation\aug_1_images_3220.jpg,363
AMLdataset/release/images\images_3221.jpg,315
AMLdataset/release/images_augmentation\aug_0_images_3221.jpg,315
AMLdataset/release/images_augmentation\aug_1_images_3221.jpg,315
AMLdataset/release/images\images_3222.jpg,315
AMLdataset/release/images_augmentation\aug_0_images_3222.jpg,315
AMLdataset/release/images_augmentation\aug_1_images_3222.jpg,315
AMLdataset/release/images\images_3223.jpg,315
AMLdataset/release/images_augmentation\aug_0_images_3223.jpg,315
AMLdataset/release/images_augmentation\aug_1_images_3223.jpg,315
AMLdataset/release/images\images_3224.jpg,315
AMLdataset/release/images_augmentation\aug_0_images_3224.jpg,315
AMLdataset/release/images_augmentation\aug_1_images_3224.jpg,315
AMLdataset/release/images\images_3225.jpg,315
AMLdataset/release/images_augmentation\aug_0_images_3225.jpg,315
AMLdataset/release/images_augmentation\aug_1_images_3225.jpg,315
AMLdataset/release/images\images_3226.jpg,315
AMLdataset/release/images_augmentation\aug_0_images_3226.jpg,315
AMLdataset/release/images_augmentation\aug_1_images_3226.jpg,315
AMLdataset/release/images\images_3227.jpg,315
AMLdataset/release/images_augmentation\aug_0_images_3227.jpg,315
AMLdataset/release/images_augmentation\aug_1_images_3227.jpg,315
AMLdataset/release/images\images_3228.jpg,315
AMLdataset/release/images_augmentation\aug_0_images_3228.jpg,315
AMLdataset/release/images_augmentation\aug_1_images_3228.jpg,315
AMLdataset/release/images\images_3229.jpg,315
AMLdataset/release/images_augmentation\aug_0_images_3229.jpg,315
AMLdataset/release/images_augmentation\aug_1_images_3229.jpg,315
AMLdataset/release/images\images_3230.jpg,315
AMLdataset/release/images_augmentation\aug_0_images_3230.jpg,315
AMLdataset/release/images_augmentation\aug_1_images_3230.jpg,315
AMLdataset/release/images\images_3231.jpg,315
AMLdataset/release/images_augmentation\aug_0_images_3231.jpg,315
AMLdataset/release/images_augmentation\aug_1_images_3231.jpg,315
AMLdataset/release/images\images_3232.jpg,315
AMLdataset/release/images_augmentation\aug_0_images_3232.jpg,315
AMLdataset/release/images_augmentation\aug_1_images_3232.jpg,315
AMLdataset/release/images\images_3233.jpg,315
AMLdataset/release/images_augmentation\aug_0_images_3233.jpg,315
AMLdataset/release/images_augmentation\aug_1_images_3233.jpg,315
AMLdataset/release/images\images_3234.jpg,315
AMLdataset/release/images_augmentation\aug_0_images_3234.jpg,315
AMLdataset/release/images_augmentation\aug_1_images_3234.jpg,315
AMLdataset/release/images\images_3235.jpg,315
AMLdataset/release/images_augmentation\aug_0_images_3235.jpg,315
AMLdataset/release/images_augmentation\aug_1_images_3235.jpg,315
AMLdataset/release/images\images_3236.jpg,315
AMLdataset/release/images_augmentation\aug_0_images_3236.jpg,315
AMLdataset/release/images_augmentation\aug_1_images_3236.jpg,315
AMLdataset/release/images\images_3237.jpg,315
AMLdataset/release/images_augmentation\aug_0_images_3237.jpg,315
AMLdataset/release/images_augmentation\aug_1_images_3237.jpg,315
AMLdataset/release/images\images_3238.jpg,315
AMLdataset/release/images_augmentation\aug_0_images_3238.jpg,315
AMLdataset/release/images_augmentation\aug_1_images_3238.jpg,315
AMLdataset/release/images\images_3239.jpg,315
AMLdataset/release/images_augmentation\aug_0_images_3239.jpg,315
AMLdataset/release/images_augmentation\aug_1_images_3239.jpg,315
AMLdataset/release/images\images_3240.jpg,315
AMLdataset/release/images_augmentation\aug_0_images_3240.jpg,315
AMLdataset/release/images_augmentation\aug_1_images_3240.jpg,315
AMLdataset/release/images\images_3241.jpg,30
AMLdataset/release/images_augmentation\aug_0_images_3241.jpg,30
AMLdataset/release/images_augmentation\aug_1_images_3241.jpg,30
AMLdataset/release/images\images_3242.jpg,30
AMLdataset/release/images_augmentation\aug_0_images_3242.jpg,30
AMLdataset/release/images_augmentation\aug_1_images_3242.jpg,30
AMLdataset/release/images\images_3243.jpg,30
AMLdataset/release/images_augmentation\aug_0_images_3243.jpg,30
AMLdataset/release/images_augmentation\aug_1_images_3243.jpg,30
AMLdataset/release/images\images_3244.jpg,30
AMLdataset/release/images_augmentation\aug_0_images_3244.jpg,30
AMLdataset/release/images_augmentation\aug_1_images_3244.jpg,30
AMLdataset/release/images\images_3245.jpg,30
AMLdataset/release/images_augmentation\aug_0_images_3245.jpg,30
AMLdataset/release/images_augmentation\aug_1_images_3245.jpg,30
AMLdataset/release/images\images_3246.jpg,30
AMLdataset/release/images_augmentation\aug_0_images_3246.jpg,30
AMLdataset/release/images_augmentation\aug_1_images_3246.jpg,30
AMLdataset/release/images\images_3247.jpg,30
AMLdataset/release/images_augmentation\aug_0_images_3247.jpg,30
AMLdataset/release/images_augmentation\aug_1_images_3247.jpg,30
AMLdataset/release/images\images_3248.jpg,30
AMLdataset/release/images_augmentation\aug_0_images_3248.jpg,30
AMLdataset/release/images_augmentation\aug_1_images_3248.jpg,30
AMLdataset/release/images\images_3249.jpg,30
AMLdataset/release/images_augmentation\aug_0_images_3249.jpg,30
AMLdataset/release/images_augmentation\aug_1_images_3249.jpg,30
AMLdataset/release/images\images_3250.jpg,30
AMLdataset/release/images_augmentation\aug_0_images_3250.jpg,30
AMLdataset/release/images_augmentation\aug_1_images_3250.jpg,30
AMLdataset/release/images\images_3251.jpg,30
AMLdataset/release/images_augmentation\aug_0_images_3251.jpg,30
AMLdataset/release/images_augmentation\aug_1_images_3251.jpg,30
AMLdataset/release/images\images_3252.jpg,30
AMLdataset/release/images_augmentation\aug_0_images_3252.jpg,30
AMLdataset/release/images_augmentation\aug_1_images_3252.jpg,30
AMLdataset/release/images\images_3253.jpg,30
AMLdataset/release/images_augmentation\aug_0_images_3253.jpg,30
AMLdataset/release/images_augmentation\aug_1_images_3253.jpg,30
AMLdataset/release/images\images_3254.jpg,30
AMLdataset/release/images_augmentation\aug_0_images_3254.jpg,30
AMLdataset/release/images_augmentation\aug_1_images_3254.jpg,30
AMLdataset/release/images\images_3255.jpg,30
AMLdataset/release/images_augmentation\aug_0_images_3255.jpg,30
AMLdataset/release/images_augmentation\aug_1_images_3255.jpg,30
AMLdataset/release/images\images_3256.jpg,30
AMLdataset/release/images_augmentation\aug_0_images_3256.jpg,30
AMLdataset/release/images_augmentation\aug_1_images_3256.jpg,30
AMLdataset/release/images\images_3257.jpg,30
AMLdataset/release/images_augmentation\aug_0_images_3257.jpg,30
AMLdataset/release/images_augmentation\aug_1_images_3257.jpg,30
AMLdataset/release/images\images_3258.jpg,30
AMLdataset/release/images_augmentation\aug_0_images_3258.jpg,30
AMLdataset/release/images_augmentation\aug_1_images_3258.jpg,30
AMLdataset/release/images\images_3259.jpg,30
AMLdataset/release/images_augmentation\aug_0_images_3259.jpg,30
AMLdataset/release/images_augmentation\aug_1_images_3259.jpg,30
AMLdataset/release/images\images_3260.jpg,30
AMLdataset/release/images_augmentation\aug_0_images_3260.jpg,30
AMLdataset/release/images_augmentation\aug_1_images_3260.jpg,30
AMLdataset/release/images\images_3261.jpg,115
AMLdataset/release/images_augmentation\aug_0_images_3261.jpg,115
AMLdataset/release/images_augmentation\aug_1_images_3261.jpg,115
AMLdataset/release/images\images_3262.jpg,115
AMLdataset/release/images_augmentation\aug_0_images_3262.jpg,115
AMLdataset/release/images_augmentation\aug_1_images_3262.jpg,115
AMLdataset/release/images\images_3263.jpg,115
AMLdataset/release/images_augmentation\aug_0_images_3263.jpg,115
AMLdataset/release/images_augmentation\aug_1_images_3263.jpg,115
AMLdataset/release/images\images_3264.jpg,115
AMLdataset/release/images_augmentation\aug_0_images_3264.jpg,115
AMLdataset/release/images_augmentation\aug_1_images_3264.jpg,115
AMLdataset/release/images\images_3265.jpg,115
AMLdataset/release/images_augmentation\aug_0_images_3265.jpg,115
AMLdataset/release/images_augmentation\aug_1_images_3265.jpg,115
AMLdataset/release/images\images_3266.jpg,115
AMLdataset/release/images_augmentation\aug_0_images_3266.jpg,115
AMLdataset/release/images_augmentation\aug_1_images_3266.jpg,115
AMLdataset/release/images\images_3267.jpg,115
AMLdataset/release/images_augmentation\aug_0_images_3267.jpg,115
AMLdataset/release/images_augmentation\aug_1_images_3267.jpg,115
AMLdataset/release/images\images_3268.jpg,115
AMLdataset/release/images_augmentation\aug_0_images_3268.jpg,115
AMLdataset/release/images_augmentation\aug_1_images_3268.jpg,115
AMLdataset/release/images\images_3269.jpg,115
AMLdataset/release/images_augmentation\aug_0_images_3269.jpg,115
AMLdataset/release/images_augmentation\aug_1_images_3269.jpg,115
AMLdataset/release/images\images_3270.jpg,115
AMLdataset/release/images_augmentation\aug_0_images_3270.jpg,115
AMLdataset/release/images_augmentation\aug_1_images_3270.jpg,115
AMLdataset/release/images\images_3271.jpg,115
AMLdataset/release/images_augmentation\aug_0_images_3271.jpg,115
AMLdataset/release/images_augmentation\aug_1_images_3271.jpg,115
AMLdataset/release/images\images_3272.jpg,115
AMLdataset/release/images_augmentation\aug_0_images_3272.jpg,115
AMLdataset/release/images_augmentation\aug_1_images_3272.jpg,115
AMLdataset/release/images\images_3273.jpg,115
AMLdataset/release/images_augmentation\aug_0_images_3273.jpg,115
AMLdataset/release/images_augmentation\aug_1_images_3273.jpg,115
AMLdataset/release/images\images_3274.jpg,115
AMLdataset/release/images_augmentation\aug_0_images_3274.jpg,115
AMLdataset/release/images_augmentation\aug_1_images_3274.jpg,115
AMLdataset/release/images\images_3275.jpg,115
AMLdataset/release/images_augmentation\aug_0_images_3275.jpg,115
AMLdataset/release/images_augmentation\aug_1_images_3275.jpg,115
AMLdataset/release/images\images_3276.jpg,115
AMLdataset/release/images_augmentation\aug_0_images_3276.jpg,115
AMLdataset/release/images_augmentation\aug_1_images_3276.jpg,115
AMLdataset/release/images\images_3277.jpg,115
AMLdataset/release/images_augmentation\aug_0_images_3277.jpg,115
AMLdataset/release/images_augmentation\aug_1_images_3277.jpg,115
AMLdataset/release/images\images_3278.jpg,115
AMLdataset/release/images_augmentation\aug_0_images_3278.jpg,115
AMLdataset/release/images_augmentation\aug_1_images_3278.jpg,115
AMLdataset/release/images\images_3279.jpg,115
AMLdataset/release/images_augmentation\aug_0_images_3279.jpg,115
AMLdataset/release/images_augmentation\aug_1_images_3279.jpg,115
AMLdataset/release/images\images_3280.jpg,115
AMLdataset/release/images_augmentation\aug_0_images_3280.jpg,115
AMLdataset/release/images_augmentation\aug_1_images_3280.jpg,115
AMLdataset/release/images\images_3281.jpg,132
AMLdataset/release/images_augmentation\aug_0_images_3281.jpg,132
AMLdataset/release/images_augmentation\aug_1_images_3281.jpg,132
AMLdataset/release/images\images_3282.jpg,132
AMLdataset/release/images_augmentation\aug_0_images_3282.jpg,132
AMLdataset/release/images_augmentation\aug_1_images_3282.jpg,132
AMLdataset/release/images\images_3283.jpg,132
AMLdataset/release/images_augmentation\aug_0_images_3283.jpg,132
AMLdataset/release/images_augmentation\aug_1_images_3283.jpg,132
AMLdataset/release/images\images_3284.jpg,132
AMLdataset/release/images_augmentation\aug_0_images_3284.jpg,132
AMLdataset/release/images_augmentation\aug_1_images_3284.jpg,132
AMLdataset/release/images\images_3285.jpg,132
AMLdataset/release/images_augmentation\aug_0_images_3285.jpg,132
AMLdataset/release/images_augmentation\aug_1_images_3285.jpg,132
AMLdataset/release/images\images_3286.jpg,132
AMLdataset/release/images_augmentation\aug_0_images_3286.jpg,132
AMLdataset/release/images_augmentation\aug_1_images_3286.jpg,132
AMLdataset/release/images\images_3287.jpg,132
AMLdataset/release/images_augmentation\aug_0_images_3287.jpg,132
AMLdataset/release/images_augmentation\aug_1_images_3287.jpg,132
AMLdataset/release/images\images_3288.jpg,132
AMLdataset/release/images_augmentation\aug_0_images_3288.jpg,132
AMLdataset/release/images_augmentation\aug_1_images_3288.jpg,132
AMLdataset/release/images\images_3289.jpg,132
AMLdataset/release/images_augmentation\aug_0_images_3289.jpg,132
AMLdataset/release/images_augmentation\aug_1_images_3289.jpg,132
AMLdataset/release/images\images_3290.jpg,132
AMLdataset/release/images_augmentation\aug_0_images_3290.jpg,132
AMLdataset/release/images_augmentation\aug_1_images_3290.jpg,132
AMLdataset/release/images\images_3291.jpg,132
AMLdataset/release/images_augmentation\aug_0_images_3291.jpg,132
AMLdataset/release/images_augmentation\aug_1_images_3291.jpg,132
AMLdataset/release/images\images_3292.jpg,132
AMLdataset/release/images_augmentation\aug_0_images_3292.jpg,132
AMLdataset/release/images_augmentation\aug_1_images_3292.jpg,132
AMLdataset/release/images\images_3293.jpg,132
AMLdataset/release/images_augmentation\aug_0_images_3293.jpg,132
AMLdataset/release/images_augmentation\aug_1_images_3293.jpg,132
AMLdataset/release/images\images_3294.jpg,132
AMLdataset/release/images_augmentation\aug_0_images_3294.jpg,132
AMLdataset/release/images_augmentation\aug_1_images_3294.jpg,132
AMLdataset/release/images\images_3295.jpg,132
AMLdataset/release/images_augmentation\aug_0_images_3295.jpg,132
AMLdataset/release/images_augmentation\aug_1_images_3295.jpg,132
AMLdataset/release/images\images_3296.jpg,132
AMLdataset/release/images_augmentation\aug_0_images_3296.jpg,132
AMLdataset/release/images_augmentation\aug_1_images_3296.jpg,132
AMLdataset/release/images\images_3297.jpg,132
AMLdataset/release/images_augmentation\aug_0_images_3297.jpg,132
AMLdataset/release/images_augmentation\aug_1_images_3297.jpg,132
AMLdataset/release/images\images_3298.jpg,132
AMLdataset/release/images_augmentation\aug_0_images_3298.jpg,132
AMLdataset/release/images_augmentation\aug_1_images_3298.jpg,132
AMLdataset/release/images\images_3299.jpg,132
AMLdataset/release/images_augmentation\aug_0_images_3299.jpg,132
AMLdataset/release/images_augmentation\aug_1_images_3299.jpg,132
AMLdataset/release/images\images_3300.jpg,132
AMLdataset/release/images_augmentation\aug_0_images_3300.jpg,132
AMLdataset/release/images_augmentation\aug_1_images_3300.jpg,132
AMLdataset/release/images\images_3301.jpg,260
AMLdataset/release/images_augmentation\aug_0_images_3301.jpg,260
AMLdataset/release/images_augmentation\aug_1_images_3301.jpg,260
AMLdataset/release/images\images_3302.jpg,260
AMLdataset/release/images_augmentation\aug_0_images_3302.jpg,260
AMLdataset/release/images_augmentation\aug_1_images_3302.jpg,260
AMLdataset/release/images\images_3303.jpg,260
AMLdataset/release/images_augmentation\aug_0_images_3303.jpg,260
AMLdataset/release/images_augmentation\aug_1_images_3303.jpg,260
AMLdataset/release/images\images_3304.jpg,260
AMLdataset/release/images_augmentation\aug_0_images_3304.jpg,260
AMLdataset/release/images_augmentation\aug_1_images_3304.jpg,260
AMLdataset/release/images\images_3305.jpg,260
AMLdataset/release/images_augmentation\aug_0_images_3305.jpg,260
AMLdataset/release/images_augmentation\aug_1_images_3305.jpg,260
AMLdataset/release/images\images_3306.jpg,260
AMLdataset/release/images_augmentation\aug_0_images_3306.jpg,260
AMLdataset/release/images_augmentation\aug_1_images_3306.jpg,260
AMLdataset/release/images\images_3307.jpg,260
AMLdataset/release/images_augmentation\aug_0_images_3307.jpg,260
AMLdataset/release/images_augmentation\aug_1_images_3307.jpg,260
AMLdataset/release/images\images_3308.jpg,260
AMLdataset/release/images_augmentation\aug_0_images_3308.jpg,260
AMLdataset/release/images_augmentation\aug_1_images_3308.jpg,260
AMLdataset/release/images\images_3309.jpg,260
AMLdataset/release/images_augmentation\aug_0_images_3309.jpg,260
AMLdataset/release/images_augmentation\aug_1_images_3309.jpg,260
AMLdataset/release/images\images_3310.jpg,260
AMLdataset/release/images_augmentation\aug_0_images_3310.jpg,260
AMLdataset/release/images_augmentation\aug_1_images_3310.jpg,260
AMLdataset/release/images\images_3311.jpg,260
AMLdataset/release/images_augmentation\aug_0_images_3311.jpg,260
AMLdataset/release/images_augmentation\aug_1_images_3311.jpg,260
AMLdataset/release/images\images_3312.jpg,260
AMLdataset/release/images\images_3313.jpg,260
AMLdataset/release/images_augmentation\aug_0_images_3313.jpg,260
AMLdataset/release/images_augmentation\aug_1_images_3313.jpg,260
AMLdataset/release/images\images_3314.jpg,260
AMLdataset/release/images_augmentation\aug_0_images_3314.jpg,260
AMLdataset/release/images_augmentation\aug_1_images_3314.jpg,260
AMLdataset/release/images\images_3315.jpg,260
AMLdataset/release/images_augmentation\aug_0_images_3315.jpg,260
AMLdataset/release/images_augmentation\aug_1_images_3315.jpg,260
AMLdataset/release/images\images_3316.jpg,260
AMLdataset/release/images_augmentation\aug_0_images_3316.jpg,260
AMLdataset/release/images_augmentation\aug_1_images_3316.jpg,260
AMLdataset/release/images\images_3317.jpg,260
AMLdataset/release/images_augmentation\aug_0_images_3317.jpg,260
AMLdataset/release/images_augmentation\aug_1_images_3317.jpg,260
AMLdataset/release/images\images_3318.jpg,260
AMLdataset/release/images_augmentation\aug_0_images_3318.jpg,260
AMLdataset/release/images_augmentation\aug_1_images_3318.jpg,260
AMLdataset/release/images\images_3319.jpg,260
AMLdataset/release/images_augmentation\aug_0_images_3319.jpg,260
AMLdataset/release/images_augmentation\aug_1_images_3319.jpg,260
AMLdataset/release/images\images_3320.jpg,260
AMLdataset/release/images_augmentation\aug_0_images_3320.jpg,260
AMLdataset/release/images_augmentation\aug_1_images_3320.jpg,260
AMLdataset/release/images\images_3321.jpg,277
AMLdataset/release/images_augmentation\aug_0_images_3321.jpg,277
AMLdataset/release/images_augmentation\aug_1_images_3321.jpg,277
AMLdataset/release/images\images_3322.jpg,277
AMLdataset/release/images_augmentation\aug_0_images_3322.jpg,277
AMLdataset/release/images_augmentation\aug_1_images_3322.jpg,277
AMLdataset/release/images\images_3323.jpg,277
AMLdataset/release/images_augmentation\aug_0_images_3323.jpg,277
AMLdataset/release/images_augmentation\aug_1_images_3323.jpg,277
AMLdataset/release/images\images_3324.jpg,277
AMLdataset/release/images_augmentation\aug_0_images_3324.jpg,277
AMLdataset/release/images_augmentation\aug_1_images_3324.jpg,277
AMLdataset/release/images\images_3325.jpg,277
AMLdataset/release/images_augmentation\aug_0_images_3325.jpg,277
AMLdataset/release/images_augmentation\aug_1_images_3325.jpg,277
AMLdataset/release/images\images_3326.jpg,277
AMLdataset/release/images_augmentation\aug_0_images_3326.jpg,277
AMLdataset/release/images_augmentation\aug_1_images_3326.jpg,277
AMLdataset/release/images\images_3327.jpg,277
AMLdataset/release/images_augmentation\aug_0_images_3327.jpg,277
AMLdataset/release/images_augmentation\aug_1_images_3327.jpg,277
AMLdataset/release/images\images_3328.jpg,277
AMLdataset/release/images_augmentation\aug_0_images_3328.jpg,277
AMLdataset/release/images_augmentation\aug_1_images_3328.jpg,277
AMLdataset/release/images\images_3329.jpg,277
AMLdataset/release/images_augmentation\aug_0_images_3329.jpg,277
AMLdataset/release/images_augmentation\aug_1_images_3329.jpg,277
AMLdataset/release/images\images_3330.jpg,277
AMLdataset/release/images_augmentation\aug_0_images_3330.jpg,277
AMLdataset/release/images_augmentation\aug_1_images_3330.jpg,277
AMLdataset/release/images\images_3331.jpg,277
AMLdataset/release/images_augmentation\aug_0_images_3331.jpg,277
AMLdataset/release/images_augmentation\aug_1_images_3331.jpg,277
AMLdataset/release/images\images_3332.jpg,277
AMLdataset/release/images_augmentation\aug_0_images_3332.jpg,277
AMLdataset/release/images_augmentation\aug_1_images_3332.jpg,277
AMLdataset/release/images\images_3333.jpg,277
AMLdataset/release/images_augmentation\aug_0_images_3333.jpg,277
AMLdataset/release/images_augmentation\aug_1_images_3333.jpg,277
AMLdataset/release/images\images_3334.jpg,277
AMLdataset/release/images_augmentation\aug_0_images_3334.jpg,277
AMLdataset/release/images_augmentation\aug_1_images_3334.jpg,277
AMLdataset/release/images\images_3335.jpg,277
AMLdataset/release/images_augmentation\aug_0_images_3335.jpg,277
AMLdataset/release/images_augmentation\aug_1_images_3335.jpg,277
AMLdataset/release/images\images_3336.jpg,277
AMLdataset/release/images_augmentation\aug_0_images_3336.jpg,277
AMLdataset/release/images_augmentation\aug_1_images_3336.jpg,277
AMLdataset/release/images\images_3337.jpg,277
AMLdataset/release/images_augmentation\aug_0_images_3337.jpg,277
AMLdataset/release/images_augmentation\aug_1_images_3337.jpg,277
AMLdataset/release/images\images_3338.jpg,277
AMLdataset/release/images_augmentation\aug_0_images_3338.jpg,277
AMLdataset/release/images_augmentation\aug_1_images_3338.jpg,277
AMLdataset/release/images\images_3339.jpg,277
AMLdataset/release/images_augmentation\aug_0_images_3339.jpg,277
AMLdataset/release/images_augmentation\aug_1_images_3339.jpg,277
AMLdataset/release/images\images_3340.jpg,277
AMLdataset/release/images_augmentation\aug_0_images_3340.jpg,277
AMLdataset/release/images_augmentation\aug_1_images_3340.jpg,277
AMLdataset/release/images\images_3341.jpg,312
AMLdataset/release/images_augmentation\aug_0_images_3341.jpg,312
AMLdataset/release/images_augmentation\aug_1_images_3341.jpg,312
AMLdataset/release/images\images_3342.jpg,312
AMLdataset/release/images_augmentation\aug_0_images_3342.jpg,312
AMLdataset/release/images_augmentation\aug_1_images_3342.jpg,312
AMLdataset/release/images\images_3343.jpg,312
AMLdataset/release/images_augmentation\aug_0_images_3343.jpg,312
AMLdataset/release/images_augmentation\aug_1_images_3343.jpg,312
AMLdataset/release/images\images_3344.jpg,312
AMLdataset/release/images_augmentation\aug_0_images_3344.jpg,312
AMLdataset/release/images_augmentation\aug_1_images_3344.jpg,312
AMLdataset/release/images\images_3345.jpg,312
AMLdataset/release/images_augmentation\aug_0_images_3345.jpg,312
AMLdataset/release/images_augmentation\aug_1_images_3345.jpg,312
AMLdataset/release/images\images_3346.jpg,312
AMLdataset/release/images_augmentation\aug_0_images_3346.jpg,312
AMLdataset/release/images_augmentation\aug_1_images_3346.jpg,312
AMLdataset/release/images\images_3347.jpg,312
AMLdataset/release/images_augmentation\aug_0_images_3347.jpg,312
AMLdataset/release/images_augmentation\aug_1_images_3347.jpg,312
AMLdataset/release/images\images_3348.jpg,312
AMLdataset/release/images_augmentation\aug_0_images_3348.jpg,312
AMLdataset/release/images_augmentation\aug_1_images_3348.jpg,312
AMLdataset/release/images\images_3349.jpg,312
AMLdataset/release/images_augmentation\aug_0_images_3349.jpg,312
AMLdataset/release/images_augmentation\aug_1_images_3349.jpg,312
AMLdataset/release/images\images_3350.jpg,312
AMLdataset/release/images_augmentation\aug_0_images_3350.jpg,312
AMLdataset/release/images_augmentation\aug_1_images_3350.jpg,312
AMLdataset/release/images\images_3351.jpg,312
AMLdataset/release/images_augmentation\aug_0_images_3351.jpg,312
AMLdataset/release/images_augmentation\aug_1_images_3351.jpg,312
AMLdataset/release/images\images_3352.jpg,312
AMLdataset/release/images_augmentation\aug_0_images_3352.jpg,312
AMLdataset/release/images_augmentation\aug_1_images_3352.jpg,312
AMLdataset/release/images\images_3353.jpg,312
AMLdataset/release/images_augmentation\aug_0_images_3353.jpg,312
AMLdataset/release/images_augmentation\aug_1_images_3353.jpg,312
AMLdataset/release/images\images_3354.jpg,312
AMLdataset/release/images_augmentation\aug_0_images_3354.jpg,312
AMLdataset/release/images_augmentation\aug_1_images_3354.jpg,312
AMLdataset/release/images\images_3355.jpg,312
AMLdataset/release/images_augmentation\aug_0_images_3355.jpg,312
AMLdataset/release/images_augmentation\aug_1_images_3355.jpg,312
AMLdataset/release/images\images_3356.jpg,312
AMLdataset/release/images_augmentation\aug_0_images_3356.jpg,312
AMLdataset/release/images_augmentation\aug_1_images_3356.jpg,312
AMLdataset/release/images\images_3357.jpg,312
AMLdataset/release/images_augmentation\aug_0_images_3357.jpg,312
AMLdataset/release/images_augmentation\aug_1_images_3357.jpg,312
AMLdataset/release/images\images_3358.jpg,312
AMLdataset/release/images_augmentation\aug_0_images_3358.jpg,312
AMLdataset/release/images_augmentation\aug_1_images_3358.jpg,312
AMLdataset/release/images\images_3359.jpg,312
AMLdataset/release/images_augmentation\aug_0_images_3359.jpg,312
AMLdataset/release/images_augmentation\aug_1_images_3359.jpg,312
AMLdataset/release/images\images_3360.jpg,312
AMLdataset/release/images_augmentation\aug_0_images_3360.jpg,312
AMLdataset/release/images_augmentation\aug_1_images_3360.jpg,312
AMLdataset/release/images\images_3361.jpg,102
AMLdataset/release/images_augmentation\aug_0_images_3361.jpg,102
AMLdataset/release/images_augmentation\aug_1_images_3361.jpg,102
AMLdataset/release/images\images_3362.jpg,102
AMLdataset/release/images_augmentation\aug_0_images_3362.jpg,102
AMLdataset/release/images_augmentation\aug_1_images_3362.jpg,102
AMLdataset/release/images\images_3363.jpg,102
AMLdataset/release/images_augmentation\aug_0_images_3363.jpg,102
AMLdataset/release/images_augmentation\aug_1_images_3363.jpg,102
AMLdataset/release/images\images_3364.jpg,102
AMLdataset/release/images_augmentation\aug_0_images_3364.jpg,102
AMLdataset/release/images_augmentation\aug_1_images_3364.jpg,102
AMLdataset/release/images\images_3365.jpg,102
AMLdataset/release/images_augmentation\aug_0_images_3365.jpg,102
AMLdataset/release/images_augmentation\aug_1_images_3365.jpg,102
AMLdataset/release/images\images_3366.jpg,102
AMLdataset/release/images_augmentation\aug_0_images_3366.jpg,102
AMLdataset/release/images_augmentation\aug_1_images_3366.jpg,102
AMLdataset/release/images\images_3367.jpg,102
AMLdataset/release/images_augmentation\aug_0_images_3367.jpg,102
AMLdataset/release/images_augmentation\aug_1_images_3367.jpg,102
AMLdataset/release/images\images_3368.jpg,102
AMLdataset/release/images_augmentation\aug_0_images_3368.jpg,102
AMLdataset/release/images_augmentation\aug_1_images_3368.jpg,102
AMLdataset/release/images\images_3369.jpg,102
AMLdataset/release/images_augmentation\aug_0_images_3369.jpg,102
AMLdataset/release/images_augmentation\aug_1_images_3369.jpg,102
AMLdataset/release/images\images_3370.jpg,102
AMLdataset/release/images_augmentation\aug_0_images_3370.jpg,102
AMLdataset/release/images_augmentation\aug_1_images_3370.jpg,102
AMLdataset/release/images\images_3371.jpg,102
AMLdataset/release/images_augmentation\aug_0_images_3371.jpg,102
AMLdataset/release/images_augmentation\aug_1_images_3371.jpg,102
AMLdataset/release/images\images_3372.jpg,102
AMLdataset/release/images_augmentation\aug_0_images_3372.jpg,102
AMLdataset/release/images_augmentation\aug_1_images_3372.jpg,102
AMLdataset/release/images\images_3373.jpg,102
AMLdataset/release/images_augmentation\aug_0_images_3373.jpg,102
AMLdataset/release/images_augmentation\aug_1_images_3373.jpg,102
AMLdataset/release/images\images_3374.jpg,102
AMLdataset/release/images_augmentation\aug_0_images_3374.jpg,102
AMLdataset/release/images_augmentation\aug_1_images_3374.jpg,102
AMLdataset/release/images\images_3375.jpg,102
AMLdataset/release/images_augmentation\aug_0_images_3375.jpg,102
AMLdataset/release/images_augmentation\aug_1_images_3375.jpg,102
AMLdataset/release/images\images_3376.jpg,102
AMLdataset/release/images_augmentation\aug_0_images_3376.jpg,102
AMLdataset/release/images_augmentation\aug_1_images_3376.jpg,102
AMLdataset/release/images\images_3377.jpg,102
AMLdataset/release/images_augmentation\aug_0_images_3377.jpg,102
AMLdataset/release/images_augmentation\aug_1_images_3377.jpg,102
AMLdataset/release/images\images_3378.jpg,102
AMLdataset/release/images_augmentation\aug_0_images_3378.jpg,102
AMLdataset/release/images_augmentation\aug_1_images_3378.jpg,102
AMLdataset/release/images\images_3379.jpg,102
AMLdataset/release/images_augmentation\aug_0_images_3379.jpg,102
AMLdataset/release/images_augmentation\aug_1_images_3379.jpg,102
AMLdataset/release/images\images_3380.jpg,102
AMLdataset/release/images_augmentation\aug_0_images_3380.jpg,102
AMLdataset/release/images_augmentation\aug_1_images_3380.jpg,102
AMLdataset/release/images\images_3381.jpg,329
AMLdataset/release/images_augmentation\aug_0_images_3381.jpg,329
AMLdataset/release/images_augmentation\aug_1_images_3381.jpg,329
AMLdataset/release/images\images_3382.jpg,329
AMLdataset/release/images_augmentation\aug_0_images_3382.jpg,329
AMLdataset/release/images_augmentation\aug_1_images_3382.jpg,329
AMLdataset/release/images\images_3383.jpg,329
AMLdataset/release/images_augmentation\aug_0_images_3383.jpg,329
AMLdataset/release/images_augmentation\aug_1_images_3383.jpg,329
AMLdataset/release/images\images_3384.jpg,329
AMLdataset/release/images_augmentation\aug_0_images_3384.jpg,329
AMLdataset/release/images_augmentation\aug_1_images_3384.jpg,329
AMLdataset/release/images\images_3385.jpg,329
AMLdataset/release/images_augmentation\aug_0_images_3385.jpg,329
AMLdataset/release/images_augmentation\aug_1_images_3385.jpg,329
AMLdataset/release/images\images_3386.jpg,329
AMLdataset/release/images_augmentation\aug_0_images_3386.jpg,329
AMLdataset/release/images_augmentation\aug_1_images_3386.jpg,329
AMLdataset/release/images\images_3387.jpg,329
AMLdataset/release/images_augmentation\aug_0_images_3387.jpg,329
AMLdataset/release/images_augmentation\aug_1_images_3387.jpg,329
AMLdataset/release/images\images_3388.jpg,329
AMLdataset/release/images_augmentation\aug_0_images_3388.jpg,329
AMLdataset/release/images_augmentation\aug_1_images_3388.jpg,329
AMLdataset/release/images\images_3389.jpg,329
AMLdataset/release/images_augmentation\aug_0_images_3389.jpg,329
AMLdataset/release/images_augmentation\aug_1_images_3389.jpg,329
AMLdataset/release/images\images_3390.jpg,329
AMLdataset/release/images_augmentation\aug_0_images_3390.jpg,329
AMLdataset/release/images_augmentation\aug_1_images_3390.jpg,329
AMLdataset/release/images\images_3391.jpg,329
AMLdataset/release/images_augmentation\aug_0_images_3391.jpg,329
AMLdataset/release/images_augmentation\aug_1_images_3391.jpg,329
AMLdataset/release/images\images_3392.jpg,329
AMLdataset/release/images_augmentation\aug_0_images_3392.jpg,329
AMLdataset/release/images_augmentation\aug_1_images_3392.jpg,329
AMLdataset/release/images\images_3393.jpg,329
AMLdataset/release/images_augmentation\aug_0_images_3393.jpg,329
AMLdataset/release/images_augmentation\aug_1_images_3393.jpg,329
AMLdataset/release/images\images_3394.jpg,329
AMLdataset/release/images_augmentation\aug_0_images_3394.jpg,329
AMLdataset/release/images_augmentation\aug_1_images_3394.jpg,329
AMLdataset/release/images\images_3395.jpg,329
AMLdataset/release/images_augmentation\aug_0_images_3395.jpg,329
AMLdataset/release/images_augmentation\aug_1_images_3395.jpg,329
AMLdataset/release/images\images_3396.jpg,329
AMLdataset/release/images_augmentation\aug_0_images_3396.jpg,329
AMLdataset/release/images_augmentation\aug_1_images_3396.jpg,329
AMLdataset/release/images\images_3397.jpg,329
AMLdataset/release/images_augmentation\aug_0_images_3397.jpg,329
AMLdataset/release/images_augmentation\aug_1_images_3397.jpg,329
AMLdataset/release/images\images_3398.jpg,329
AMLdataset/release/images_augmentation\aug_0_images_3398.jpg,329
AMLdataset/release/images_augmentation\aug_1_images_3398.jpg,329
AMLdataset/release/images\images_3399.jpg,329
AMLdataset/release/images_augmentation\aug_0_images_3399.jpg,329
AMLdataset/release/images_augmentation\aug_1_images_3399.jpg,329
AMLdataset/release/images\images_3400.jpg,329
AMLdataset/release/images_augmentation\aug_0_images_3400.jpg,329
AMLdataset/release/images_augmentation\aug_1_images_3400.jpg,329
AMLdataset/release/images\images_3401.jpg,336
AMLdataset/release/images_augmentation\aug_0_images_3401.jpg,336
AMLdataset/release/images_augmentation\aug_1_images_3401.jpg,336
AMLdataset/release/images\images_3402.jpg,336
AMLdataset/release/images_augmentation\aug_0_images_3402.jpg,336
AMLdataset/release/images_augmentation\aug_1_images_3402.jpg,336
AMLdataset/release/images\images_3403.jpg,336
AMLdataset/release/images_augmentation\aug_0_images_3403.jpg,336
AMLdataset/release/images_augmentation\aug_1_images_3403.jpg,336
AMLdataset/release/images\images_3404.jpg,336
AMLdataset/release/images_augmentation\aug_0_images_3404.jpg,336
AMLdataset/release/images_augmentation\aug_1_images_3404.jpg,336
AMLdataset/release/images\images_3405.jpg,336
AMLdataset/release/images_augmentation\aug_0_images_3405.jpg,336
AMLdataset/release/images_augmentation\aug_1_images_3405.jpg,336
AMLdataset/release/images\images_3406.jpg,336
AMLdataset/release/images_augmentation\aug_0_images_3406.jpg,336
AMLdataset/release/images_augmentation\aug_1_images_3406.jpg,336
AMLdataset/release/images\images_3407.jpg,336
AMLdataset/release/images_augmentation\aug_0_images_3407.jpg,336
AMLdataset/release/images_augmentation\aug_1_images_3407.jpg,336
AMLdataset/release/images\images_3408.jpg,336
AMLdataset/release/images_augmentation\aug_0_images_3408.jpg,336
AMLdataset/release/images_augmentation\aug_1_images_3408.jpg,336
AMLdataset/release/images\images_3409.jpg,336
AMLdataset/release/images_augmentation\aug_0_images_3409.jpg,336
AMLdataset/release/images_augmentation\aug_1_images_3409.jpg,336
AMLdataset/release/images\images_3410.jpg,336
AMLdataset/release/images_augmentation\aug_0_images_3410.jpg,336
AMLdataset/release/images_augmentation\aug_1_images_3410.jpg,336
AMLdataset/release/images\images_3411.jpg,336
AMLdataset/release/images_augmentation\aug_0_images_3411.jpg,336
AMLdataset/release/images_augmentation\aug_1_images_3411.jpg,336
AMLdataset/release/images\images_3412.jpg,336
AMLdataset/release/images_augmentation\aug_0_images_3412.jpg,336
AMLdataset/release/images_augmentation\aug_1_images_3412.jpg,336
AMLdataset/release/images\images_3413.jpg,336
AMLdataset/release/images_augmentation\aug_0_images_3413.jpg,336
AMLdataset/release/images_augmentation\aug_1_images_3413.jpg,336
AMLdataset/release/images\images_3414.jpg,336
AMLdataset/release/images_augmentation\aug_0_images_3414.jpg,336
AMLdataset/release/images_augmentation\aug_1_images_3414.jpg,336
AMLdataset/release/images\images_3415.jpg,336
AMLdataset/release/images_augmentation\aug_0_images_3415.jpg,336
AMLdataset/release/images_augmentation\aug_1_images_3415.jpg,336
AMLdataset/release/images\images_3416.jpg,336
AMLdataset/release/images_augmentation\aug_0_images_3416.jpg,336
AMLdataset/release/images_augmentation\aug_1_images_3416.jpg,336
AMLdataset/release/images\images_3417.jpg,336
AMLdataset/release/images_augmentation\aug_0_images_3417.jpg,336
AMLdataset/release/images_augmentation\aug_1_images_3417.jpg,336
AMLdataset/release/images\images_3418.jpg,336
AMLdataset/release/images_augmentation\aug_0_images_3418.jpg,336
AMLdataset/release/images_augmentation\aug_1_images_3418.jpg,336
AMLdataset/release/images\images_3419.jpg,336
AMLdataset/release/images_augmentation\aug_0_images_3419.jpg,336
AMLdataset/release/images_augmentation\aug_1_images_3419.jpg,336
AMLdataset/release/images\images_3420.jpg,336
AMLdataset/release/images_augmentation\aug_0_images_3420.jpg,336
AMLdataset/release/images_augmentation\aug_1_images_3420.jpg,336
AMLdataset/release/images\images_3421.jpg,251
AMLdataset/release/images_augmentation\aug_0_images_3421.jpg,251
AMLdataset/release/images_augmentation\aug_1_images_3421.jpg,251
AMLdataset/release/images\images_3422.jpg,251
AMLdataset/release/images_augmentation\aug_0_images_3422.jpg,251
AMLdataset/release/images_augmentation\aug_1_images_3422.jpg,251
AMLdataset/release/images\images_3423.jpg,251
AMLdataset/release/images_augmentation\aug_0_images_3423.jpg,251
AMLdataset/release/images_augmentation\aug_1_images_3423.jpg,251
AMLdataset/release/images\images_3424.jpg,251
AMLdataset/release/images_augmentation\aug_0_images_3424.jpg,251
AMLdataset/release/images_augmentation\aug_1_images_3424.jpg,251
AMLdataset/release/images\images_3425.jpg,251
AMLdataset/release/images_augmentation\aug_0_images_3425.jpg,251
AMLdataset/release/images_augmentation\aug_1_images_3425.jpg,251
AMLdataset/release/images\images_3426.jpg,251
AMLdataset/release/images_augmentation\aug_0_images_3426.jpg,251
AMLdataset/release/images_augmentation\aug_1_images_3426.jpg,251
AMLdataset/release/images\images_3427.jpg,251
AMLdataset/release/images_augmentation\aug_0_images_3427.jpg,251
AMLdataset/release/images_augmentation\aug_1_images_3427.jpg,251
AMLdataset/release/images\images_3428.jpg,251
AMLdataset/release/images_augmentation\aug_0_images_3428.jpg,251
AMLdataset/release/images_augmentation\aug_1_images_3428.jpg,251
AMLdataset/release/images\images_3429.jpg,251
AMLdataset/release/images_augmentation\aug_0_images_3429.jpg,251
AMLdataset/release/images_augmentation\aug_1_images_3429.jpg,251
AMLdataset/release/images\images_3430.jpg,251
AMLdataset/release/images_augmentation\aug_0_images_3430.jpg,251
AMLdataset/release/images_augmentation\aug_1_images_3430.jpg,251
AMLdataset/release/images\images_3431.jpg,251
AMLdataset/release/images_augmentation\aug_0_images_3431.jpg,251
AMLdataset/release/images_augmentation\aug_1_images_3431.jpg,251
AMLdataset/release/images\images_3432.jpg,251
AMLdataset/release/images_augmentation\aug_0_images_3432.jpg,251
AMLdataset/release/images_augmentation\aug_1_images_3432.jpg,251
AMLdataset/release/images\images_3433.jpg,251
AMLdataset/release/images_augmentation\aug_0_images_3433.jpg,251
AMLdataset/release/images_augmentation\aug_1_images_3433.jpg,251
AMLdataset/release/images\images_3434.jpg,251
AMLdataset/release/images_augmentation\aug_0_images_3434.jpg,251
AMLdataset/release/images_augmentation\aug_1_images_3434.jpg,251
AMLdataset/release/images\images_3435.jpg,251
AMLdataset/release/images_augmentation\aug_0_images_3435.jpg,251
AMLdataset/release/images_augmentation\aug_1_images_3435.jpg,251
AMLdataset/release/images\images_3436.jpg,251
AMLdataset/release/images_augmentation\aug_0_images_3436.jpg,251
AMLdataset/release/images_augmentation\aug_1_images_3436.jpg,251
AMLdataset/release/images\images_3437.jpg,251
AMLdataset/release/images_augmentation\aug_0_images_3437.jpg,251
AMLdataset/release/images_augmentation\aug_1_images_3437.jpg,251
AMLdataset/release/images\images_3438.jpg,251
AMLdataset/release/images_augmentation\aug_0_images_3438.jpg,251
AMLdataset/release/images_augmentation\aug_1_images_3438.jpg,251
AMLdataset/release/images\images_3439.jpg,251
AMLdataset/release/images_augmentation\aug_0_images_3439.jpg,251
AMLdataset/release/images_augmentation\aug_1_images_3439.jpg,251
AMLdataset/release/images\images_3440.jpg,251
AMLdataset/release/images_augmentation\aug_0_images_3440.jpg,251
AMLdataset/release/images_augmentation\aug_1_images_3440.jpg,251
AMLdataset/release/images\images_3441.jpg,54
AMLdataset/release/images_augmentation\aug_0_images_3441.jpg,54
AMLdataset/release/images_augmentation\aug_1_images_3441.jpg,54
AMLdataset/release/images\images_3442.jpg,54
AMLdataset/release/images_augmentation\aug_0_images_3442.jpg,54
AMLdataset/release/images_augmentation\aug_1_images_3442.jpg,54
AMLdataset/release/images\images_3443.jpg,54
AMLdataset/release/images_augmentation\aug_0_images_3443.jpg,54
AMLdataset/release/images_augmentation\aug_1_images_3443.jpg,54
AMLdataset/release/images\images_3444.jpg,54
AMLdataset/release/images_augmentation\aug_0_images_3444.jpg,54
AMLdataset/release/images_augmentation\aug_1_images_3444.jpg,54
AMLdataset/release/images\images_3445.jpg,54
AMLdataset/release/images_augmentation\aug_0_images_3445.jpg,54
AMLdataset/release/images_augmentation\aug_1_images_3445.jpg,54
AMLdataset/release/images\images_3446.jpg,54
AMLdataset/release/images_augmentation\aug_0_images_3446.jpg,54
AMLdataset/release/images_augmentation\aug_1_images_3446.jpg,54
AMLdataset/release/images\images_3447.jpg,54
AMLdataset/release/images_augmentation\aug_0_images_3447.jpg,54
AMLdataset/release/images_augmentation\aug_1_images_3447.jpg,54
AMLdataset/release/images\images_3448.jpg,54
AMLdataset/release/images_augmentation\aug_0_images_3448.jpg,54
AMLdataset/release/images_augmentation\aug_1_images_3448.jpg,54
AMLdataset/release/images\images_3449.jpg,54
AMLdataset/release/images_augmentation\aug_0_images_3449.jpg,54
AMLdataset/release/images_augmentation\aug_1_images_3449.jpg,54
AMLdataset/release/images\images_3450.jpg,54
AMLdataset/release/images_augmentation\aug_0_images_3450.jpg,54
AMLdataset/release/images_augmentation\aug_1_images_3450.jpg,54
AMLdataset/release/images\images_3451.jpg,54
AMLdataset/release/images_augmentation\aug_0_images_3451.jpg,54
AMLdataset/release/images_augmentation\aug_1_images_3451.jpg,54
AMLdataset/release/images\images_3452.jpg,54
AMLdataset/release/images_augmentation\aug_0_images_3452.jpg,54
AMLdataset/release/images_augmentation\aug_1_images_3452.jpg,54
AMLdataset/release/images\images_3453.jpg,54
AMLdataset/release/images_augmentation\aug_0_images_3453.jpg,54
AMLdataset/release/images_augmentation\aug_1_images_3453.jpg,54
AMLdataset/release/images\images_3454.jpg,54
AMLdataset/release/images_augmentation\aug_0_images_3454.jpg,54
AMLdataset/release/images_augmentation\aug_1_images_3454.jpg,54
AMLdataset/release/images\images_3455.jpg,54
AMLdataset/release/images_augmentation\aug_0_images_3455.jpg,54
AMLdataset/release/images_augmentation\aug_1_images_3455.jpg,54
AMLdataset/release/images\images_3456.jpg,54
AMLdataset/release/images_augmentation\aug_0_images_3456.jpg,54
AMLdataset/release/images_augmentation\aug_1_images_3456.jpg,54
AMLdataset/release/images\images_3457.jpg,54
AMLdataset/release/images_augmentation\aug_0_images_3457.jpg,54
AMLdataset/release/images_augmentation\aug_1_images_3457.jpg,54
AMLdataset/release/images\images_3458.jpg,54
AMLdataset/release/images_augmentation\aug_0_images_3458.jpg,54
AMLdataset/release/images_augmentation\aug_1_images_3458.jpg,54
AMLdataset/release/images\images_3459.jpg,54
AMLdataset/release/images_augmentation\aug_0_images_3459.jpg,54
AMLdataset/release/images_augmentation\aug_1_images_3459.jpg,54
AMLdataset/release/images\images_3460.jpg,54
AMLdataset/release/images_augmentation\aug_0_images_3460.jpg,54
AMLdataset/release/images_augmentation\aug_1_images_3460.jpg,54
AMLdataset/release/images\images_3461.jpg,249
AMLdataset/release/images_augmentation\aug_0_images_3461.jpg,249
AMLdataset/release/images_augmentation\aug_1_images_3461.jpg,249
AMLdataset/release/images\images_3462.jpg,249
AMLdataset/release/images_augmentation\aug_0_images_3462.jpg,249
AMLdataset/release/images_augmentation\aug_1_images_3462.jpg,249
AMLdataset/release/images\images_3463.jpg,249
AMLdataset/release/images_augmentation\aug_0_images_3463.jpg,249
AMLdataset/release/images_augmentation\aug_1_images_3463.jpg,249
AMLdataset/release/images\images_3464.jpg,249
AMLdataset/release/images_augmentation\aug_0_images_3464.jpg,249
AMLdataset/release/images_augmentation\aug_1_images_3464.jpg,249
AMLdataset/release/images\images_3465.jpg,249
AMLdataset/release/images_augmentation\aug_0_images_3465.jpg,249
AMLdataset/release/images_augmentation\aug_1_images_3465.jpg,249
AMLdataset/release/images\images_3466.jpg,249
AMLdataset/release/images_augmentation\aug_0_images_3466.jpg,249
AMLdataset/release/images_augmentation\aug_1_images_3466.jpg,249
AMLdataset/release/images\images_3467.jpg,249
AMLdataset/release/images_augmentation\aug_0_images_3467.jpg,249
AMLdataset/release/images_augmentation\aug_1_images_3467.jpg,249
AMLdataset/release/images\images_3468.jpg,249
AMLdataset/release/images_augmentation\aug_0_images_3468.jpg,249
AMLdataset/release/images_augmentation\aug_1_images_3468.jpg,249
AMLdataset/release/images\images_3469.jpg,249
AMLdataset/release/images_augmentation\aug_0_images_3469.jpg,249
AMLdataset/release/images_augmentation\aug_1_images_3469.jpg,249
AMLdataset/release/images\images_3470.jpg,249
AMLdataset/release/images_augmentation\aug_0_images_3470.jpg,249
AMLdataset/release/images_augmentation\aug_1_images_3470.jpg,249
AMLdataset/release/images\images_3471.jpg,249
AMLdataset/release/images_augmentation\aug_0_images_3471.jpg,249
AMLdataset/release/images_augmentation\aug_1_images_3471.jpg,249
AMLdataset/release/images\images_3472.jpg,249
AMLdataset/release/images_augmentation\aug_0_images_3472.jpg,249
AMLdataset/release/images_augmentation\aug_1_images_3472.jpg,249
AMLdataset/release/images\images_3473.jpg,249
AMLdataset/release/images_augmentation\aug_0_images_3473.jpg,249
AMLdataset/release/images_augmentation\aug_1_images_3473.jpg,249
AMLdataset/release/images\images_3474.jpg,249
AMLdataset/release/images_augmentation\aug_0_images_3474.jpg,249
AMLdataset/release/images_augmentation\aug_1_images_3474.jpg,249
AMLdataset/release/images\images_3475.jpg,249
AMLdataset/release/images_augmentation\aug_0_images_3475.jpg,249
AMLdataset/release/images_augmentation\aug_1_images_3475.jpg,249
AMLdataset/release/images\images_3476.jpg,249
AMLdataset/release/images_augmentation\aug_0_images_3476.jpg,249
AMLdataset/release/images_augmentation\aug_1_images_3476.jpg,249
AMLdataset/release/images\images_3477.jpg,249
AMLdataset/release/images_augmentation\aug_0_images_3477.jpg,249
AMLdataset/release/images_augmentation\aug_1_images_3477.jpg,249
AMLdataset/release/images\images_3478.jpg,249
AMLdataset/release/images_augmentation\aug_0_images_3478.jpg,249
AMLdataset/release/images_augmentation\aug_1_images_3478.jpg,249
AMLdataset/release/images\images_3479.jpg,249
AMLdataset/release/images_augmentation\aug_0_images_3479.jpg,249
AMLdataset/release/images_augmentation\aug_1_images_3479.jpg,249
AMLdataset/release/images\images_3480.jpg,249
AMLdataset/release/images_augmentation\aug_0_images_3480.jpg,249
AMLdataset/release/images_augmentation\aug_1_images_3480.jpg,249
AMLdataset/release/images\images_3481.jpg,208
AMLdataset/release/images_augmentation\aug_0_images_3481.jpg,208
AMLdataset/release/images_augmentation\aug_1_images_3481.jpg,208
AMLdataset/release/images\images_3482.jpg,208
AMLdataset/release/images_augmentation\aug_0_images_3482.jpg,208
AMLdataset/release/images_augmentation\aug_1_images_3482.jpg,208
AMLdataset/release/images\images_3483.jpg,208
AMLdataset/release/images_augmentation\aug_0_images_3483.jpg,208
AMLdataset/release/images_augmentation\aug_1_images_3483.jpg,208
AMLdataset/release/images\images_3484.jpg,208
AMLdataset/release/images_augmentation\aug_0_images_3484.jpg,208
AMLdataset/release/images_augmentation\aug_1_images_3484.jpg,208
AMLdataset/release/images\images_3485.jpg,208
AMLdataset/release/images_augmentation\aug_0_images_3485.jpg,208
AMLdataset/release/images_augmentation\aug_1_images_3485.jpg,208
AMLdataset/release/images\images_3486.jpg,208
AMLdataset/release/images_augmentation\aug_0_images_3486.jpg,208
AMLdataset/release/images_augmentation\aug_1_images_3486.jpg,208
AMLdataset/release/images\images_3487.jpg,208
AMLdataset/release/images_augmentation\aug_0_images_3487.jpg,208
AMLdataset/release/images_augmentation\aug_1_images_3487.jpg,208
AMLdataset/release/images\images_3488.jpg,208
AMLdataset/release/images_augmentation\aug_0_images_3488.jpg,208
AMLdataset/release/images_augmentation\aug_1_images_3488.jpg,208
AMLdataset/release/images\images_3489.jpg,208
AMLdataset/release/images_augmentation\aug_0_images_3489.jpg,208
AMLdataset/release/images_augmentation\aug_1_images_3489.jpg,208
AMLdataset/release/images\images_3490.jpg,208
AMLdataset/release/images_augmentation\aug_0_images_3490.jpg,208
AMLdataset/release/images_augmentation\aug_1_images_3490.jpg,208
AMLdataset/release/images\images_3491.jpg,208
AMLdataset/release/images_augmentation\aug_0_images_3491.jpg,208
AMLdataset/release/images_augmentation\aug_1_images_3491.jpg,208
AMLdataset/release/images\images_3492.jpg,208
AMLdataset/release/images_augmentation\aug_0_images_3492.jpg,208
AMLdataset/release/images_augmentation\aug_1_images_3492.jpg,208
AMLdataset/release/images\images_3493.jpg,208
AMLdataset/release/images_augmentation\aug_0_images_3493.jpg,208
AMLdataset/release/images_augmentation\aug_1_images_3493.jpg,208
AMLdataset/release/images\images_3494.jpg,208
AMLdataset/release/images_augmentation\aug_0_images_3494.jpg,208
AMLdataset/release/images_augmentation\aug_1_images_3494.jpg,208
AMLdataset/release/images\images_3495.jpg,208
AMLdataset/release/images_augmentation\aug_0_images_3495.jpg,208
AMLdataset/release/images_augmentation\aug_1_images_3495.jpg,208
AMLdataset/release/images\images_3496.jpg,208
AMLdataset/release/images_augmentation\aug_0_images_3496.jpg,208
AMLdataset/release/images_augmentation\aug_1_images_3496.jpg,208
AMLdataset/release/images\images_3497.jpg,208
AMLdataset/release/images_augmentation\aug_0_images_3497.jpg,208
AMLdataset/release/images_augmentation\aug_1_images_3497.jpg,208
AMLdataset/release/images\images_3498.jpg,208
AMLdataset/release/images_augmentation\aug_0_images_3498.jpg,208
AMLdataset/release/images_augmentation\aug_1_images_3498.jpg,208
AMLdataset/release/images\images_3499.jpg,208
AMLdataset/release/images_augmentation\aug_0_images_3499.jpg,208
AMLdataset/release/images_augmentation\aug_1_images_3499.jpg,208
AMLdataset/release/images\images_3500.jpg,208
AMLdataset/release/images_augmentation\aug_0_images_3500.jpg,208
AMLdataset/release/images_augmentation\aug_1_images_3500.jpg,208
AMLdataset/release/images\images_3501.jpg,200
AMLdataset/release/images_augmentation\aug_0_images_3501.jpg,200
AMLdataset/release/images_augmentation\aug_1_images_3501.jpg,200
AMLdataset/release/images\images_3502.jpg,200
AMLdataset/release/images_augmentation\aug_0_images_3502.jpg,200
AMLdataset/release/images_augmentation\aug_1_images_3502.jpg,200
AMLdataset/release/images\images_3503.jpg,200
AMLdataset/release/images_augmentation\aug_0_images_3503.jpg,200
AMLdataset/release/images_augmentation\aug_1_images_3503.jpg,200
AMLdataset/release/images\images_3504.jpg,200
AMLdataset/release/images_augmentation\aug_0_images_3504.jpg,200
AMLdataset/release/images_augmentation\aug_1_images_3504.jpg,200
AMLdataset/release/images\images_3505.jpg,200
AMLdataset/release/images_augmentation\aug_0_images_3505.jpg,200
AMLdataset/release/images_augmentation\aug_1_images_3505.jpg,200
AMLdataset/release/images\images_3506.jpg,200
AMLdataset/release/images_augmentation\aug_0_images_3506.jpg,200
AMLdataset/release/images_augmentation\aug_1_images_3506.jpg,200
AMLdataset/release/images\images_3507.jpg,200
AMLdataset/release/images_augmentation\aug_0_images_3507.jpg,200
AMLdataset/release/images_augmentation\aug_1_images_3507.jpg,200
AMLdataset/release/images\images_3508.jpg,200
AMLdataset/release/images_augmentation\aug_0_images_3508.jpg,200
AMLdataset/release/images_augmentation\aug_1_images_3508.jpg,200
AMLdataset/release/images\images_3509.jpg,200
AMLdataset/release/images_augmentation\aug_0_images_3509.jpg,200
AMLdataset/release/images_augmentation\aug_1_images_3509.jpg,200
AMLdataset/release/images\images_3510.jpg,200
AMLdataset/release/images_augmentation\aug_0_images_3510.jpg,200
AMLdataset/release/images_augmentation\aug_1_images_3510.jpg,200
AMLdataset/release/images\images_3511.jpg,200
AMLdataset/release/images_augmentation\aug_0_images_3511.jpg,200
AMLdataset/release/images_augmentation\aug_1_images_3511.jpg,200
AMLdataset/release/images\images_3512.jpg,200
AMLdataset/release/images_augmentation\aug_0_images_3512.jpg,200
AMLdataset/release/images_augmentation\aug_1_images_3512.jpg,200
AMLdataset/release/images\images_3513.jpg,200
AMLdataset/release/images_augmentation\aug_0_images_3513.jpg,200
AMLdataset/release/images_augmentation\aug_1_images_3513.jpg,200
AMLdataset/release/images\images_3514.jpg,200
AMLdataset/release/images_augmentation\aug_0_images_3514.jpg,200
AMLdataset/release/images_augmentation\aug_1_images_3514.jpg,200
AMLdataset/release/images\images_3515.jpg,200
AMLdataset/release/images_augmentation\aug_0_images_3515.jpg,200
AMLdataset/release/images_augmentation\aug_1_images_3515.jpg,200
AMLdataset/release/images\images_3516.jpg,200
AMLdataset/release/images_augmentation\aug_0_images_3516.jpg,200
AMLdataset/release/images_augmentation\aug_1_images_3516.jpg,200
AMLdataset/release/images\images_3517.jpg,200
AMLdataset/release/images_augmentation\aug_0_images_3517.jpg,200
AMLdataset/release/images_augmentation\aug_1_images_3517.jpg,200
AMLdataset/release/images\images_3518.jpg,200
AMLdataset/release/images_augmentation\aug_0_images_3518.jpg,200
AMLdataset/release/images_augmentation\aug_1_images_3518.jpg,200
AMLdataset/release/images\images_3519.jpg,200
AMLdataset/release/images_augmentation\aug_0_images_3519.jpg,200
AMLdataset/release/images_augmentation\aug_1_images_3519.jpg,200
AMLdataset/release/images\images_3520.jpg,200
AMLdataset/release/images_augmentation\aug_0_images_3520.jpg,200
AMLdataset/release/images_augmentation\aug_1_images_3520.jpg,200
AMLdataset/release/images\images_3521.jpg,218
AMLdataset/release/images_augmentation\aug_0_images_3521.jpg,218
AMLdataset/release/images_augmentation\aug_1_images_3521.jpg,218
AMLdataset/release/images\images_3522.jpg,218
AMLdataset/release/images_augmentation\aug_0_images_3522.jpg,218
AMLdataset/release/images_augmentation\aug_1_images_3522.jpg,218
AMLdataset/release/images\images_3523.jpg,218
AMLdataset/release/images_augmentation\aug_0_images_3523.jpg,218
AMLdataset/release/images_augmentation\aug_1_images_3523.jpg,218
AMLdataset/release/images\images_3524.jpg,218
AMLdataset/release/images_augmentation\aug_0_images_3524.jpg,218
AMLdataset/release/images_augmentation\aug_1_images_3524.jpg,218
AMLdataset/release/images\images_3525.jpg,218
AMLdataset/release/images_augmentation\aug_0_images_3525.jpg,218
AMLdataset/release/images_augmentation\aug_1_images_3525.jpg,218
AMLdataset/release/images\images_3526.jpg,218
AMLdataset/release/images_augmentation\aug_0_images_3526.jpg,218
AMLdataset/release/images_augmentation\aug_1_images_3526.jpg,218
AMLdataset/release/images\images_3527.jpg,218
AMLdataset/release/images_augmentation\aug_0_images_3527.jpg,218
AMLdataset/release/images_augmentation\aug_1_images_3527.jpg,218
AMLdataset/release/images\images_3528.jpg,218
AMLdataset/release/images_augmentation\aug_0_images_3528.jpg,218
AMLdataset/release/images_augmentation\aug_1_images_3528.jpg,218
AMLdataset/release/images\images_3529.jpg,218
AMLdataset/release/images_augmentation\aug_0_images_3529.jpg,218
AMLdataset/release/images_augmentation\aug_1_images_3529.jpg,218
AMLdataset/release/images\images_3530.jpg,218
AMLdataset/release/images_augmentation\aug_0_images_3530.jpg,218
AMLdataset/release/images_augmentation\aug_1_images_3530.jpg,218
AMLdataset/release/images\images_3531.jpg,218
AMLdataset/release/images_augmentation\aug_0_images_3531.jpg,218
AMLdataset/release/images_augmentation\aug_1_images_3531.jpg,218
AMLdataset/release/images\images_3532.jpg,218
AMLdataset/release/images_augmentation\aug_0_images_3532.jpg,218
AMLdataset/release/images_augmentation\aug_1_images_3532.jpg,218
AMLdataset/release/images\images_3533.jpg,218
AMLdataset/release/images_augmentation\aug_0_images_3533.jpg,218
AMLdataset/release/images_augmentation\aug_1_images_3533.jpg,218
AMLdataset/release/images\images_3534.jpg,218
AMLdataset/release/images_augmentation\aug_0_images_3534.jpg,218
AMLdataset/release/images_augmentation\aug_1_images_3534.jpg,218
AMLdataset/release/images\images_3535.jpg,218
AMLdataset/release/images_augmentation\aug_0_images_3535.jpg,218
AMLdataset/release/images_augmentation\aug_1_images_3535.jpg,218
AMLdataset/release/images\images_3536.jpg,218
AMLdataset/release/images_augmentation\aug_0_images_3536.jpg,218
AMLdataset/release/images_augmentation\aug_1_images_3536.jpg,218
AMLdataset/release/images\images_3537.jpg,218
AMLdataset/release/images_augmentation\aug_0_images_3537.jpg,218
AMLdataset/release/images_augmentation\aug_1_images_3537.jpg,218
AMLdataset/release/images\images_3538.jpg,218
AMLdataset/release/images\images_3539.jpg,218
AMLdataset/release/images_augmentation\aug_0_images_3539.jpg,218
AMLdataset/release/images_augmentation\aug_1_images_3539.jpg,218
AMLdataset/release/images\images_3540.jpg,218
AMLdataset/release/images_augmentation\aug_0_images_3540.jpg,218
AMLdataset/release/images_augmentation\aug_1_images_3540.jpg,218
AMLdataset/release/images\images_3541.jpg,42
AMLdataset/release/images_augmentation\aug_0_images_3541.jpg,42
AMLdataset/release/images_augmentation\aug_1_images_3541.jpg,42
AMLdataset/release/images\images_3542.jpg,42
AMLdataset/release/images_augmentation\aug_0_images_3542.jpg,42
AMLdataset/release/images_augmentation\aug_1_images_3542.jpg,42
AMLdataset/release/images\images_3543.jpg,42
AMLdataset/release/images_augmentation\aug_0_images_3543.jpg,42
AMLdataset/release/images_augmentation\aug_1_images_3543.jpg,42
AMLdataset/release/images\images_3544.jpg,42
AMLdataset/release/images_augmentation\aug_0_images_3544.jpg,42
AMLdataset/release/images_augmentation\aug_1_images_3544.jpg,42
AMLdataset/release/images\images_3545.jpg,42
AMLdataset/release/images_augmentation\aug_0_images_3545.jpg,42
AMLdataset/release/images_augmentation\aug_1_images_3545.jpg,42
AMLdataset/release/images\images_3546.jpg,42
AMLdataset/release/images_augmentation\aug_0_images_3546.jpg,42
AMLdataset/release/images_augmentation\aug_1_images_3546.jpg,42
AMLdataset/release/images\images_3547.jpg,42
AMLdataset/release/images_augmentation\aug_0_images_3547.jpg,42
AMLdataset/release/images_augmentation\aug_1_images_3547.jpg,42
AMLdataset/release/images\images_3548.jpg,42
AMLdataset/release/images_augmentation\aug_0_images_3548.jpg,42
AMLdataset/release/images_augmentation\aug_1_images_3548.jpg,42
AMLdataset/release/images\images_3549.jpg,42
AMLdataset/release/images_augmentation\aug_0_images_3549.jpg,42
AMLdataset/release/images_augmentation\aug_1_images_3549.jpg,42
AMLdataset/release/images\images_3550.jpg,42
AMLdataset/release/images_augmentation\aug_0_images_3550.jpg,42
AMLdataset/release/images_augmentation\aug_1_images_3550.jpg,42
AMLdataset/release/images\images_3551.jpg,42
AMLdataset/release/images_augmentation\aug_0_images_3551.jpg,42
AMLdataset/release/images_augmentation\aug_1_images_3551.jpg,42
AMLdataset/release/images\images_3552.jpg,42
AMLdataset/release/images_augmentation\aug_0_images_3552.jpg,42
AMLdataset/release/images_augmentation\aug_1_images_3552.jpg,42
AMLdataset/release/images\images_3553.jpg,42
AMLdataset/release/images_augmentation\aug_0_images_3553.jpg,42
AMLdataset/release/images_augmentation\aug_1_images_3553.jpg,42
AMLdataset/release/images\images_3554.jpg,42
AMLdataset/release/images_augmentation\aug_0_images_3554.jpg,42
AMLdataset/release/images_augmentation\aug_1_images_3554.jpg,42
AMLdataset/release/images\images_3555.jpg,42
AMLdataset/release/images_augmentation\aug_0_images_3555.jpg,42
AMLdataset/release/images_augmentation\aug_1_images_3555.jpg,42
AMLdataset/release/images\images_3556.jpg,42
AMLdataset/release/images_augmentation\aug_0_images_3556.jpg,42
AMLdataset/release/images_augmentation\aug_1_images_3556.jpg,42
AMLdataset/release/images\images_3557.jpg,42
AMLdataset/release/images_augmentation\aug_0_images_3557.jpg,42
AMLdataset/release/images_augmentation\aug_1_images_3557.jpg,42
AMLdataset/release/images\images_3558.jpg,42
AMLdataset/release/images_augmentation\aug_0_images_3558.jpg,42
AMLdataset/release/images_augmentation\aug_1_images_3558.jpg,42
AMLdataset/release/images\images_3559.jpg,42
AMLdataset/release/images_augmentation\aug_0_images_3559.jpg,42
AMLdataset/release/images_augmentation\aug_1_images_3559.jpg,42
AMLdataset/release/images\images_3560.jpg,42
AMLdataset/release/images_augmentation\aug_0_images_3560.jpg,42
AMLdataset/release/images_augmentation\aug_1_images_3560.jpg,42
AMLdataset/release/images\images_3561.jpg,361
AMLdataset/release/images_augmentation\aug_0_images_3561.jpg,361
AMLdataset/release/images_augmentation\aug_1_images_3561.jpg,361
AMLdataset/release/images\images_3562.jpg,361
AMLdataset/release/images_augmentation\aug_0_images_3562.jpg,361
AMLdataset/release/images_augmentation\aug_1_images_3562.jpg,361
AMLdataset/release/images\images_3563.jpg,361
AMLdataset/release/images_augmentation\aug_0_images_3563.jpg,361
AMLdataset/release/images_augmentation\aug_1_images_3563.jpg,361
AMLdataset/release/images\images_3564.jpg,361
AMLdataset/release/images_augmentation\aug_0_images_3564.jpg,361
AMLdataset/release/images_augmentation\aug_1_images_3564.jpg,361
AMLdataset/release/images\images_3565.jpg,361
AMLdataset/release/images_augmentation\aug_0_images_3565.jpg,361
AMLdataset/release/images_augmentation\aug_1_images_3565.jpg,361
AMLdataset/release/images\images_3566.jpg,361
AMLdataset/release/images_augmentation\aug_0_images_3566.jpg,361
AMLdataset/release/images_augmentation\aug_1_images_3566.jpg,361
AMLdataset/release/images\images_3567.jpg,361
AMLdataset/release/images_augmentation\aug_0_images_3567.jpg,361
AMLdataset/release/images_augmentation\aug_1_images_3567.jpg,361
AMLdataset/release/images\images_3568.jpg,361
AMLdataset/release/images_augmentation\aug_0_images_3568.jpg,361
AMLdataset/release/images_augmentation\aug_1_images_3568.jpg,361
AMLdataset/release/images\images_3569.jpg,361
AMLdataset/release/images_augmentation\aug_0_images_3569.jpg,361
AMLdataset/release/images_augmentation\aug_1_images_3569.jpg,361
AMLdataset/release/images\images_3570.jpg,361
AMLdataset/release/images_augmentation\aug_0_images_3570.jpg,361
AMLdataset/release/images_augmentation\aug_1_images_3570.jpg,361
AMLdataset/release/images\images_3571.jpg,361
AMLdataset/release/images_augmentation\aug_0_images_3571.jpg,361
AMLdataset/release/images_augmentation\aug_1_images_3571.jpg,361
AMLdataset/release/images\images_3572.jpg,361
AMLdataset/release/images_augmentation\aug_0_images_3572.jpg,361
AMLdataset/release/images_augmentation\aug_1_images_3572.jpg,361
AMLdataset/release/images\images_3573.jpg,361
AMLdataset/release/images_augmentation\aug_0_images_3573.jpg,361
AMLdataset/release/images_augmentation\aug_1_images_3573.jpg,361
AMLdataset/release/images\images_3574.jpg,361
AMLdataset/release/images_augmentation\aug_0_images_3574.jpg,361
AMLdataset/release/images_augmentation\aug_1_images_3574.jpg,361
AMLdataset/release/images\images_3575.jpg,361
AMLdataset/release/images_augmentation\aug_0_images_3575.jpg,361
AMLdataset/release/images_augmentation\aug_1_images_3575.jpg,361
AMLdataset/release/images\images_3576.jpg,361
AMLdataset/release/images_augmentation\aug_0_images_3576.jpg,361
AMLdataset/release/images_augmentation\aug_1_images_3576.jpg,361
AMLdataset/release/images\images_3577.jpg,361
AMLdataset/release/images_augmentation\aug_0_images_3577.jpg,361
AMLdataset/release/images_augmentation\aug_1_images_3577.jpg,361
AMLdataset/release/images\images_3578.jpg,361
AMLdataset/release/images_augmentation\aug_0_images_3578.jpg,361
AMLdataset/release/images_augmentation\aug_1_images_3578.jpg,361
AMLdataset/release/images\images_3579.jpg,361
AMLdataset/release/images_augmentation\aug_0_images_3579.jpg,361
AMLdataset/release/images_augmentation\aug_1_images_3579.jpg,361
AMLdataset/release/images\images_3580.jpg,361
AMLdataset/release/images_augmentation\aug_0_images_3580.jpg,361
AMLdataset/release/images_augmentation\aug_1_images_3580.jpg,361
AMLdataset/release/images\images_3581.jpg,121
AMLdataset/release/images_augmentation\aug_0_images_3581.jpg,121
AMLdataset/release/images_augmentation\aug_1_images_3581.jpg,121
AMLdataset/release/images\images_3582.jpg,121
AMLdataset/release/images_augmentation\aug_0_images_3582.jpg,121
AMLdataset/release/images_augmentation\aug_1_images_3582.jpg,121
AMLdataset/release/images\images_3583.jpg,121
AMLdataset/release/images_augmentation\aug_0_images_3583.jpg,121
AMLdataset/release/images_augmentation\aug_1_images_3583.jpg,121
AMLdataset/release/images\images_3584.jpg,121
AMLdataset/release/images_augmentation\aug_0_images_3584.jpg,121
AMLdataset/release/images_augmentation\aug_1_images_3584.jpg,121
AMLdataset/release/images\images_3585.jpg,121
AMLdataset/release/images_augmentation\aug_0_images_3585.jpg,121
AMLdataset/release/images_augmentation\aug_1_images_3585.jpg,121
AMLdataset/release/images\images_3586.jpg,121
AMLdataset/release/images_augmentation\aug_0_images_3586.jpg,121
AMLdataset/release/images_augmentation\aug_1_images_3586.jpg,121
AMLdataset/release/images\images_3587.jpg,121
AMLdataset/release/images_augmentation\aug_0_images_3587.jpg,121
AMLdataset/release/images_augmentation\aug_1_images_3587.jpg,121
AMLdataset/release/images\images_3588.jpg,121
AMLdataset/release/images_augmentation\aug_0_images_3588.jpg,121
AMLdataset/release/images_augmentation\aug_1_images_3588.jpg,121
AMLdataset/release/images\images_3589.jpg,121
AMLdataset/release/images_augmentation\aug_0_images_3589.jpg,121
AMLdataset/release/images_augmentation\aug_1_images_3589.jpg,121
AMLdataset/release/images\images_3590.jpg,121
AMLdataset/release/images_augmentation\aug_0_images_3590.jpg,121
AMLdataset/release/images_augmentation\aug_1_images_3590.jpg,121
AMLdataset/release/images\images_3591.jpg,121
AMLdataset/release/images_augmentation\aug_0_images_3591.jpg,121
AMLdataset/release/images_augmentation\aug_1_images_3591.jpg,121
AMLdataset/release/images\images_3592.jpg,121
AMLdataset/release/images_augmentation\aug_0_images_3592.jpg,121
AMLdataset/release/images_augmentation\aug_1_images_3592.jpg,121
AMLdataset/release/images\images_3593.jpg,121
AMLdataset/release/images_augmentation\aug_0_images_3593.jpg,121
AMLdataset/release/images_augmentation\aug_1_images_3593.jpg,121
AMLdataset/release/images\images_3594.jpg,121
AMLdataset/release/images_augmentation\aug_0_images_3594.jpg,121
AMLdataset/release/images_augmentation\aug_1_images_3594.jpg,121
AMLdataset/release/images\images_3595.jpg,121
AMLdataset/release/images_augmentation\aug_0_images_3595.jpg,121
AMLdataset/release/images_augmentation\aug_1_images_3595.jpg,121
AMLdataset/release/images\images_3596.jpg,121
AMLdataset/release/images_augmentation\aug_0_images_3596.jpg,121
AMLdataset/release/images_augmentation\aug_1_images_3596.jpg,121
AMLdataset/release/images\images_3597.jpg,121
AMLdataset/release/images_augmentation\aug_0_images_3597.jpg,121
AMLdataset/release/images_augmentation\aug_1_images_3597.jpg,121
AMLdataset/release/images\images_3598.jpg,121
AMLdataset/release/images_augmentation\aug_0_images_3598.jpg,121
AMLdataset/release/images_augmentation\aug_1_images_3598.jpg,121
AMLdataset/release/images\images_3599.jpg,121
AMLdataset/release/images_augmentation\aug_0_images_3599.jpg,121
AMLdataset/release/images_augmentation\aug_1_images_3599.jpg,121
AMLdataset/release/images\images_3600.jpg,121
AMLdataset/release/images_augmentation\aug_0_images_3600.jpg,121
AMLdataset/release/images_augmentation\aug_1_images_3600.jpg,121
AMLdataset/release/images\images_3601.jpg,168
AMLdataset/release/images_augmentation\aug_0_images_3601.jpg,168
AMLdataset/release/images_augmentation\aug_1_images_3601.jpg,168
AMLdataset/release/images\images_3602.jpg,168
AMLdataset/release/images_augmentation\aug_0_images_3602.jpg,168
AMLdataset/release/images_augmentation\aug_1_images_3602.jpg,168
AMLdataset/release/images\images_3603.jpg,168
AMLdataset/release/images_augmentation\aug_0_images_3603.jpg,168
AMLdataset/release/images_augmentation\aug_1_images_3603.jpg,168
AMLdataset/release/images\images_3604.jpg,168
AMLdataset/release/images_augmentation\aug_0_images_3604.jpg,168
AMLdataset/release/images_augmentation\aug_1_images_3604.jpg,168
AMLdataset/release/images\images_3605.jpg,168
AMLdataset/release/images_augmentation\aug_0_images_3605.jpg,168
AMLdataset/release/images_augmentation\aug_1_images_3605.jpg,168
AMLdataset/release/images\images_3606.jpg,168
AMLdataset/release/images_augmentation\aug_0_images_3606.jpg,168
AMLdataset/release/images_augmentation\aug_1_images_3606.jpg,168
AMLdataset/release/images\images_3607.jpg,168
AMLdataset/release/images_augmentation\aug_0_images_3607.jpg,168
AMLdataset/release/images_augmentation\aug_1_images_3607.jpg,168
AMLdataset/release/images\images_3608.jpg,168
AMLdataset/release/images_augmentation\aug_0_images_3608.jpg,168
AMLdataset/release/images_augmentation\aug_1_images_3608.jpg,168
AMLdataset/release/images\images_3609.jpg,168
AMLdataset/release/images_augmentation\aug_0_images_3609.jpg,168
AMLdataset/release/images_augmentation\aug_1_images_3609.jpg,168
AMLdataset/release/images\images_3610.jpg,168
AMLdataset/release/images_augmentation\aug_0_images_3610.jpg,168
AMLdataset/release/images_augmentation\aug_1_images_3610.jpg,168
AMLdataset/release/images\images_3611.jpg,168
AMLdataset/release/images_augmentation\aug_0_images_3611.jpg,168
AMLdataset/release/images_augmentation\aug_1_images_3611.jpg,168
AMLdataset/release/images\images_3612.jpg,168
AMLdataset/release/images_augmentation\aug_0_images_3612.jpg,168
AMLdataset/release/images_augmentation\aug_1_images_3612.jpg,168
AMLdataset/release/images\images_3613.jpg,168
AMLdataset/release/images_augmentation\aug_0_images_3613.jpg,168
AMLdataset/release/images_augmentation\aug_1_images_3613.jpg,168
AMLdataset/release/images\images_3614.jpg,168
AMLdataset/release/images_augmentation\aug_0_images_3614.jpg,168
AMLdataset/release/images_augmentation\aug_1_images_3614.jpg,168
AMLdataset/release/images\images_3615.jpg,168
AMLdataset/release/images_augmentation\aug_0_images_3615.jpg,168
AMLdataset/release/images_augmentation\aug_1_images_3615.jpg,168
AMLdataset/release/images\images_3616.jpg,168
AMLdataset/release/images_augmentation\aug_0_images_3616.jpg,168
AMLdataset/release/images_augmentation\aug_1_images_3616.jpg,168
AMLdataset/release/images\images_3617.jpg,168
AMLdataset/release/images_augmentation\aug_0_images_3617.jpg,168
AMLdataset/release/images_augmentation\aug_1_images_3617.jpg,168
AMLdataset/release/images\images_3618.jpg,168
AMLdataset/release/images_augmentation\aug_0_images_3618.jpg,168
AMLdataset/release/images_augmentation\aug_1_images_3618.jpg,168
AMLdataset/release/images\images_3619.jpg,168
AMLdataset/release/images_augmentation\aug_0_images_3619.jpg,168
AMLdataset/release/images_augmentation\aug_1_images_3619.jpg,168
AMLdataset/release/images\images_3620.jpg,168
AMLdataset/release/images_augmentation\aug_0_images_3620.jpg,168
AMLdataset/release/images_augmentation\aug_1_images_3620.jpg,168
AMLdataset/release/images\images_3621.jpg,182
AMLdataset/release/images_augmentation\aug_0_images_3621.jpg,182
AMLdataset/release/images_augmentation\aug_1_images_3621.jpg,182
AMLdataset/release/images\images_3622.jpg,182
AMLdataset/release/images_augmentation\aug_0_images_3622.jpg,182
AMLdataset/release/images_augmentation\aug_1_images_3622.jpg,182
AMLdataset/release/images\images_3623.jpg,182
AMLdataset/release/images_augmentation\aug_0_images_3623.jpg,182
AMLdataset/release/images_augmentation\aug_1_images_3623.jpg,182
AMLdataset/release/images\images_3624.jpg,182
AMLdataset/release/images_augmentation\aug_0_images_3624.jpg,182
AMLdataset/release/images_augmentation\aug_1_images_3624.jpg,182
AMLdataset/release/images\images_3625.jpg,182
AMLdataset/release/images_augmentation\aug_0_images_3625.jpg,182
AMLdataset/release/images_augmentation\aug_1_images_3625.jpg,182
AMLdataset/release/images\images_3626.jpg,182
AMLdataset/release/images_augmentation\aug_0_images_3626.jpg,182
AMLdataset/release/images_augmentation\aug_1_images_3626.jpg,182
AMLdataset/release/images\images_3627.jpg,182
AMLdataset/release/images_augmentation\aug_0_images_3627.jpg,182
AMLdataset/release/images_augmentation\aug_1_images_3627.jpg,182
AMLdataset/release/images\images_3628.jpg,182
AMLdataset/release/images_augmentation\aug_0_images_3628.jpg,182
AMLdataset/release/images_augmentation\aug_1_images_3628.jpg,182
AMLdataset/release/images\images_3629.jpg,182
AMLdataset/release/images_augmentation\aug_0_images_3629.jpg,182
AMLdataset/release/images_augmentation\aug_1_images_3629.jpg,182
AMLdataset/release/images\images_3630.jpg,182
AMLdataset/release/images_augmentation\aug_0_images_3630.jpg,182
AMLdataset/release/images_augmentation\aug_1_images_3630.jpg,182
AMLdataset/release/images\images_3631.jpg,182
AMLdataset/release/images_augmentation\aug_0_images_3631.jpg,182
AMLdataset/release/images_augmentation\aug_1_images_3631.jpg,182
AMLdataset/release/images\images_3632.jpg,182
AMLdataset/release/images_augmentation\aug_0_images_3632.jpg,182
AMLdataset/release/images_augmentation\aug_1_images_3632.jpg,182
AMLdataset/release/images\images_3633.jpg,182
AMLdataset/release/images_augmentation\aug_0_images_3633.jpg,182
AMLdataset/release/images_augmentation\aug_1_images_3633.jpg,182
AMLdataset/release/images\images_3634.jpg,182
AMLdataset/release/images_augmentation\aug_0_images_3634.jpg,182
AMLdataset/release/images_augmentation\aug_1_images_3634.jpg,182
AMLdataset/release/images\images_3635.jpg,182
AMLdataset/release/images_augmentation\aug_0_images_3635.jpg,182
AMLdataset/release/images_augmentation\aug_1_images_3635.jpg,182
AMLdataset/release/images\images_3636.jpg,182
AMLdataset/release/images_augmentation\aug_0_images_3636.jpg,182
AMLdataset/release/images_augmentation\aug_1_images_3636.jpg,182
AMLdataset/release/images\images_3637.jpg,182
AMLdataset/release/images_augmentation\aug_0_images_3637.jpg,182
AMLdataset/release/images_augmentation\aug_1_images_3637.jpg,182
AMLdataset/release/images\images_3638.jpg,182
AMLdataset/release/images_augmentation\aug_0_images_3638.jpg,182
AMLdataset/release/images_augmentation\aug_1_images_3638.jpg,182
AMLdataset/release/images\images_3639.jpg,182
AMLdataset/release/images_augmentation\aug_0_images_3639.jpg,182
AMLdataset/release/images_augmentation\aug_1_images_3639.jpg,182
AMLdataset/release/images\images_3640.jpg,182
AMLdataset/release/images_augmentation\aug_0_images_3640.jpg,182
AMLdataset/release/images_augmentation\aug_1_images_3640.jpg,182
AMLdataset/release/images\images_3641.jpg,32
AMLdataset/release/images_augmentation\aug_0_images_3641.jpg,32
AMLdataset/release/images_augmentation\aug_1_images_3641.jpg,32
AMLdataset/release/images\images_3642.jpg,32
AMLdataset/release/images_augmentation\aug_0_images_3642.jpg,32
AMLdataset/release/images_augmentation\aug_1_images_3642.jpg,32
AMLdataset/release/images\images_3643.jpg,32
AMLdataset/release/images_augmentation\aug_0_images_3643.jpg,32
AMLdataset/release/images_augmentation\aug_1_images_3643.jpg,32
AMLdataset/release/images\images_3644.jpg,32
AMLdataset/release/images_augmentation\aug_0_images_3644.jpg,32
AMLdataset/release/images_augmentation\aug_1_images_3644.jpg,32
AMLdataset/release/images\images_3645.jpg,32
AMLdataset/release/images_augmentation\aug_0_images_3645.jpg,32
AMLdataset/release/images_augmentation\aug_1_images_3645.jpg,32
AMLdataset/release/images\images_3646.jpg,32
AMLdataset/release/images_augmentation\aug_0_images_3646.jpg,32
AMLdataset/release/images_augmentation\aug_1_images_3646.jpg,32
AMLdataset/release/images\images_3647.jpg,32
AMLdataset/release/images_augmentation\aug_0_images_3647.jpg,32
AMLdataset/release/images_augmentation\aug_1_images_3647.jpg,32
AMLdataset/release/images\images_3648.jpg,32
AMLdataset/release/images_augmentation\aug_0_images_3648.jpg,32
AMLdataset/release/images_augmentation\aug_1_images_3648.jpg,32
AMLdataset/release/images\images_3649.jpg,32
AMLdataset/release/images_augmentation\aug_0_images_3649.jpg,32
AMLdataset/release/images_augmentation\aug_1_images_3649.jpg,32
AMLdataset/release/images\images_3650.jpg,32
AMLdataset/release/images_augmentation\aug_0_images_3650.jpg,32
AMLdataset/release/images_augmentation\aug_1_images_3650.jpg,32
AMLdataset/release/images\images_3651.jpg,32
AMLdataset/release/images_augmentation\aug_0_images_3651.jpg,32
AMLdataset/release/images_augmentation\aug_1_images_3651.jpg,32
AMLdataset/release/images\images_3652.jpg,32
AMLdataset/release/images_augmentation\aug_0_images_3652.jpg,32
AMLdataset/release/images_augmentation\aug_1_images_3652.jpg,32
AMLdataset/release/images\images_3653.jpg,32
AMLdataset/release/images_augmentation\aug_0_images_3653.jpg,32
AMLdataset/release/images_augmentation\aug_1_images_3653.jpg,32
AMLdataset/release/images\images_3654.jpg,32
AMLdataset/release/images_augmentation\aug_0_images_3654.jpg,32
AMLdataset/release/images_augmentation\aug_1_images_3654.jpg,32
AMLdataset/release/images\images_3655.jpg,32
AMLdataset/release/images_augmentation\aug_0_images_3655.jpg,32
AMLdataset/release/images_augmentation\aug_1_images_3655.jpg,32
AMLdataset/release/images\images_3656.jpg,32
AMLdataset/release/images_augmentation\aug_0_images_3656.jpg,32
AMLdataset/release/images_augmentation\aug_1_images_3656.jpg,32
AMLdataset/release/images\images_3657.jpg,32
AMLdataset/release/images_augmentation\aug_0_images_3657.jpg,32
AMLdataset/release/images_augmentation\aug_1_images_3657.jpg,32
AMLdataset/release/images\images_3658.jpg,32
AMLdataset/release/images_augmentation\aug_0_images_3658.jpg,32
AMLdataset/release/images_augmentation\aug_1_images_3658.jpg,32
AMLdataset/release/images\images_3659.jpg,32
AMLdataset/release/images_augmentation\aug_0_images_3659.jpg,32
AMLdataset/release/images_augmentation\aug_1_images_3659.jpg,32
AMLdataset/release/images\images_3660.jpg,32
AMLdataset/release/images_augmentation\aug_0_images_3660.jpg,32
AMLdataset/release/images_augmentation\aug_1_images_3660.jpg,32
AMLdataset/release/images\images_3661.jpg,292
AMLdataset/release/images_augmentation\aug_0_images_3661.jpg,292
AMLdataset/release/images_augmentation\aug_1_images_3661.jpg,292
AMLdataset/release/images\images_3662.jpg,292
AMLdataset/release/images_augmentation\aug_0_images_3662.jpg,292
AMLdataset/release/images_augmentation\aug_1_images_3662.jpg,292
AMLdataset/release/images\images_3663.jpg,292
AMLdataset/release/images_augmentation\aug_0_images_3663.jpg,292
AMLdataset/release/images_augmentation\aug_1_images_3663.jpg,292
AMLdataset/release/images\images_3664.jpg,292
AMLdataset/release/images_augmentation\aug_0_images_3664.jpg,292
AMLdataset/release/images_augmentation\aug_1_images_3664.jpg,292
AMLdataset/release/images\images_3665.jpg,292
AMLdataset/release/images_augmentation\aug_0_images_3665.jpg,292
AMLdataset/release/images_augmentation\aug_1_images_3665.jpg,292
AMLdataset/release/images\images_3666.jpg,292
AMLdataset/release/images_augmentation\aug_0_images_3666.jpg,292
AMLdataset/release/images_augmentation\aug_1_images_3666.jpg,292
AMLdataset/release/images\images_3667.jpg,292
AMLdataset/release/images_augmentation\aug_0_images_3667.jpg,292
AMLdataset/release/images_augmentation\aug_1_images_3667.jpg,292
AMLdataset/release/images\images_3668.jpg,292
AMLdataset/release/images_augmentation\aug_0_images_3668.jpg,292
AMLdataset/release/images_augmentation\aug_1_images_3668.jpg,292
AMLdataset/release/images\images_3669.jpg,292
AMLdataset/release/images_augmentation\aug_0_images_3669.jpg,292
AMLdataset/release/images_augmentation\aug_1_images_3669.jpg,292
AMLdataset/release/images\images_3670.jpg,292
AMLdataset/release/images_augmentation\aug_0_images_3670.jpg,292
AMLdataset/release/images_augmentation\aug_1_images_3670.jpg,292
AMLdataset/release/images\images_3671.jpg,292
AMLdataset/release/images_augmentation\aug_0_images_3671.jpg,292
AMLdataset/release/images_augmentation\aug_1_images_3671.jpg,292
AMLdataset/release/images\images_3672.jpg,292
AMLdataset/release/images_augmentation\aug_0_images_3672.jpg,292
AMLdataset/release/images_augmentation\aug_1_images_3672.jpg,292
AMLdataset/release/images\images_3673.jpg,292
AMLdataset/release/images_augmentation\aug_0_images_3673.jpg,292
AMLdataset/release/images_augmentation\aug_1_images_3673.jpg,292
AMLdataset/release/images\images_3674.jpg,292
AMLdataset/release/images_augmentation\aug_0_images_3674.jpg,292
AMLdataset/release/images_augmentation\aug_1_images_3674.jpg,292
AMLdataset/release/images\images_3675.jpg,292
AMLdataset/release/images_augmentation\aug_0_images_3675.jpg,292
AMLdataset/release/images_augmentation\aug_1_images_3675.jpg,292
AMLdataset/release/images\images_3676.jpg,292
AMLdataset/release/images_augmentation\aug_0_images_3676.jpg,292
AMLdataset/release/images_augmentation\aug_1_images_3676.jpg,292
AMLdataset/release/images\images_3677.jpg,292
AMLdataset/release/images_augmentation\aug_0_images_3677.jpg,292
AMLdataset/release/images_augmentation\aug_1_images_3677.jpg,292
AMLdataset/release/images\images_3678.jpg,292
AMLdataset/release/images_augmentation\aug_0_images_3678.jpg,292
AMLdataset/release/images_augmentation\aug_1_images_3678.jpg,292
AMLdataset/release/images\images_3679.jpg,292
AMLdataset/release/images_augmentation\aug_0_images_3679.jpg,292
AMLdataset/release/images_augmentation\aug_1_images_3679.jpg,292
AMLdataset/release/images\images_3680.jpg,292
AMLdataset/release/images_augmentation\aug_0_images_3680.jpg,292
AMLdataset/release/images_augmentation\aug_1_images_3680.jpg,292
AMLdataset/release/images\images_3681.jpg,17
AMLdataset/release/images_augmentation\aug_0_images_3681.jpg,17
AMLdataset/release/images_augmentation\aug_1_images_3681.jpg,17
AMLdataset/release/images\images_3682.jpg,17
AMLdataset/release/images_augmentation\aug_0_images_3682.jpg,17
AMLdataset/release/images_augmentation\aug_1_images_3682.jpg,17
AMLdataset/release/images\images_3683.jpg,17
AMLdataset/release/images_augmentation\aug_0_images_3683.jpg,17
AMLdataset/release/images_augmentation\aug_1_images_3683.jpg,17
AMLdataset/release/images\images_3684.jpg,17
AMLdataset/release/images_augmentation\aug_0_images_3684.jpg,17
AMLdataset/release/images_augmentation\aug_1_images_3684.jpg,17
AMLdataset/release/images\images_3685.jpg,17
AMLdataset/release/images_augmentation\aug_0_images_3685.jpg,17
AMLdataset/release/images_augmentation\aug_1_images_3685.jpg,17
AMLdataset/release/images\images_3686.jpg,17
AMLdataset/release/images_augmentation\aug_0_images_3686.jpg,17
AMLdataset/release/images_augmentation\aug_1_images_3686.jpg,17
AMLdataset/release/images\images_3687.jpg,17
AMLdataset/release/images_augmentation\aug_0_images_3687.jpg,17
AMLdataset/release/images_augmentation\aug_1_images_3687.jpg,17
AMLdataset/release/images\images_3688.jpg,17
AMLdataset/release/images_augmentation\aug_0_images_3688.jpg,17
AMLdataset/release/images_augmentation\aug_1_images_3688.jpg,17
AMLdataset/release/images\images_3689.jpg,17
AMLdataset/release/images_augmentation\aug_0_images_3689.jpg,17
AMLdataset/release/images_augmentation\aug_1_images_3689.jpg,17
AMLdataset/release/images\images_3690.jpg,17
AMLdataset/release/images_augmentation\aug_0_images_3690.jpg,17
AMLdataset/release/images_augmentation\aug_1_images_3690.jpg,17
AMLdataset/release/images\images_3691.jpg,17
AMLdataset/release/images_augmentation\aug_0_images_3691.jpg,17
AMLdataset/release/images_augmentation\aug_1_images_3691.jpg,17
AMLdataset/release/images\images_3692.jpg,17
AMLdataset/release/images_augmentation\aug_0_images_3692.jpg,17
AMLdataset/release/images_augmentation\aug_1_images_3692.jpg,17
AMLdataset/release/images\images_3693.jpg,17
AMLdataset/release/images_augmentation\aug_0_images_3693.jpg,17
AMLdataset/release/images_augmentation\aug_1_images_3693.jpg,17
AMLdataset/release/images\images_3694.jpg,17
AMLdataset/release/images_augmentation\aug_0_images_3694.jpg,17
AMLdataset/release/images_augmentation\aug_1_images_3694.jpg,17
AMLdataset/release/images\images_3695.jpg,17
AMLdataset/release/images_augmentation\aug_0_images_3695.jpg,17
AMLdataset/release/images_augmentation\aug_1_images_3695.jpg,17
AMLdataset/release/images\images_3696.jpg,17
AMLdataset/release/images_augmentation\aug_0_images_3696.jpg,17
AMLdataset/release/images_augmentation\aug_1_images_3696.jpg,17
AMLdataset/release/images\images_3697.jpg,17
AMLdataset/release/images_augmentation\aug_0_images_3697.jpg,17
AMLdataset/release/images_augmentation\aug_1_images_3697.jpg,17
AMLdataset/release/images\images_3698.jpg,17
AMLdataset/release/images_augmentation\aug_0_images_3698.jpg,17
AMLdataset/release/images_augmentation\aug_1_images_3698.jpg,17
AMLdataset/release/images\images_3699.jpg,17
AMLdataset/release/images_augmentation\aug_0_images_3699.jpg,17
AMLdataset/release/images_augmentation\aug_1_images_3699.jpg,17
AMLdataset/release/images\images_3700.jpg,17
AMLdataset/release/images_augmentation\aug_0_images_3700.jpg,17
AMLdataset/release/images_augmentation\aug_1_images_3700.jpg,17
AMLdataset/release/images\images_3701.jpg,124
AMLdataset/release/images_augmentation\aug_0_images_3701.jpg,124
AMLdataset/release/images_augmentation\aug_1_images_3701.jpg,124
AMLdataset/release/images\images_3702.jpg,124
AMLdataset/release/images_augmentation\aug_0_images_3702.jpg,124
AMLdataset/release/images_augmentation\aug_1_images_3702.jpg,124
AMLdataset/release/images\images_3703.jpg,124
AMLdataset/release/images_augmentation\aug_0_images_3703.jpg,124
AMLdataset/release/images_augmentation\aug_1_images_3703.jpg,124
AMLdataset/release/images\images_3704.jpg,124
AMLdataset/release/images_augmentation\aug_0_images_3704.jpg,124
AMLdataset/release/images_augmentation\aug_1_images_3704.jpg,124
AMLdataset/release/images\images_3705.jpg,124
AMLdataset/release/images_augmentation\aug_0_images_3705.jpg,124
AMLdataset/release/images_augmentation\aug_1_images_3705.jpg,124
AMLdataset/release/images\images_3706.jpg,124
AMLdataset/release/images_augmentation\aug_0_images_3706.jpg,124
AMLdataset/release/images_augmentation\aug_1_images_3706.jpg,124
AMLdataset/release/images\images_3707.jpg,124
AMLdataset/release/images_augmentation\aug_0_images_3707.jpg,124
AMLdataset/release/images_augmentation\aug_1_images_3707.jpg,124
AMLdataset/release/images\images_3708.jpg,124
AMLdataset/release/images_augmentation\aug_0_images_3708.jpg,124
AMLdataset/release/images_augmentation\aug_1_images_3708.jpg,124
AMLdataset/release/images\images_3709.jpg,124
AMLdataset/release/images_augmentation\aug_0_images_3709.jpg,124
AMLdataset/release/images_augmentation\aug_1_images_3709.jpg,124
AMLdataset/release/images\images_3710.jpg,124
AMLdataset/release/images_augmentation\aug_0_images_3710.jpg,124
AMLdataset/release/images_augmentation\aug_1_images_3710.jpg,124
AMLdataset/release/images\images_3711.jpg,124
AMLdataset/release/images_augmentation\aug_0_images_3711.jpg,124
AMLdataset/release/images_augmentation\aug_1_images_3711.jpg,124
AMLdataset/release/images\images_3712.jpg,124
AMLdataset/release/images_augmentation\aug_0_images_3712.jpg,124
AMLdataset/release/images_augmentation\aug_1_images_3712.jpg,124
AMLdataset/release/images\images_3713.jpg,124
AMLdataset/release/images_augmentation\aug_0_images_3713.jpg,124
AMLdataset/release/images_augmentation\aug_1_images_3713.jpg,124
AMLdataset/release/images\images_3714.jpg,124
AMLdataset/release/images_augmentation\aug_0_images_3714.jpg,124
AMLdataset/release/images_augmentation\aug_1_images_3714.jpg,124
AMLdataset/release/images\images_3715.jpg,124
AMLdataset/release/images_augmentation\aug_0_images_3715.jpg,124
AMLdataset/release/images_augmentation\aug_1_images_3715.jpg,124
AMLdataset/release/images\images_3716.jpg,124
AMLdataset/release/images_augmentation\aug_0_images_3716.jpg,124
AMLdataset/release/images_augmentation\aug_1_images_3716.jpg,124
AMLdataset/release/images\images_3717.jpg,124
AMLdataset/release/images_augmentation\aug_0_images_3717.jpg,124
AMLdataset/release/images_augmentation\aug_1_images_3717.jpg,124
AMLdataset/release/images\images_3718.jpg,124
AMLdataset/release/images_augmentation\aug_0_images_3718.jpg,124
AMLdataset/release/images_augmentation\aug_1_images_3718.jpg,124
AMLdataset/release/images\images_3719.jpg,124
AMLdataset/release/images_augmentation\aug_0_images_3719.jpg,124
AMLdataset/release/images_augmentation\aug_1_images_3719.jpg,124
AMLdataset/release/images\images_3720.jpg,124
AMLdataset/release/images_augmentation\aug_0_images_3720.jpg,124
AMLdataset/release/images_augmentation\aug_1_images_3720.jpg,124
AMLdataset/release/images\images_3721.jpg,21
AMLdataset/release/images_augmentation\aug_0_images_3721.jpg,21
AMLdataset/release/images_augmentation\aug_1_images_3721.jpg,21
AMLdataset/release/images\images_3722.jpg,21
AMLdataset/release/images_augmentation\aug_0_images_3722.jpg,21
AMLdataset/release/images_augmentation\aug_1_images_3722.jpg,21
AMLdataset/release/images\images_3723.jpg,21
AMLdataset/release/images_augmentation\aug_0_images_3723.jpg,21
AMLdataset/release/images_augmentation\aug_1_images_3723.jpg,21
AMLdataset/release/images\images_3724.jpg,21
AMLdataset/release/images_augmentation\aug_0_images_3724.jpg,21
AMLdataset/release/images_augmentation\aug_1_images_3724.jpg,21
AMLdataset/release/images\images_3725.jpg,21
AMLdataset/release/images_augmentation\aug_0_images_3725.jpg,21
AMLdataset/release/images_augmentation\aug_1_images_3725.jpg,21
AMLdataset/release/images\images_3726.jpg,21
AMLdataset/release/images_augmentation\aug_0_images_3726.jpg,21
AMLdataset/release/images_augmentation\aug_1_images_3726.jpg,21
AMLdataset/release/images\images_3727.jpg,21
AMLdataset/release/images_augmentation\aug_0_images_3727.jpg,21
AMLdataset/release/images_augmentation\aug_1_images_3727.jpg,21
AMLdataset/release/images\images_3728.jpg,21
AMLdataset/release/images_augmentation\aug_0_images_3728.jpg,21
AMLdataset/release/images_augmentation\aug_1_images_3728.jpg,21
AMLdataset/release/images\images_3729.jpg,21
AMLdataset/release/images_augmentation\aug_0_images_3729.jpg,21
AMLdataset/release/images_augmentation\aug_1_images_3729.jpg,21
AMLdataset/release/images\images_3730.jpg,21
AMLdataset/release/images_augmentation\aug_0_images_3730.jpg,21
AMLdataset/release/images_augmentation\aug_1_images_3730.jpg,21
AMLdataset/release/images\images_3731.jpg,21
AMLdataset/release/images_augmentation\aug_0_images_3731.jpg,21
AMLdataset/release/images_augmentation\aug_1_images_3731.jpg,21
AMLdataset/release/images\images_3732.jpg,21
AMLdataset/release/images_augmentation\aug_0_images_3732.jpg,21
AMLdataset/release/images_augmentation\aug_1_images_3732.jpg,21
AMLdataset/release/images\images_3733.jpg,21
AMLdataset/release/images_augmentation\aug_0_images_3733.jpg,21
AMLdataset/release/images_augmentation\aug_1_images_3733.jpg,21
AMLdataset/release/images\images_3734.jpg,21
AMLdataset/release/images_augmentation\aug_0_images_3734.jpg,21
AMLdataset/release/images_augmentation\aug_1_images_3734.jpg,21
AMLdataset/release/images\images_3735.jpg,21
AMLdataset/release/images_augmentation\aug_0_images_3735.jpg,21
AMLdataset/release/images_augmentation\aug_1_images_3735.jpg,21
AMLdataset/release/images\images_3736.jpg,21
AMLdataset/release/images_augmentation\aug_0_images_3736.jpg,21
AMLdataset/release/images_augmentation\aug_1_images_3736.jpg,21
AMLdataset/release/images\images_3737.jpg,21
AMLdataset/release/images_augmentation\aug_0_images_3737.jpg,21
AMLdataset/release/images_augmentation\aug_1_images_3737.jpg,21
AMLdataset/release/images\images_3738.jpg,21
AMLdataset/release/images_augmentation\aug_0_images_3738.jpg,21
AMLdataset/release/images_augmentation\aug_1_images_3738.jpg,21
AMLdataset/release/images\images_3739.jpg,21
AMLdataset/release/images_augmentation\aug_0_images_3739.jpg,21
AMLdataset/release/images_augmentation\aug_1_images_3739.jpg,21
AMLdataset/release/images\images_3740.jpg,21
AMLdataset/release/images_augmentation\aug_0_images_3740.jpg,21
AMLdataset/release/images_augmentation\aug_1_images_3740.jpg,21
AMLdataset/release/images\images_3741.jpg,20
AMLdataset/release/images_augmentation\aug_0_images_3741.jpg,20
AMLdataset/release/images_augmentation\aug_1_images_3741.jpg,20
AMLdataset/release/images\images_3742.jpg,20
AMLdataset/release/images_augmentation\aug_0_images_3742.jpg,20
AMLdataset/release/images_augmentation\aug_1_images_3742.jpg,20
AMLdataset/release/images\images_3743.jpg,20
AMLdataset/release/images_augmentation\aug_0_images_3743.jpg,20
AMLdataset/release/images_augmentation\aug_1_images_3743.jpg,20
AMLdataset/release/images\images_3744.jpg,20
AMLdataset/release/images_augmentation\aug_0_images_3744.jpg,20
AMLdataset/release/images_augmentation\aug_1_images_3744.jpg,20
AMLdataset/release/images\images_3745.jpg,20
AMLdataset/release/images_augmentation\aug_0_images_3745.jpg,20
AMLdataset/release/images_augmentation\aug_1_images_3745.jpg,20
AMLdataset/release/images\images_3746.jpg,20
AMLdataset/release/images_augmentation\aug_0_images_3746.jpg,20
AMLdataset/release/images_augmentation\aug_1_images_3746.jpg,20
AMLdataset/release/images\images_3747.jpg,20
AMLdataset/release/images_augmentation\aug_0_images_3747.jpg,20
AMLdataset/release/images_augmentation\aug_1_images_3747.jpg,20
AMLdataset/release/images\images_3748.jpg,20
AMLdataset/release/images_augmentation\aug_0_images_3748.jpg,20
AMLdataset/release/images_augmentation\aug_1_images_3748.jpg,20
AMLdataset/release/images\images_3749.jpg,20
AMLdataset/release/images_augmentation\aug_0_images_3749.jpg,20
AMLdataset/release/images_augmentation\aug_1_images_3749.jpg,20
AMLdataset/release/images\images_3750.jpg,20
AMLdataset/release/images_augmentation\aug_0_images_3750.jpg,20
AMLdataset/release/images_augmentation\aug_1_images_3750.jpg,20
AMLdataset/release/images\images_3751.jpg,20
AMLdataset/release/images_augmentation\aug_0_images_3751.jpg,20
AMLdataset/release/images_augmentation\aug_1_images_3751.jpg,20
AMLdataset/release/images\images_3752.jpg,20
AMLdataset/release/images_augmentation\aug_0_images_3752.jpg,20
AMLdataset/release/images_augmentation\aug_1_images_3752.jpg,20
AMLdataset/release/images\images_3753.jpg,20
AMLdataset/release/images_augmentation\aug_0_images_3753.jpg,20
AMLdataset/release/images_augmentation\aug_1_images_3753.jpg,20
AMLdataset/release/images\images_3754.jpg,20
AMLdataset/release/images_augmentation\aug_0_images_3754.jpg,20
AMLdataset/release/images_augmentation\aug_1_images_3754.jpg,20
AMLdataset/release/images\images_3755.jpg,20
AMLdataset/release/images_augmentation\aug_0_images_3755.jpg,20
AMLdataset/release/images_augmentation\aug_1_images_3755.jpg,20
AMLdataset/release/images\images_3756.jpg,20
AMLdataset/release/images_augmentation\aug_0_images_3756.jpg,20
AMLdataset/release/images_augmentation\aug_1_images_3756.jpg,20
AMLdataset/release/images\images_3757.jpg,20
AMLdataset/release/images_augmentation\aug_0_images_3757.jpg,20
AMLdataset/release/images_augmentation\aug_1_images_3757.jpg,20
AMLdataset/release/images\images_3758.jpg,20
AMLdataset/release/images_augmentation\aug_0_images_3758.jpg,20
AMLdataset/release/images_augmentation\aug_1_images_3758.jpg,20
AMLdataset/release/images\images_3759.jpg,20
AMLdataset/release/images_augmentation\aug_0_images_3759.jpg,20
AMLdataset/release/images_augmentation\aug_1_images_3759.jpg,20
AMLdataset/release/images\images_3760.jpg,20
AMLdataset/release/images_augmentation\aug_0_images_3760.jpg,20
AMLdataset/release/images_augmentation\aug_1_images_3760.jpg,20
AMLdataset/release/images\images_3761.jpg,145
AMLdataset/release/images_augmentation\aug_0_images_3761.jpg,145
AMLdataset/release/images_augmentation\aug_1_images_3761.jpg,145
AMLdataset/release/images\images_3762.jpg,145
AMLdataset/release/images_augmentation\aug_0_images_3762.jpg,145
AMLdataset/release/images_augmentation\aug_1_images_3762.jpg,145
AMLdataset/release/images\images_3763.jpg,145
AMLdataset/release/images_augmentation\aug_0_images_3763.jpg,145
AMLdataset/release/images_augmentation\aug_1_images_3763.jpg,145
AMLdataset/release/images\images_3764.jpg,145
AMLdataset/release/images_augmentation\aug_0_images_3764.jpg,145
AMLdataset/release/images_augmentation\aug_1_images_3764.jpg,145
AMLdataset/release/images\images_3765.jpg,145
AMLdataset/release/images_augmentation\aug_0_images_3765.jpg,145
AMLdataset/release/images_augmentation\aug_1_images_3765.jpg,145
AMLdataset/release/images\images_3766.jpg,145
AMLdataset/release/images_augmentation\aug_0_images_3766.jpg,145
AMLdataset/release/images_augmentation\aug_1_images_3766.jpg,145
AMLdataset/release/images\images_3767.jpg,145
AMLdataset/release/images_augmentation\aug_0_images_3767.jpg,145
AMLdataset/release/images_augmentation\aug_1_images_3767.jpg,145
AMLdataset/release/images\images_3768.jpg,145
AMLdataset/release/images_augmentation\aug_0_images_3768.jpg,145
AMLdataset/release/images_augmentation\aug_1_images_3768.jpg,145
AMLdataset/release/images\images_3769.jpg,145
AMLdataset/release/images_augmentation\aug_0_images_3769.jpg,145
AMLdataset/release/images_augmentation\aug_1_images_3769.jpg,145
AMLdataset/release/images\images_3770.jpg,145
AMLdataset/release/images_augmentation\aug_0_images_3770.jpg,145
AMLdataset/release/images_augmentation\aug_1_images_3770.jpg,145
AMLdataset/release/images\images_3771.jpg,145
AMLdataset/release/images_augmentation\aug_0_images_3771.jpg,145
AMLdataset/release/images_augmentation\aug_1_images_3771.jpg,145
AMLdataset/release/images\images_3772.jpg,145
AMLdataset/release/images_augmentation\aug_0_images_3772.jpg,145
AMLdataset/release/images_augmentation\aug_1_images_3772.jpg,145
AMLdataset/release/images\images_3773.jpg,145
AMLdataset/release/images_augmentation\aug_0_images_3773.jpg,145
AMLdataset/release/images_augmentation\aug_1_images_3773.jpg,145
AMLdataset/release/images\images_3774.jpg,145
AMLdataset/release/images_augmentation\aug_0_images_3774.jpg,145
AMLdataset/release/images_augmentation\aug_1_images_3774.jpg,145
AMLdataset/release/images\images_3775.jpg,145
AMLdataset/release/images_augmentation\aug_0_images_3775.jpg,145
AMLdataset/release/images_augmentation\aug_1_images_3775.jpg,145
AMLdataset/release/images\images_3776.jpg,145
AMLdataset/release/images_augmentation\aug_0_images_3776.jpg,145
AMLdataset/release/images_augmentation\aug_1_images_3776.jpg,145
AMLdataset/release/images\images_3777.jpg,145
AMLdataset/release/images_augmentation\aug_0_images_3777.jpg,145
AMLdataset/release/images_augmentation\aug_1_images_3777.jpg,145
AMLdataset/release/images\images_3778.jpg,145
AMLdataset/release/images_augmentation\aug_0_images_3778.jpg,145
AMLdataset/release/images_augmentation\aug_1_images_3778.jpg,145
AMLdataset/release/images\images_3779.jpg,145
AMLdataset/release/images_augmentation\aug_0_images_3779.jpg,145
AMLdataset/release/images_augmentation\aug_1_images_3779.jpg,145
AMLdataset/release/images\images_3780.jpg,145
AMLdataset/release/images_augmentation\aug_0_images_3780.jpg,145
AMLdataset/release/images_augmentation\aug_1_images_3780.jpg,145
AMLdataset/release/images\images_3781.jpg,191
AMLdataset/release/images_augmentation\aug_0_images_3781.jpg,191
AMLdataset/release/images_augmentation\aug_1_images_3781.jpg,191
AMLdataset/release/images\images_3782.jpg,191
AMLdataset/release/images_augmentation\aug_0_images_3782.jpg,191
AMLdataset/release/images_augmentation\aug_1_images_3782.jpg,191
AMLdataset/release/images\images_3783.jpg,191
AMLdataset/release/images_augmentation\aug_0_images_3783.jpg,191
AMLdataset/release/images_augmentation\aug_1_images_3783.jpg,191
AMLdataset/release/images\images_3784.jpg,191
AMLdataset/release/images_augmentation\aug_0_images_3784.jpg,191
AMLdataset/release/images_augmentation\aug_1_images_3784.jpg,191
AMLdataset/release/images\images_3785.jpg,191
AMLdataset/release/images_augmentation\aug_0_images_3785.jpg,191
AMLdataset/release/images_augmentation\aug_1_images_3785.jpg,191
AMLdataset/release/images\images_3786.jpg,191
AMLdataset/release/images_augmentation\aug_0_images_3786.jpg,191
AMLdataset/release/images_augmentation\aug_1_images_3786.jpg,191
AMLdataset/release/images\images_3787.jpg,191
AMLdataset/release/images_augmentation\aug_0_images_3787.jpg,191
AMLdataset/release/images_augmentation\aug_1_images_3787.jpg,191
AMLdataset/release/images\images_3788.jpg,191
AMLdataset/release/images_augmentation\aug_0_images_3788.jpg,191
AMLdataset/release/images_augmentation\aug_1_images_3788.jpg,191
AMLdataset/release/images\images_3789.jpg,191
AMLdataset/release/images_augmentation\aug_0_images_3789.jpg,191
AMLdataset/release/images_augmentation\aug_1_images_3789.jpg,191
AMLdataset/release/images\images_3790.jpg,191
AMLdataset/release/images_augmentation\aug_0_images_3790.jpg,191
AMLdataset/release/images_augmentation\aug_1_images_3790.jpg,191
AMLdataset/release/images\images_3791.jpg,191
AMLdataset/release/images_augmentation\aug_0_images_3791.jpg,191
AMLdataset/release/images_augmentation\aug_1_images_3791.jpg,191
AMLdataset/release/images\images_3792.jpg,191
AMLdataset/release/images_augmentation\aug_0_images_3792.jpg,191
AMLdataset/release/images_augmentation\aug_1_images_3792.jpg,191
AMLdataset/release/images\images_3793.jpg,191
AMLdataset/release/images_augmentation\aug_0_images_3793.jpg,191
AMLdataset/release/images_augmentation\aug_1_images_3793.jpg,191
AMLdataset/release/images\images_3794.jpg,191
AMLdataset/release/images_augmentation\aug_0_images_3794.jpg,191
AMLdataset/release/images_augmentation\aug_1_images_3794.jpg,191
AMLdataset/release/images\images_3795.jpg,191
AMLdataset/release/images_augmentation\aug_0_images_3795.jpg,191
AMLdataset/release/images_augmentation\aug_1_images_3795.jpg,191
AMLdataset/release/images\images_3796.jpg,191
AMLdataset/release/images_augmentation\aug_0_images_3796.jpg,191
AMLdataset/release/images_augmentation\aug_1_images_3796.jpg,191
AMLdataset/release/images\images_3797.jpg,191
AMLdataset/release/images_augmentation\aug_0_images_3797.jpg,191
AMLdataset/release/images_augmentation\aug_1_images_3797.jpg,191
AMLdataset/release/images\images_3798.jpg,191
AMLdataset/release/images_augmentation\aug_0_images_3798.jpg,191
AMLdataset/release/images_augmentation\aug_1_images_3798.jpg,191
AMLdataset/release/images\images_3799.jpg,191
AMLdataset/release/images_augmentation\aug_0_images_3799.jpg,191
AMLdataset/release/images_augmentation\aug_1_images_3799.jpg,191
AMLdataset/release/images\images_3800.jpg,191
AMLdataset/release/images_augmentation\aug_0_images_3800.jpg,191
AMLdataset/release/images_augmentation\aug_1_images_3800.jpg,191
AMLdataset/release/images\images_3801.jpg,14
AMLdataset/release/images_augmentation\aug_0_images_3801.jpg,14
AMLdataset/release/images_augmentation\aug_1_images_3801.jpg,14
AMLdataset/release/images\images_3802.jpg,14
AMLdataset/release/images_augmentation\aug_0_images_3802.jpg,14
AMLdataset/release/images_augmentation\aug_1_images_3802.jpg,14
AMLdataset/release/images\images_3803.jpg,14
AMLdataset/release/images_augmentation\aug_0_images_3803.jpg,14
AMLdataset/release/images_augmentation\aug_1_images_3803.jpg,14
AMLdataset/release/images\images_3804.jpg,14
AMLdataset/release/images_augmentation\aug_0_images_3804.jpg,14
AMLdataset/release/images_augmentation\aug_1_images_3804.jpg,14
AMLdataset/release/images\images_3805.jpg,14
AMLdataset/release/images_augmentation\aug_0_images_3805.jpg,14
AMLdataset/release/images_augmentation\aug_1_images_3805.jpg,14
AMLdataset/release/images\images_3806.jpg,14
AMLdataset/release/images_augmentation\aug_0_images_3806.jpg,14
AMLdataset/release/images_augmentation\aug_1_images_3806.jpg,14
AMLdataset/release/images\images_3807.jpg,14
AMLdataset/release/images_augmentation\aug_0_images_3807.jpg,14
AMLdataset/release/images_augmentation\aug_1_images_3807.jpg,14
AMLdataset/release/images\images_3808.jpg,14
AMLdataset/release/images_augmentation\aug_0_images_3808.jpg,14
AMLdataset/release/images_augmentation\aug_1_images_3808.jpg,14
AMLdataset/release/images\images_3809.jpg,14
AMLdataset/release/images_augmentation\aug_0_images_3809.jpg,14
AMLdataset/release/images_augmentation\aug_1_images_3809.jpg,14
AMLdataset/release/images\images_3810.jpg,14
AMLdataset/release/images_augmentation\aug_0_images_3810.jpg,14
AMLdataset/release/images_augmentation\aug_1_images_3810.jpg,14
AMLdataset/release/images\images_3811.jpg,14
AMLdataset/release/images_augmentation\aug_0_images_3811.jpg,14
AMLdataset/release/images_augmentation\aug_1_images_3811.jpg,14
AMLdataset/release/images\images_3812.jpg,14
AMLdataset/release/images_augmentation\aug_0_images_3812.jpg,14
AMLdataset/release/images_augmentation\aug_1_images_3812.jpg,14
AMLdataset/release/images\images_3813.jpg,14
AMLdataset/release/images_augmentation\aug_0_images_3813.jpg,14
AMLdataset/release/images_augmentation\aug_1_images_3813.jpg,14
AMLdataset/release/images\images_3814.jpg,14
AMLdataset/release/images_augmentation\aug_0_images_3814.jpg,14
AMLdataset/release/images_augmentation\aug_1_images_3814.jpg,14
AMLdataset/release/images\images_3815.jpg,14
AMLdataset/release/images_augmentation\aug_0_images_3815.jpg,14
AMLdataset/release/images_augmentation\aug_1_images_3815.jpg,14
AMLdataset/release/images\images_3816.jpg,14
AMLdataset/release/images_augmentation\aug_0_images_3816.jpg,14
AMLdataset/release/images_augmentation\aug_1_images_3816.jpg,14
AMLdataset/release/images\images_3817.jpg,14
AMLdataset/release/images_augmentation\aug_0_images_3817.jpg,14
AMLdataset/release/images_augmentation\aug_1_images_3817.jpg,14
AMLdataset/release/images\images_3818.jpg,14
AMLdataset/release/images_augmentation\aug_0_images_3818.jpg,14
AMLdataset/release/images_augmentation\aug_1_images_3818.jpg,14
AMLdataset/release/images\images_3819.jpg,14
AMLdataset/release/images_augmentation\aug_0_images_3819.jpg,14
AMLdataset/release/images_augmentation\aug_1_images_3819.jpg,14
AMLdataset/release/images\images_3820.jpg,14
AMLdataset/release/images_augmentation\aug_0_images_3820.jpg,14
AMLdataset/release/images_augmentation\aug_1_images_3820.jpg,14
AMLdataset/release/images\images_3821.jpg,61
AMLdataset/release/images_augmentation\aug_0_images_3821.jpg,61
AMLdataset/release/images_augmentation\aug_1_images_3821.jpg,61
AMLdataset/release/images\images_3822.jpg,61
AMLdataset/release/images_augmentation\aug_0_images_3822.jpg,61
AMLdataset/release/images_augmentation\aug_1_images_3822.jpg,61
AMLdataset/release/images\images_3823.jpg,61
AMLdataset/release/images_augmentation\aug_0_images_3823.jpg,61
AMLdataset/release/images_augmentation\aug_1_images_3823.jpg,61
AMLdataset/release/images\images_3824.jpg,61
AMLdataset/release/images_augmentation\aug_0_images_3824.jpg,61
AMLdataset/release/images_augmentation\aug_1_images_3824.jpg,61
AMLdataset/release/images\images_3825.jpg,61
AMLdataset/release/images_augmentation\aug_0_images_3825.jpg,61
AMLdataset/release/images_augmentation\aug_1_images_3825.jpg,61
AMLdataset/release/images\images_3826.jpg,61
AMLdataset/release/images_augmentation\aug_0_images_3826.jpg,61
AMLdataset/release/images_augmentation\aug_1_images_3826.jpg,61
AMLdataset/release/images\images_3827.jpg,61
AMLdataset/release/images_augmentation\aug_0_images_3827.jpg,61
AMLdataset/release/images_augmentation\aug_1_images_3827.jpg,61
AMLdataset/release/images\images_3828.jpg,61
AMLdataset/release/images_augmentation\aug_0_images_3828.jpg,61
AMLdataset/release/images_augmentation\aug_1_images_3828.jpg,61
AMLdataset/release/images\images_3829.jpg,61
AMLdataset/release/images_augmentation\aug_0_images_3829.jpg,61
AMLdataset/release/images_augmentation\aug_1_images_3829.jpg,61
AMLdataset/release/images\images_3830.jpg,61
AMLdataset/release/images_augmentation\aug_0_images_3830.jpg,61
AMLdataset/release/images_augmentation\aug_1_images_3830.jpg,61
AMLdataset/release/images\images_3831.jpg,61
AMLdataset/release/images_augmentation\aug_0_images_3831.jpg,61
AMLdataset/release/images_augmentation\aug_1_images_3831.jpg,61
AMLdataset/release/images\images_3832.jpg,61
AMLdataset/release/images_augmentation\aug_0_images_3832.jpg,61
AMLdataset/release/images_augmentation\aug_1_images_3832.jpg,61
AMLdataset/release/images\images_3833.jpg,61
AMLdataset/release/images_augmentation\aug_0_images_3833.jpg,61
AMLdataset/release/images_augmentation\aug_1_images_3833.jpg,61
AMLdataset/release/images\images_3834.jpg,61
AMLdataset/release/images_augmentation\aug_0_images_3834.jpg,61
AMLdataset/release/images_augmentation\aug_1_images_3834.jpg,61
AMLdataset/release/images\images_3835.jpg,61
AMLdataset/release/images_augmentation\aug_0_images_3835.jpg,61
AMLdataset/release/images_augmentation\aug_1_images_3835.jpg,61
AMLdataset/release/images\images_3836.jpg,61
AMLdataset/release/images_augmentation\aug_0_images_3836.jpg,61
AMLdataset/release/images_augmentation\aug_1_images_3836.jpg,61
AMLdataset/release/images\images_3837.jpg,61
AMLdataset/release/images_augmentation\aug_0_images_3837.jpg,61
AMLdataset/release/images_augmentation\aug_1_images_3837.jpg,61
AMLdataset/release/images\images_3838.jpg,61
AMLdataset/release/images_augmentation\aug_0_images_3838.jpg,61
AMLdataset/release/images_augmentation\aug_1_images_3838.jpg,61
AMLdataset/release/images\images_3839.jpg,61
AMLdataset/release/images_augmentation\aug_0_images_3839.jpg,61
AMLdataset/release/images_augmentation\aug_1_images_3839.jpg,61
AMLdataset/release/images\images_3840.jpg,61
AMLdataset/release/images_augmentation\aug_0_images_3840.jpg,61
AMLdataset/release/images_augmentation\aug_1_images_3840.jpg,61
AMLdataset/release/images\images_3841.jpg,78
AMLdataset/release/images_augmentation\aug_0_images_3841.jpg,78
AMLdataset/release/images_augmentation\aug_1_images_3841.jpg,78
AMLdataset/release/images\images_3842.jpg,78
AMLdataset/release/images_augmentation\aug_0_images_3842.jpg,78
AMLdataset/release/images_augmentation\aug_1_images_3842.jpg,78
AMLdataset/release/images\images_3843.jpg,78
AMLdataset/release/images_augmentation\aug_0_images_3843.jpg,78
AMLdataset/release/images_augmentation\aug_1_images_3843.jpg,78
AMLdataset/release/images\images_3844.jpg,78
AMLdataset/release/images_augmentation\aug_0_images_3844.jpg,78
AMLdataset/release/images_augmentation\aug_1_images_3844.jpg,78
AMLdataset/release/images\images_3845.jpg,78
AMLdataset/release/images_augmentation\aug_0_images_3845.jpg,78
AMLdataset/release/images_augmentation\aug_1_images_3845.jpg,78
AMLdataset/release/images\images_3846.jpg,78
AMLdataset/release/images_augmentation\aug_0_images_3846.jpg,78
AMLdataset/release/images_augmentation\aug_1_images_3846.jpg,78
AMLdataset/release/images\images_3847.jpg,78
AMLdataset/release/images_augmentation\aug_0_images_3847.jpg,78
AMLdataset/release/images_augmentation\aug_1_images_3847.jpg,78
AMLdataset/release/images\images_3848.jpg,78
AMLdataset/release/images_augmentation\aug_0_images_3848.jpg,78
AMLdataset/release/images_augmentation\aug_1_images_3848.jpg,78
AMLdataset/release/images\images_3849.jpg,78
AMLdataset/release/images_augmentation\aug_0_images_3849.jpg,78
AMLdataset/release/images_augmentation\aug_1_images_3849.jpg,78
AMLdataset/release/images\images_3850.jpg,78
AMLdataset/release/images_augmentation\aug_0_images_3850.jpg,78
AMLdataset/release/images_augmentation\aug_1_images_3850.jpg,78
AMLdataset/release/images\images_3851.jpg,78
AMLdataset/release/images_augmentation\aug_0_images_3851.jpg,78
AMLdataset/release/images_augmentation\aug_1_images_3851.jpg,78
AMLdataset/release/images\images_3852.jpg,78
AMLdataset/release/images_augmentation\aug_0_images_3852.jpg,78
AMLdataset/release/images_augmentation\aug_1_images_3852.jpg,78
AMLdataset/release/images\images_3853.jpg,78
AMLdataset/release/images_augmentation\aug_0_images_3853.jpg,78
AMLdataset/release/images_augmentation\aug_1_images_3853.jpg,78
AMLdataset/release/images\images_3854.jpg,78
AMLdataset/release/images_augmentation\aug_0_images_3854.jpg,78
AMLdataset/release/images_augmentation\aug_1_images_3854.jpg,78
AMLdataset/release/images\images_3855.jpg,78
AMLdataset/release/images_augmentation\aug_0_images_3855.jpg,78
AMLdataset/release/images_augmentation\aug_1_images_3855.jpg,78
AMLdataset/release/images\images_3856.jpg,78
AMLdataset/release/images_augmentation\aug_0_images_3856.jpg,78
AMLdataset/release/images_augmentation\aug_1_images_3856.jpg,78
AMLdataset/release/images\images_3857.jpg,78
AMLdataset/release/images_augmentation\aug_0_images_3857.jpg,78
AMLdataset/release/images_augmentation\aug_1_images_3857.jpg,78
AMLdataset/release/images\images_3858.jpg,78
AMLdataset/release/images_augmentation\aug_0_images_3858.jpg,78
AMLdataset/release/images_augmentation\aug_1_images_3858.jpg,78
AMLdataset/release/images\images_3859.jpg,78
AMLdataset/release/images_augmentation\aug_0_images_3859.jpg,78
AMLdataset/release/images_augmentation\aug_1_images_3859.jpg,78
AMLdataset/release/images\images_3860.jpg,78
AMLdataset/release/images_augmentation\aug_0_images_3860.jpg,78
AMLdataset/release/images_augmentation\aug_1_images_3860.jpg,78
AMLdataset/release/images\images_3861.jpg,92
AMLdataset/release/images_augmentation\aug_0_images_3861.jpg,92
AMLdataset/release/images_augmentation\aug_1_images_3861.jpg,92
AMLdataset/release/images\images_3862.jpg,92
AMLdataset/release/images_augmentation\aug_0_images_3862.jpg,92
AMLdataset/release/images_augmentation\aug_1_images_3862.jpg,92
AMLdataset/release/images\images_3863.jpg,92
AMLdataset/release/images_augmentation\aug_0_images_3863.jpg,92
AMLdataset/release/images_augmentation\aug_1_images_3863.jpg,92
AMLdataset/release/images\images_3864.jpg,92
AMLdataset/release/images_augmentation\aug_0_images_3864.jpg,92
AMLdataset/release/images_augmentation\aug_1_images_3864.jpg,92
AMLdataset/release/images\images_3865.jpg,92
AMLdataset/release/images_augmentation\aug_0_images_3865.jpg,92
AMLdataset/release/images_augmentation\aug_1_images_3865.jpg,92
AMLdataset/release/images\images_3866.jpg,92
AMLdataset/release/images_augmentation\aug_0_images_3866.jpg,92
AMLdataset/release/images_augmentation\aug_1_images_3866.jpg,92
AMLdataset/release/images\images_3867.jpg,92
AMLdataset/release/images_augmentation\aug_0_images_3867.jpg,92
AMLdataset/release/images_augmentation\aug_1_images_3867.jpg,92
AMLdataset/release/images\images_3868.jpg,92
AMLdataset/release/images_augmentation\aug_0_images_3868.jpg,92
AMLdataset/release/images_augmentation\aug_1_images_3868.jpg,92
AMLdataset/release/images\images_3869.jpg,92
AMLdataset/release/images_augmentation\aug_0_images_3869.jpg,92
AMLdataset/release/images_augmentation\aug_1_images_3869.jpg,92
AMLdataset/release/images\images_3870.jpg,92
AMLdataset/release/images_augmentation\aug_0_images_3870.jpg,92
AMLdataset/release/images_augmentation\aug_1_images_3870.jpg,92
AMLdataset/release/images\images_3871.jpg,92
AMLdataset/release/images_augmentation\aug_0_images_3871.jpg,92
AMLdataset/release/images_augmentation\aug_1_images_3871.jpg,92
AMLdataset/release/images\images_3872.jpg,92
AMLdataset/release/images_augmentation\aug_0_images_3872.jpg,92
AMLdataset/release/images_augmentation\aug_1_images_3872.jpg,92
AMLdataset/release/images\images_3873.jpg,92
AMLdataset/release/images_augmentation\aug_0_images_3873.jpg,92
AMLdataset/release/images_augmentation\aug_1_images_3873.jpg,92
AMLdataset/release/images\images_3874.jpg,92
AMLdataset/release/images_augmentation\aug_0_images_3874.jpg,92
AMLdataset/release/images_augmentation\aug_1_images_3874.jpg,92
AMLdataset/release/images\images_3875.jpg,92
AMLdataset/release/images_augmentation\aug_0_images_3875.jpg,92
AMLdataset/release/images_augmentation\aug_1_images_3875.jpg,92
AMLdataset/release/images\images_3876.jpg,92
AMLdataset/release/images_augmentation\aug_0_images_3876.jpg,92
AMLdataset/release/images_augmentation\aug_1_images_3876.jpg,92
AMLdataset/release/images\images_3877.jpg,92
AMLdataset/release/images_augmentation\aug_0_images_3877.jpg,92
AMLdataset/release/images_augmentation\aug_1_images_3877.jpg,92
AMLdataset/release/images\images_3878.jpg,92
AMLdataset/release/images_augmentation\aug_0_images_3878.jpg,92
AMLdataset/release/images_augmentation\aug_1_images_3878.jpg,92
AMLdataset/release/images\images_3879.jpg,92
AMLdataset/release/images_augmentation\aug_0_images_3879.jpg,92
AMLdataset/release/images_augmentation\aug_1_images_3879.jpg,92
AMLdataset/release/images\images_3880.jpg,92
AMLdataset/release/images_augmentation\aug_0_images_3880.jpg,92
AMLdataset/release/images_augmentation\aug_1_images_3880.jpg,92
AMLdataset/release/images\images_3881.jpg,233
AMLdataset/release/images_augmentation\aug_0_images_3881.jpg,233
AMLdataset/release/images_augmentation\aug_1_images_3881.jpg,233
AMLdataset/release/images\images_3882.jpg,233
AMLdataset/release/images_augmentation\aug_0_images_3882.jpg,233
AMLdataset/release/images_augmentation\aug_1_images_3882.jpg,233
AMLdataset/release/images\images_3883.jpg,233
AMLdataset/release/images_augmentation\aug_0_images_3883.jpg,233
AMLdataset/release/images_augmentation\aug_1_images_3883.jpg,233
AMLdataset/release/images\images_3884.jpg,233
AMLdataset/release/images_augmentation\aug_0_images_3884.jpg,233
AMLdataset/release/images_augmentation\aug_1_images_3884.jpg,233
AMLdataset/release/images\images_3885.jpg,233
AMLdataset/release/images_augmentation\aug_0_images_3885.jpg,233
AMLdataset/release/images_augmentation\aug_1_images_3885.jpg,233
AMLdataset/release/images\images_3886.jpg,233
AMLdataset/release/images_augmentation\aug_0_images_3886.jpg,233
AMLdataset/release/images_augmentation\aug_1_images_3886.jpg,233
AMLdataset/release/images\images_3887.jpg,233
AMLdataset/release/images_augmentation\aug_0_images_3887.jpg,233
AMLdataset/release/images_augmentation\aug_1_images_3887.jpg,233
AMLdataset/release/images\images_3888.jpg,233
AMLdataset/release/images_augmentation\aug_0_images_3888.jpg,233
AMLdataset/release/images_augmentation\aug_1_images_3888.jpg,233
AMLdataset/release/images\images_3889.jpg,233
AMLdataset/release/images_augmentation\aug_0_images_3889.jpg,233
AMLdataset/release/images_augmentation\aug_1_images_3889.jpg,233
AMLdataset/release/images\images_3890.jpg,233
AMLdataset/release/images_augmentation\aug_0_images_3890.jpg,233
AMLdataset/release/images_augmentation\aug_1_images_3890.jpg,233
AMLdataset/release/images\images_3891.jpg,233
AMLdataset/release/images_augmentation\aug_0_images_3891.jpg,233
AMLdataset/release/images_augmentation\aug_1_images_3891.jpg,233
AMLdataset/release/images\images_3892.jpg,233
AMLdataset/release/images_augmentation\aug_0_images_3892.jpg,233
AMLdataset/release/images_augmentation\aug_1_images_3892.jpg,233
AMLdataset/release/images\images_3893.jpg,233
AMLdataset/release/images_augmentation\aug_0_images_3893.jpg,233
AMLdataset/release/images_augmentation\aug_1_images_3893.jpg,233
AMLdataset/release/images\images_3894.jpg,233
AMLdataset/release/images_augmentation\aug_0_images_3894.jpg,233
AMLdataset/release/images_augmentation\aug_1_images_3894.jpg,233
AMLdataset/release/images\images_3895.jpg,233
AMLdataset/release/images_augmentation\aug_0_images_3895.jpg,233
AMLdataset/release/images_augmentation\aug_1_images_3895.jpg,233
AMLdataset/release/images\images_3896.jpg,233
AMLdataset/release/images_augmentation\aug_0_images_3896.jpg,233
AMLdataset/release/images_augmentation\aug_1_images_3896.jpg,233
AMLdataset/release/images\images_3897.jpg,233
AMLdataset/release/images_augmentation\aug_0_images_3897.jpg,233
AMLdataset/release/images_augmentation\aug_1_images_3897.jpg,233
AMLdataset/release/images\images_3898.jpg,233
AMLdataset/release/images_augmentation\aug_0_images_3898.jpg,233
AMLdataset/release/images_augmentation\aug_1_images_3898.jpg,233
AMLdataset/release/images\images_3899.jpg,233
AMLdataset/release/images_augmentation\aug_0_images_3899.jpg,233
AMLdataset/release/images_augmentation\aug_1_images_3899.jpg,233
AMLdataset/release/images\images_3900.jpg,233
AMLdataset/release/images_augmentation\aug_0_images_3900.jpg,233
AMLdataset/release/images_augmentation\aug_1_images_3900.jpg,233
AMLdataset/release/images\images_3901.jpg,4
AMLdataset/release/images_augmentation\aug_0_images_3901.jpg,4
AMLdataset/release/images_augmentation\aug_1_images_3901.jpg,4
AMLdataset/release/images\images_3902.jpg,4
AMLdataset/release/images_augmentation\aug_0_images_3902.jpg,4
AMLdataset/release/images_augmentation\aug_1_images_3902.jpg,4
AMLdataset/release/images\images_3903.jpg,4
AMLdataset/release/images_augmentation\aug_0_images_3903.jpg,4
AMLdataset/release/images_augmentation\aug_1_images_3903.jpg,4
AMLdataset/release/images\images_3904.jpg,4
AMLdataset/release/images_augmentation\aug_0_images_3904.jpg,4
AMLdataset/release/images_augmentation\aug_1_images_3904.jpg,4
AMLdataset/release/images\images_3905.jpg,4
AMLdataset/release/images_augmentation\aug_0_images_3905.jpg,4
AMLdataset/release/images_augmentation\aug_1_images_3905.jpg,4
AMLdataset/release/images\images_3906.jpg,4
AMLdataset/release/images_augmentation\aug_0_images_3906.jpg,4
AMLdataset/release/images_augmentation\aug_1_images_3906.jpg,4
AMLdataset/release/images\images_3907.jpg,4
AMLdataset/release/images_augmentation\aug_0_images_3907.jpg,4
AMLdataset/release/images_augmentation\aug_1_images_3907.jpg,4
AMLdataset/release/images\images_3908.jpg,4
AMLdataset/release/images_augmentation\aug_0_images_3908.jpg,4
AMLdataset/release/images_augmentation\aug_1_images_3908.jpg,4
AMLdataset/release/images\images_3909.jpg,4
AMLdataset/release/images_augmentation\aug_0_images_3909.jpg,4
AMLdataset/release/images_augmentation\aug_1_images_3909.jpg,4
AMLdataset/release/images\images_3910.jpg,4
AMLdataset/release/images_augmentation\aug_0_images_3910.jpg,4
AMLdataset/release/images_augmentation\aug_1_images_3910.jpg,4
AMLdataset/release/images\images_3911.jpg,4
AMLdataset/release/images_augmentation\aug_0_images_3911.jpg,4
AMLdataset/release/images_augmentation\aug_1_images_3911.jpg,4
AMLdataset/release/images\images_3912.jpg,4
AMLdataset/release/images_augmentation\aug_0_images_3912.jpg,4
AMLdataset/release/images_augmentation\aug_1_images_3912.jpg,4
AMLdataset/release/images\images_3913.jpg,4
AMLdataset/release/images_augmentation\aug_0_images_3913.jpg,4
AMLdataset/release/images_augmentation\aug_1_images_3913.jpg,4
AMLdataset/release/images\images_3914.jpg,4
AMLdataset/release/images_augmentation\aug_0_images_3914.jpg,4
AMLdataset/release/images_augmentation\aug_1_images_3914.jpg,4
AMLdataset/release/images\images_3915.jpg,4
AMLdataset/release/images_augmentation\aug_0_images_3915.jpg,4
AMLdataset/release/images_augmentation\aug_1_images_3915.jpg,4
AMLdataset/release/images\images_3916.jpg,4
AMLdataset/release/images_augmentation\aug_0_images_3916.jpg,4
AMLdataset/release/images_augmentation\aug_1_images_3916.jpg,4
AMLdataset/release/images\images_3917.jpg,4
AMLdataset/release/images_augmentation\aug_0_images_3917.jpg,4
AMLdataset/release/images_augmentation\aug_1_images_3917.jpg,4
AMLdataset/release/images\images_3918.jpg,4
AMLdataset/release/images_augmentation\aug_0_images_3918.jpg,4
AMLdataset/release/images_augmentation\aug_1_images_3918.jpg,4
AMLdataset/release/images\images_3919.jpg,4
AMLdataset/release/images_augmentation\aug_0_images_3919.jpg,4
AMLdataset/release/images_augmentation\aug_1_images_3919.jpg,4
AMLdataset/release/images\images_3920.jpg,4
AMLdataset/release/images_augmentation\aug_0_images_3920.jpg,4
AMLdataset/release/images_augmentation\aug_1_images_3920.jpg,4
AMLdataset/release/images\images_3921.jpg,288
AMLdataset/release/images_augmentation\aug_0_images_3921.jpg,288
AMLdataset/release/images_augmentation\aug_1_images_3921.jpg,288
AMLdataset/release/images\images_3922.jpg,288
AMLdataset/release/images_augmentation\aug_0_images_3922.jpg,288
AMLdataset/release/images_augmentation\aug_1_images_3922.jpg,288
AMLdataset/release/images\images_3923.jpg,288
AMLdataset/release/images_augmentation\aug_0_images_3923.jpg,288
AMLdataset/release/images_augmentation\aug_1_images_3923.jpg,288
AMLdataset/release/images\images_3924.jpg,288
AMLdataset/release/images_augmentation\aug_0_images_3924.jpg,288
AMLdataset/release/images_augmentation\aug_1_images_3924.jpg,288
AMLdataset/release/images\images_3925.jpg,288
AMLdataset/release/images_augmentation\aug_0_images_3925.jpg,288
AMLdataset/release/images_augmentation\aug_1_images_3925.jpg,288
AMLdataset/release/images\images_3926.jpg,288
AMLdataset/release/images_augmentation\aug_0_images_3926.jpg,288
AMLdataset/release/images_augmentation\aug_1_images_3926.jpg,288
AMLdataset/release/images\images_3927.jpg,288
AMLdataset/release/images_augmentation\aug_0_images_3927.jpg,288
AMLdataset/release/images_augmentation\aug_1_images_3927.jpg,288
AMLdataset/release/images\images_3928.jpg,288
AMLdataset/release/images_augmentation\aug_0_images_3928.jpg,288
AMLdataset/release/images_augmentation\aug_1_images_3928.jpg,288
AMLdataset/release/images\images_3929.jpg,288
AMLdataset/release/images_augmentation\aug_0_images_3929.jpg,288
AMLdataset/release/images_augmentation\aug_1_images_3929.jpg,288
AMLdataset/release/images\images_3930.jpg,288
AMLdataset/release/images_augmentation\aug_0_images_3930.jpg,288
AMLdataset/release/images_augmentation\aug_1_images_3930.jpg,288
AMLdataset/release/images\images_3931.jpg,288
AMLdataset/release/images_augmentation\aug_0_images_3931.jpg,288
AMLdataset/release/images_augmentation\aug_1_images_3931.jpg,288
AMLdataset/release/images\images_3932.jpg,288
AMLdataset/release/images_augmentation\aug_0_images_3932.jpg,288
AMLdataset/release/images_augmentation\aug_1_images_3932.jpg,288
AMLdataset/release/images\images_3933.jpg,288
AMLdataset/release/images_augmentation\aug_0_images_3933.jpg,288
AMLdataset/release/images_augmentation\aug_1_images_3933.jpg,288
AMLdataset/release/images\images_3934.jpg,288
AMLdataset/release/images_augmentation\aug_0_images_3934.jpg,288
AMLdataset/release/images_augmentation\aug_1_images_3934.jpg,288
AMLdataset/release/images\images_3935.jpg,288
AMLdataset/release/images_augmentation\aug_0_images_3935.jpg,288
AMLdataset/release/images_augmentation\aug_1_images_3935.jpg,288
AMLdataset/release/images\images_3936.jpg,288
AMLdataset/release/images_augmentation\aug_0_images_3936.jpg,288
AMLdataset/release/images_augmentation\aug_1_images_3936.jpg,288
AMLdataset/release/images\images_3937.jpg,288
AMLdataset/release/images_augmentation\aug_0_images_3937.jpg,288
AMLdataset/release/images_augmentation\aug_1_images_3937.jpg,288
AMLdataset/release/images\images_3938.jpg,288
AMLdataset/release/images_augmentation\aug_0_images_3938.jpg,288
AMLdataset/release/images_augmentation\aug_1_images_3938.jpg,288
AMLdataset/release/images\images_3939.jpg,288
AMLdataset/release/images_augmentation\aug_0_images_3939.jpg,288
AMLdataset/release/images_augmentation\aug_1_images_3939.jpg,288
AMLdataset/release/images\images_3940.jpg,288
AMLdataset/release/images_augmentation\aug_0_images_3940.jpg,288
AMLdataset/release/images_augmentation\aug_1_images_3940.jpg,288
AMLdataset/release/images\images_3941.jpg,82
AMLdataset/release/images_augmentation\aug_0_images_3941.jpg,82
AMLdataset/release/images_augmentation\aug_1_images_3941.jpg,82
AMLdataset/release/images\images_3942.jpg,82
AMLdataset/release/images_augmentation\aug_0_images_3942.jpg,82
AMLdataset/release/images_augmentation\aug_1_images_3942.jpg,82
AMLdataset/release/images\images_3943.jpg,82
AMLdataset/release/images_augmentation\aug_0_images_3943.jpg,82
AMLdataset/release/images_augmentation\aug_1_images_3943.jpg,82
AMLdataset/release/images\images_3944.jpg,82
AMLdataset/release/images_augmentation\aug_0_images_3944.jpg,82
AMLdataset/release/images_augmentation\aug_1_images_3944.jpg,82
AMLdataset/release/images\images_3945.jpg,82
AMLdataset/release/images_augmentation\aug_0_images_3945.jpg,82
AMLdataset/release/images_augmentation\aug_1_images_3945.jpg,82
AMLdataset/release/images\images_3946.jpg,82
AMLdataset/release/images_augmentation\aug_0_images_3946.jpg,82
AMLdataset/release/images_augmentation\aug_1_images_3946.jpg,82
AMLdataset/release/images\images_3947.jpg,82
AMLdataset/release/images_augmentation\aug_0_images_3947.jpg,82
AMLdataset/release/images_augmentation\aug_1_images_3947.jpg,82
AMLdataset/release/images\images_3948.jpg,82
AMLdataset/release/images_augmentation\aug_0_images_3948.jpg,82
AMLdataset/release/images_augmentation\aug_1_images_3948.jpg,82
AMLdataset/release/images\images_3949.jpg,82
AMLdataset/release/images_augmentation\aug_0_images_3949.jpg,82
AMLdataset/release/images_augmentation\aug_1_images_3949.jpg,82
AMLdataset/release/images\images_3950.jpg,82
AMLdataset/release/images_augmentation\aug_0_images_3950.jpg,82
AMLdataset/release/images_augmentation\aug_1_images_3950.jpg,82
AMLdataset/release/images\images_3951.jpg,82
AMLdataset/release/images_augmentation\aug_0_images_3951.jpg,82
AMLdataset/release/images_augmentation\aug_1_images_3951.jpg,82
AMLdataset/release/images\images_3952.jpg,82
AMLdataset/release/images_augmentation\aug_0_images_3952.jpg,82
AMLdataset/release/images_augmentation\aug_1_images_3952.jpg,82
AMLdataset/release/images\images_3953.jpg,82
AMLdataset/release/images_augmentation\aug_0_images_3953.jpg,82
AMLdataset/release/images_augmentation\aug_1_images_3953.jpg,82
AMLdataset/release/images\images_3954.jpg,82
AMLdataset/release/images_augmentation\aug_0_images_3954.jpg,82
AMLdataset/release/images_augmentation\aug_1_images_3954.jpg,82
AMLdataset/release/images\images_3955.jpg,82
AMLdataset/release/images_augmentation\aug_0_images_3955.jpg,82
AMLdataset/release/images_augmentation\aug_1_images_3955.jpg,82
AMLdataset/release/images\images_3956.jpg,82
AMLdataset/release/images_augmentation\aug_0_images_3956.jpg,82
AMLdataset/release/images_augmentation\aug_1_images_3956.jpg,82
AMLdataset/release/images\images_3957.jpg,82
AMLdataset/release/images_augmentation\aug_0_images_3957.jpg,82
AMLdataset/release/images_augmentation\aug_1_images_3957.jpg,82
AMLdataset/release/images\images_3958.jpg,82
AMLdataset/release/images_augmentation\aug_0_images_3958.jpg,82
AMLdataset/release/images_augmentation\aug_1_images_3958.jpg,82
AMLdataset/release/images\images_3959.jpg,82
AMLdataset/release/images_augmentation\aug_0_images_3959.jpg,82
AMLdataset/release/images_augmentation\aug_1_images_3959.jpg,82
AMLdataset/release/images\images_3960.jpg,82
AMLdataset/release/images_augmentation\aug_0_images_3960.jpg,82
AMLdataset/release/images_augmentation\aug_1_images_3960.jpg,82
AMLdataset/release/images\images_3961.jpg,153
AMLdataset/release/images_augmentation\aug_0_images_3961.jpg,153
AMLdataset/release/images_augmentation\aug_1_images_3961.jpg,153
AMLdataset/release/images\images_3962.jpg,153
AMLdataset/release/images_augmentation\aug_0_images_3962.jpg,153
AMLdataset/release/images_augmentation\aug_1_images_3962.jpg,153
AMLdataset/release/images\images_3963.jpg,153
AMLdataset/release/images_augmentation\aug_0_images_3963.jpg,153
AMLdataset/release/images_augmentation\aug_1_images_3963.jpg,153
AMLdataset/release/images\images_3964.jpg,153
AMLdataset/release/images_augmentation\aug_0_images_3964.jpg,153
AMLdataset/release/images_augmentation\aug_1_images_3964.jpg,153
AMLdataset/release/images\images_3965.jpg,153
AMLdataset/release/images_augmentation\aug_0_images_3965.jpg,153
AMLdataset/release/images_augmentation\aug_1_images_3965.jpg,153
AMLdataset/release/images\images_3966.jpg,153
AMLdataset/release/images_augmentation\aug_0_images_3966.jpg,153
AMLdataset/release/images_augmentation\aug_1_images_3966.jpg,153
AMLdataset/release/images\images_3967.jpg,153
AMLdataset/release/images_augmentation\aug_0_images_3967.jpg,153
AMLdataset/release/images_augmentation\aug_1_images_3967.jpg,153
AMLdataset/release/images\images_3968.jpg,153
AMLdataset/release/images_augmentation\aug_0_images_3968.jpg,153
AMLdataset/release/images_augmentation\aug_1_images_3968.jpg,153
AMLdataset/release/images\images_3969.jpg,153
AMLdataset/release/images_augmentation\aug_0_images_3969.jpg,153
AMLdataset/release/images_augmentation\aug_1_images_3969.jpg,153
AMLdataset/release/images\images_3970.jpg,153
AMLdataset/release/images_augmentation\aug_0_images_3970.jpg,153
AMLdataset/release/images_augmentation\aug_1_images_3970.jpg,153
AMLdataset/release/images\images_3971.jpg,153
AMLdataset/release/images_augmentation\aug_0_images_3971.jpg,153
AMLdataset/release/images_augmentation\aug_1_images_3971.jpg,153
AMLdataset/release/images\images_3972.jpg,153
AMLdataset/release/images_augmentation\aug_0_images_3972.jpg,153
AMLdataset/release/images_augmentation\aug_1_images_3972.jpg,153
AMLdataset/release/images\images_3973.jpg,153
AMLdataset/release/images_augmentation\aug_0_images_3973.jpg,153
AMLdataset/release/images_augmentation\aug_1_images_3973.jpg,153
AMLdataset/release/images\images_3974.jpg,153
AMLdataset/release/images_augmentation\aug_0_images_3974.jpg,153
AMLdataset/release/images_augmentation\aug_1_images_3974.jpg,153
AMLdataset/release/images\images_3975.jpg,153
AMLdataset/release/images_augmentation\aug_0_images_3975.jpg,153
AMLdataset/release/images_augmentation\aug_1_images_3975.jpg,153
AMLdataset/release/images\images_3976.jpg,153
AMLdataset/release/images_augmentation\aug_0_images_3976.jpg,153
AMLdataset/release/images_augmentation\aug_1_images_3976.jpg,153
AMLdataset/release/images\images_3977.jpg,153
AMLdataset/release/images_augmentation\aug_0_images_3977.jpg,153
AMLdataset/release/images_augmentation\aug_1_images_3977.jpg,153
AMLdataset/release/images\images_3978.jpg,153
AMLdataset/release/images_augmentation\aug_0_images_3978.jpg,153
AMLdataset/release/images_augmentation\aug_1_images_3978.jpg,153
AMLdataset/release/images\images_3979.jpg,153
AMLdataset/release/images_augmentation\aug_0_images_3979.jpg,153
AMLdataset/release/images_augmentation\aug_1_images_3979.jpg,153
AMLdataset/release/images\images_3980.jpg,153
AMLdataset/release/images_augmentation\aug_0_images_3980.jpg,153
AMLdataset/release/images_augmentation\aug_1_images_3980.jpg,153
AMLdataset/release/images\images_3981.jpg,221
AMLdataset/release/images_augmentation\aug_0_images_3981.jpg,221
AMLdataset/release/images_augmentation\aug_1_images_3981.jpg,221
AMLdataset/release/images\images_3982.jpg,221
AMLdataset/release/images_augmentation\aug_0_images_3982.jpg,221
AMLdataset/release/images_augmentation\aug_1_images_3982.jpg,221
AMLdataset/release/images\images_3983.jpg,221
AMLdataset/release/images_augmentation\aug_0_images_3983.jpg,221
AMLdataset/release/images_augmentation\aug_1_images_3983.jpg,221
AMLdataset/release/images\images_3984.jpg,221
AMLdataset/release/images_augmentation\aug_0_images_3984.jpg,221
AMLdataset/release/images_augmentation\aug_1_images_3984.jpg,221
AMLdataset/release/images\images_3985.jpg,221
AMLdataset/release/images_augmentation\aug_0_images_3985.jpg,221
AMLdataset/release/images_augmentation\aug_1_images_3985.jpg,221
AMLdataset/release/images\images_3986.jpg,221
AMLdataset/release/images_augmentation\aug_0_images_3986.jpg,221
AMLdataset/release/images_augmentation\aug_1_images_3986.jpg,221
AMLdataset/release/images\images_3987.jpg,221
AMLdataset/release/images_augmentation\aug_0_images_3987.jpg,221
AMLdataset/release/images_augmentation\aug_1_images_3987.jpg,221
AMLdataset/release/images\images_3988.jpg,221
AMLdataset/release/images_augmentation\aug_0_images_3988.jpg,221
AMLdataset/release/images_augmentation\aug_1_images_3988.jpg,221
AMLdataset/release/images\images_3989.jpg,221
AMLdataset/release/images_augmentation\aug_0_images_3989.jpg,221
AMLdataset/release/images_augmentation\aug_1_images_3989.jpg,221
AMLdataset/release/images\images_3990.jpg,221
AMLdataset/release/images_augmentation\aug_0_images_3990.jpg,221
AMLdataset/release/images_augmentation\aug_1_images_3990.jpg,221
AMLdataset/release/images\images_3991.jpg,221
AMLdataset/release/images_augmentation\aug_0_images_3991.jpg,221
AMLdataset/release/images_augmentation\aug_1_images_3991.jpg,221
AMLdataset/release/images\images_3992.jpg,221
AMLdataset/release/images_augmentation\aug_0_images_3992.jpg,221
AMLdataset/release/images_augmentation\aug_1_images_3992.jpg,221
AMLdataset/release/images\images_3993.jpg,221
AMLdataset/release/images_augmentation\aug_0_images_3993.jpg,221
AMLdataset/release/images_augmentation\aug_1_images_3993.jpg,221
AMLdataset/release/images\images_3994.jpg,221
AMLdataset/release/images_augmentation\aug_0_images_3994.jpg,221
AMLdataset/release/images_augmentation\aug_1_images_3994.jpg,221
AMLdataset/release/images\images_3995.jpg,221
AMLdataset/release/images_augmentation\aug_0_images_3995.jpg,221
AMLdataset/release/images_augmentation\aug_1_images_3995.jpg,221
AMLdataset/release/images\images_3996.jpg,221
AMLdataset/release/images_augmentation\aug_0_images_3996.jpg,221
AMLdataset/release/images_augmentation\aug_1_images_3996.jpg,221
AMLdataset/release/images\images_3997.jpg,221
AMLdataset/release/images_augmentation\aug_0_images_3997.jpg,221
AMLdataset/release/images_augmentation\aug_1_images_3997.jpg,221
AMLdataset/release/images\images_3998.jpg,221
AMLdataset/release/images_augmentation\aug_0_images_3998.jpg,221
AMLdataset/release/images_augmentation\aug_1_images_3998.jpg,221
AMLdataset/release/images\images_3999.jpg,221
AMLdataset/release/images_augmentation\aug_0_images_3999.jpg,221
AMLdataset/release/images_augmentation\aug_1_images_3999.jpg,221
AMLdataset/release/images\images_4000.jpg,221
AMLdataset/release/images_augmentation\aug_0_images_4000.jpg,221
AMLdataset/release/images_augmentation\aug_1_images_4000.jpg,221
AMLdataset/release/images\images_4001.jpg,242
AMLdataset/release/images_augmentation\aug_0_images_4001.jpg,242
AMLdataset/release/images_augmentation\aug_1_images_4001.jpg,242
AMLdataset/release/images\images_4002.jpg,242
AMLdataset/release/images_augmentation\aug_0_images_4002.jpg,242
AMLdataset/release/images_augmentation\aug_1_images_4002.jpg,242
AMLdataset/release/images\images_4003.jpg,242
AMLdataset/release/images_augmentation\aug_0_images_4003.jpg,242
AMLdataset/release/images_augmentation\aug_1_images_4003.jpg,242
AMLdataset/release/images\images_4004.jpg,242
AMLdataset/release/images_augmentation\aug_0_images_4004.jpg,242
AMLdataset/release/images_augmentation\aug_1_images_4004.jpg,242
AMLdataset/release/images\images_4005.jpg,242
AMLdataset/release/images_augmentation\aug_0_images_4005.jpg,242
AMLdataset/release/images_augmentation\aug_1_images_4005.jpg,242
AMLdataset/release/images\images_4006.jpg,242
AMLdataset/release/images_augmentation\aug_0_images_4006.jpg,242
AMLdataset/release/images_augmentation\aug_1_images_4006.jpg,242
AMLdataset/release/images\images_4007.jpg,242
AMLdataset/release/images_augmentation\aug_0_images_4007.jpg,242
AMLdataset/release/images_augmentation\aug_1_images_4007.jpg,242
AMLdataset/release/images\images_4008.jpg,242
AMLdataset/release/images_augmentation\aug_0_images_4008.jpg,242
AMLdataset/release/images_augmentation\aug_1_images_4008.jpg,242
AMLdataset/release/images\images_4009.jpg,242
AMLdataset/release/images_augmentation\aug_0_images_4009.jpg,242
AMLdataset/release/images_augmentation\aug_1_images_4009.jpg,242
AMLdataset/release/images\images_4010.jpg,242
AMLdataset/release/images_augmentation\aug_0_images_4010.jpg,242
AMLdataset/release/images_augmentation\aug_1_images_4010.jpg,242
AMLdataset/release/images\images_4011.jpg,242
AMLdataset/release/images_augmentation\aug_0_images_4011.jpg,242
AMLdataset/release/images_augmentation\aug_1_images_4011.jpg,242
AMLdataset/release/images\images_4012.jpg,242
AMLdataset/release/images_augmentation\aug_0_images_4012.jpg,242
AMLdataset/release/images_augmentation\aug_1_images_4012.jpg,242
AMLdataset/release/images\images_4013.jpg,242
AMLdataset/release/images_augmentation\aug_0_images_4013.jpg,242
AMLdataset/release/images_augmentation\aug_1_images_4013.jpg,242
AMLdataset/release/images\images_4014.jpg,242
AMLdataset/release/images_augmentation\aug_0_images_4014.jpg,242
AMLdataset/release/images_augmentation\aug_1_images_4014.jpg,242
AMLdataset/release/images\images_4015.jpg,242
AMLdataset/release/images_augmentation\aug_0_images_4015.jpg,242
AMLdataset/release/images_augmentation\aug_1_images_4015.jpg,242
AMLdataset/release/images\images_4016.jpg,242
AMLdataset/release/images_augmentation\aug_0_images_4016.jpg,242
AMLdataset/release/images_augmentation\aug_1_images_4016.jpg,242
AMLdataset/release/images\images_4017.jpg,242
AMLdataset/release/images_augmentation\aug_0_images_4017.jpg,242
AMLdataset/release/images_augmentation\aug_1_images_4017.jpg,242
AMLdataset/release/images\images_4018.jpg,242
AMLdataset/release/images_augmentation\aug_0_images_4018.jpg,242
AMLdataset/release/images_augmentation\aug_1_images_4018.jpg,242
AMLdataset/release/images\images_4019.jpg,242
AMLdataset/release/images_augmentation\aug_0_images_4019.jpg,242
AMLdataset/release/images_augmentation\aug_1_images_4019.jpg,242
AMLdataset/release/images\images_4020.jpg,242
AMLdataset/release/images_augmentation\aug_0_images_4020.jpg,242
AMLdataset/release/images_augmentation\aug_1_images_4020.jpg,242
AMLdataset/release/images\images_4021.jpg,199
AMLdataset/release/images_augmentation\aug_0_images_4021.jpg,199
AMLdataset/release/images_augmentation\aug_1_images_4021.jpg,199
AMLdataset/release/images\images_4022.jpg,199
AMLdataset/release/images_augmentation\aug_0_images_4022.jpg,199
AMLdataset/release/images_augmentation\aug_1_images_4022.jpg,199
AMLdataset/release/images\images_4023.jpg,199
AMLdataset/release/images_augmentation\aug_0_images_4023.jpg,199
AMLdataset/release/images_augmentation\aug_1_images_4023.jpg,199
AMLdataset/release/images\images_4024.jpg,199
AMLdataset/release/images_augmentation\aug_0_images_4024.jpg,199
AMLdataset/release/images_augmentation\aug_1_images_4024.jpg,199
AMLdataset/release/images\images_4025.jpg,199
AMLdataset/release/images_augmentation\aug_0_images_4025.jpg,199
AMLdataset/release/images_augmentation\aug_1_images_4025.jpg,199
AMLdataset/release/images\images_4026.jpg,199
AMLdataset/release/images_augmentation\aug_0_images_4026.jpg,199
AMLdataset/release/images_augmentation\aug_1_images_4026.jpg,199
AMLdataset/release/images\images_4027.jpg,199
AMLdataset/release/images_augmentation\aug_0_images_4027.jpg,199
AMLdataset/release/images_augmentation\aug_1_images_4027.jpg,199
AMLdataset/release/images\images_4028.jpg,199
AMLdataset/release/images_augmentation\aug_0_images_4028.jpg,199
AMLdataset/release/images_augmentation\aug_1_images_4028.jpg,199
AMLdataset/release/images\images_4029.jpg,199
AMLdataset/release/images_augmentation\aug_0_images_4029.jpg,199
AMLdataset/release/images_augmentation\aug_1_images_4029.jpg,199
AMLdataset/release/images\images_4030.jpg,199
AMLdataset/release/images_augmentation\aug_0_images_4030.jpg,199
AMLdataset/release/images_augmentation\aug_1_images_4030.jpg,199
AMLdataset/release/images\images_4031.jpg,199
AMLdataset/release/images_augmentation\aug_0_images_4031.jpg,199
AMLdataset/release/images_augmentation\aug_1_images_4031.jpg,199
AMLdataset/release/images\images_4032.jpg,199
AMLdataset/release/images_augmentation\aug_0_images_4032.jpg,199
AMLdataset/release/images_augmentation\aug_1_images_4032.jpg,199
AMLdataset/release/images\images_4033.jpg,199
AMLdataset/release/images_augmentation\aug_0_images_4033.jpg,199
AMLdataset/release/images_augmentation\aug_1_images_4033.jpg,199
AMLdataset/release/images\images_4034.jpg,199
AMLdataset/release/images_augmentation\aug_0_images_4034.jpg,199
AMLdataset/release/images_augmentation\aug_1_images_4034.jpg,199
AMLdataset/release/images\images_4035.jpg,199
AMLdataset/release/images_augmentation\aug_0_images_4035.jpg,199
AMLdataset/release/images_augmentation\aug_1_images_4035.jpg,199
AMLdataset/release/images\images_4036.jpg,199
AMLdataset/release/images_augmentation\aug_0_images_4036.jpg,199
AMLdataset/release/images_augmentation\aug_1_images_4036.jpg,199
AMLdataset/release/images\images_4037.jpg,199
AMLdataset/release/images_augmentation\aug_0_images_4037.jpg,199
AMLdataset/release/images_augmentation\aug_1_images_4037.jpg,199
AMLdataset/release/images\images_4038.jpg,199
AMLdataset/release/images_augmentation\aug_0_images_4038.jpg,199
AMLdataset/release/images_augmentation\aug_1_images_4038.jpg,199
AMLdataset/release/images\images_4039.jpg,199
AMLdataset/release/images_augmentation\aug_0_images_4039.jpg,199
AMLdataset/release/images_augmentation\aug_1_images_4039.jpg,199
AMLdataset/release/images\images_4040.jpg,199
AMLdataset/release/images_augmentation\aug_0_images_4040.jpg,199
AMLdataset/release/images_augmentation\aug_1_images_4040.jpg,199
AMLdataset/release/images\images_4041.jpg,284
AMLdataset/release/images_augmentation\aug_0_images_4041.jpg,284
AMLdataset/release/images_augmentation\aug_1_images_4041.jpg,284
AMLdataset/release/images\images_4042.jpg,284
AMLdataset/release/images_augmentation\aug_0_images_4042.jpg,284
AMLdataset/release/images_augmentation\aug_1_images_4042.jpg,284
AMLdataset/release/images\images_4043.jpg,284
AMLdataset/release/images_augmentation\aug_0_images_4043.jpg,284
AMLdataset/release/images_augmentation\aug_1_images_4043.jpg,284
AMLdataset/release/images\images_4044.jpg,284
AMLdataset/release/images_augmentation\aug_0_images_4044.jpg,284
AMLdataset/release/images_augmentation\aug_1_images_4044.jpg,284
AMLdataset/release/images\images_4045.jpg,284
AMLdataset/release/images_augmentation\aug_0_images_4045.jpg,284
AMLdataset/release/images_augmentation\aug_1_images_4045.jpg,284
AMLdataset/release/images\images_4046.jpg,284
AMLdataset/release/images_augmentation\aug_0_images_4046.jpg,284
AMLdataset/release/images_augmentation\aug_1_images_4046.jpg,284
AMLdataset/release/images\images_4047.jpg,284
AMLdataset/release/images_augmentation\aug_0_images_4047.jpg,284
AMLdataset/release/images_augmentation\aug_1_images_4047.jpg,284
AMLdataset/release/images\images_4048.jpg,284
AMLdataset/release/images_augmentation\aug_0_images_4048.jpg,284
AMLdataset/release/images_augmentation\aug_1_images_4048.jpg,284
AMLdataset/release/images\images_4049.jpg,284
AMLdataset/release/images_augmentation\aug_0_images_4049.jpg,284
AMLdataset/release/images_augmentation\aug_1_images_4049.jpg,284
AMLdataset/release/images\images_4050.jpg,284
AMLdataset/release/images_augmentation\aug_0_images_4050.jpg,284
AMLdataset/release/images_augmentation\aug_1_images_4050.jpg,284
AMLdataset/release/images\images_4051.jpg,284
AMLdataset/release/images_augmentation\aug_0_images_4051.jpg,284
AMLdataset/release/images_augmentation\aug_1_images_4051.jpg,284
AMLdataset/release/images\images_4052.jpg,284
AMLdataset/release/images_augmentation\aug_0_images_4052.jpg,284
AMLdataset/release/images_augmentation\aug_1_images_4052.jpg,284
AMLdataset/release/images\images_4053.jpg,284
AMLdataset/release/images_augmentation\aug_0_images_4053.jpg,284
AMLdataset/release/images_augmentation\aug_1_images_4053.jpg,284
AMLdataset/release/images\images_4054.jpg,284
AMLdataset/release/images_augmentation\aug_0_images_4054.jpg,284
AMLdataset/release/images_augmentation\aug_1_images_4054.jpg,284
AMLdataset/release/images\images_4055.jpg,284
AMLdataset/release/images_augmentation\aug_0_images_4055.jpg,284
AMLdataset/release/images_augmentation\aug_1_images_4055.jpg,284
AMLdataset/release/images\images_4056.jpg,284
AMLdataset/release/images_augmentation\aug_0_images_4056.jpg,284
AMLdataset/release/images_augmentation\aug_1_images_4056.jpg,284
AMLdataset/release/images\images_4057.jpg,284
AMLdataset/release/images_augmentation\aug_0_images_4057.jpg,284
AMLdataset/release/images_augmentation\aug_1_images_4057.jpg,284
AMLdataset/release/images\images_4058.jpg,284
AMLdataset/release/images_augmentation\aug_0_images_4058.jpg,284
AMLdataset/release/images_augmentation\aug_1_images_4058.jpg,284
AMLdataset/release/images\images_4059.jpg,284
AMLdataset/release/images_augmentation\aug_0_images_4059.jpg,284
AMLdataset/release/images_augmentation\aug_1_images_4059.jpg,284
AMLdataset/release/images\images_4060.jpg,284
AMLdataset/release/images_augmentation\aug_0_images_4060.jpg,284
AMLdataset/release/images_augmentation\aug_1_images_4060.jpg,284
AMLdataset/release/images\images_4061.jpg,41
AMLdataset/release/images_augmentation\aug_0_images_4061.jpg,41
AMLdataset/release/images_augmentation\aug_1_images_4061.jpg,41
AMLdataset/release/images\images_4062.jpg,41
AMLdataset/release/images_augmentation\aug_0_images_4062.jpg,41
AMLdataset/release/images_augmentation\aug_1_images_4062.jpg,41
AMLdataset/release/images\images_4063.jpg,41
AMLdataset/release/images_augmentation\aug_0_images_4063.jpg,41
AMLdataset/release/images_augmentation\aug_1_images_4063.jpg,41
AMLdataset/release/images\images_4064.jpg,41
AMLdataset/release/images_augmentation\aug_0_images_4064.jpg,41
AMLdataset/release/images_augmentation\aug_1_images_4064.jpg,41
AMLdataset/release/images\images_4065.jpg,41
AMLdataset/release/images_augmentation\aug_0_images_4065.jpg,41
AMLdataset/release/images_augmentation\aug_1_images_4065.jpg,41
AMLdataset/release/images\images_4066.jpg,41
AMLdataset/release/images_augmentation\aug_0_images_4066.jpg,41
AMLdataset/release/images_augmentation\aug_1_images_4066.jpg,41
AMLdataset/release/images\images_4067.jpg,41
AMLdataset/release/images_augmentation\aug_0_images_4067.jpg,41
AMLdataset/release/images_augmentation\aug_1_images_4067.jpg,41
AMLdataset/release/images\images_4068.jpg,41
AMLdataset/release/images_augmentation\aug_0_images_4068.jpg,41
AMLdataset/release/images_augmentation\aug_1_images_4068.jpg,41
AMLdataset/release/images\images_4069.jpg,41
AMLdataset/release/images_augmentation\aug_0_images_4069.jpg,41
AMLdataset/release/images_augmentation\aug_1_images_4069.jpg,41
AMLdataset/release/images\images_4070.jpg,41
AMLdataset/release/images_augmentation\aug_0_images_4070.jpg,41
AMLdataset/release/images_augmentation\aug_1_images_4070.jpg,41
AMLdataset/release/images\images_4071.jpg,41
AMLdataset/release/images_augmentation\aug_0_images_4071.jpg,41
AMLdataset/release/images_augmentation\aug_1_images_4071.jpg,41
AMLdataset/release/images\images_4072.jpg,41
AMLdataset/release/images_augmentation\aug_0_images_4072.jpg,41
AMLdataset/release/images_augmentation\aug_1_images_4072.jpg,41
AMLdataset/release/images\images_4073.jpg,41
AMLdataset/release/images_augmentation\aug_0_images_4073.jpg,41
AMLdataset/release/images_augmentation\aug_1_images_4073.jpg,41
AMLdataset/release/images\images_4074.jpg,41
AMLdataset/release/images_augmentation\aug_0_images_4074.jpg,41
AMLdataset/release/images_augmentation\aug_1_images_4074.jpg,41
AMLdataset/release/images\images_4075.jpg,41
AMLdataset/release/images_augmentation\aug_0_images_4075.jpg,41
AMLdataset/release/images_augmentation\aug_1_images_4075.jpg,41
AMLdataset/release/images\images_4076.jpg,41
AMLdataset/release/images_augmentation\aug_0_images_4076.jpg,41
AMLdataset/release/images_augmentation\aug_1_images_4076.jpg,41
AMLdataset/release/images\images_4077.jpg,41
AMLdataset/release/images_augmentation\aug_0_images_4077.jpg,41
AMLdataset/release/images_augmentation\aug_1_images_4077.jpg,41
AMLdataset/release/images\images_4078.jpg,41
AMLdataset/release/images_augmentation\aug_0_images_4078.jpg,41
AMLdataset/release/images_augmentation\aug_1_images_4078.jpg,41
AMLdataset/release/images\images_4079.jpg,41
AMLdataset/release/images_augmentation\aug_0_images_4079.jpg,41
AMLdataset/release/images_augmentation\aug_1_images_4079.jpg,41
AMLdataset/release/images\images_4080.jpg,41
AMLdataset/release/images_augmentation\aug_0_images_4080.jpg,41
AMLdataset/release/images_augmentation\aug_1_images_4080.jpg,41
AMLdataset/release/images\images_4081.jpg,341
AMLdataset/release/images_augmentation\aug_0_images_4081.jpg,341
AMLdataset/release/images_augmentation\aug_1_images_4081.jpg,341
AMLdataset/release/images\images_4082.jpg,341
AMLdataset/release/images_augmentation\aug_0_images_4082.jpg,341
AMLdataset/release/images_augmentation\aug_1_images_4082.jpg,341
AMLdataset/release/images\images_4083.jpg,341
AMLdataset/release/images_augmentation\aug_0_images_4083.jpg,341
AMLdataset/release/images_augmentation\aug_1_images_4083.jpg,341
AMLdataset/release/images\images_4084.jpg,341
AMLdataset/release/images_augmentation\aug_0_images_4084.jpg,341
AMLdataset/release/images_augmentation\aug_1_images_4084.jpg,341
AMLdataset/release/images\images_4085.jpg,341
AMLdataset/release/images_augmentation\aug_0_images_4085.jpg,341
AMLdataset/release/images_augmentation\aug_1_images_4085.jpg,341
AMLdataset/release/images\images_4086.jpg,341
AMLdataset/release/images_augmentation\aug_0_images_4086.jpg,341
AMLdataset/release/images_augmentation\aug_1_images_4086.jpg,341
AMLdataset/release/images\images_4087.jpg,341
AMLdataset/release/images_augmentation\aug_0_images_4087.jpg,341
AMLdataset/release/images_augmentation\aug_1_images_4087.jpg,341
AMLdataset/release/images\images_4088.jpg,341
AMLdataset/release/images_augmentation\aug_0_images_4088.jpg,341
AMLdataset/release/images_augmentation\aug_1_images_4088.jpg,341
AMLdataset/release/images\images_4089.jpg,341
AMLdataset/release/images_augmentation\aug_0_images_4089.jpg,341
AMLdataset/release/images_augmentation\aug_1_images_4089.jpg,341
AMLdataset/release/images\images_4090.jpg,341
AMLdataset/release/images_augmentation\aug_0_images_4090.jpg,341
AMLdataset/release/images_augmentation\aug_1_images_4090.jpg,341
AMLdataset/release/images\images_4091.jpg,341
AMLdataset/release/images_augmentation\aug_0_images_4091.jpg,341
AMLdataset/release/images_augmentation\aug_1_images_4091.jpg,341
AMLdataset/release/images\images_4092.jpg,341
AMLdataset/release/images_augmentation\aug_0_images_4092.jpg,341
AMLdataset/release/images_augmentation\aug_1_images_4092.jpg,341
AMLdataset/release/images\images_4093.jpg,341
AMLdataset/release/images_augmentation\aug_0_images_4093.jpg,341
AMLdataset/release/images_augmentation\aug_1_images_4093.jpg,341
AMLdataset/release/images\images_4094.jpg,341
AMLdataset/release/images_augmentation\aug_0_images_4094.jpg,341
AMLdataset/release/images_augmentation\aug_1_images_4094.jpg,341
AMLdataset/release/images\images_4095.jpg,341
AMLdataset/release/images_augmentation\aug_0_images_4095.jpg,341
AMLdataset/release/images_augmentation\aug_1_images_4095.jpg,341
AMLdataset/release/images\images_4096.jpg,341
AMLdataset/release/images_augmentation\aug_0_images_4096.jpg,341
AMLdataset/release/images_augmentation\aug_1_images_4096.jpg,341
AMLdataset/release/images\images_4097.jpg,341
AMLdataset/release/images_augmentation\aug_0_images_4097.jpg,341
AMLdataset/release/images_augmentation\aug_1_images_4097.jpg,341
AMLdataset/release/images\images_4098.jpg,341
AMLdataset/release/images_augmentation\aug_0_images_4098.jpg,341
AMLdataset/release/images_augmentation\aug_1_images_4098.jpg,341
AMLdataset/release/images\images_4099.jpg,341
AMLdataset/release/images_augmentation\aug_0_images_4099.jpg,341
AMLdataset/release/images_augmentation\aug_1_images_4099.jpg,341
AMLdataset/release/images\images_4100.jpg,341
AMLdataset/release/images_augmentation\aug_0_images_4100.jpg,341
AMLdataset/release/images_augmentation\aug_1_images_4100.jpg,341
AMLdataset/release/images\images_4101.jpg,95
AMLdataset/release/images_augmentation\aug_0_images_4101.jpg,95
AMLdataset/release/images_augmentation\aug_1_images_4101.jpg,95
AMLdataset/release/images\images_4102.jpg,95
AMLdataset/release/images_augmentation\aug_0_images_4102.jpg,95
AMLdataset/release/images_augmentation\aug_1_images_4102.jpg,95
AMLdataset/release/images\images_4103.jpg,95
AMLdataset/release/images_augmentation\aug_0_images_4103.jpg,95
AMLdataset/release/images_augmentation\aug_1_images_4103.jpg,95
AMLdataset/release/images\images_4104.jpg,95
AMLdataset/release/images_augmentation\aug_0_images_4104.jpg,95
AMLdataset/release/images_augmentation\aug_1_images_4104.jpg,95
AMLdataset/release/images\images_4105.jpg,95
AMLdataset/release/images_augmentation\aug_0_images_4105.jpg,95
AMLdataset/release/images_augmentation\aug_1_images_4105.jpg,95
AMLdataset/release/images\images_4106.jpg,95
AMLdataset/release/images_augmentation\aug_0_images_4106.jpg,95
AMLdataset/release/images_augmentation\aug_1_images_4106.jpg,95
AMLdataset/release/images\images_4107.jpg,95
AMLdataset/release/images_augmentation\aug_0_images_4107.jpg,95
AMLdataset/release/images_augmentation\aug_1_images_4107.jpg,95
AMLdataset/release/images\images_4108.jpg,95
AMLdataset/release/images_augmentation\aug_0_images_4108.jpg,95
AMLdataset/release/images_augmentation\aug_1_images_4108.jpg,95
AMLdataset/release/images\images_4109.jpg,95
AMLdataset/release/images_augmentation\aug_0_images_4109.jpg,95
AMLdataset/release/images_augmentation\aug_1_images_4109.jpg,95
AMLdataset/release/images\images_4110.jpg,95
AMLdataset/release/images_augmentation\aug_0_images_4110.jpg,95
AMLdataset/release/images_augmentation\aug_1_images_4110.jpg,95
AMLdataset/release/images\images_4111.jpg,95
AMLdataset/release/images_augmentation\aug_0_images_4111.jpg,95
AMLdataset/release/images_augmentation\aug_1_images_4111.jpg,95
AMLdataset/release/images\images_4112.jpg,95
AMLdataset/release/images_augmentation\aug_0_images_4112.jpg,95
AMLdataset/release/images_augmentation\aug_1_images_4112.jpg,95
AMLdataset/release/images\images_4113.jpg,95
AMLdataset/release/images_augmentation\aug_0_images_4113.jpg,95
AMLdataset/release/images_augmentation\aug_1_images_4113.jpg,95
AMLdataset/release/images\images_4114.jpg,95
AMLdataset/release/images_augmentation\aug_0_images_4114.jpg,95
AMLdataset/release/images_augmentation\aug_1_images_4114.jpg,95
AMLdataset/release/images\images_4115.jpg,95
AMLdataset/release/images_augmentation\aug_0_images_4115.jpg,95
AMLdataset/release/images_augmentation\aug_1_images_4115.jpg,95
AMLdataset/release/images\images_4116.jpg,95
AMLdataset/release/images_augmentation\aug_0_images_4116.jpg,95
AMLdataset/release/images_augmentation\aug_1_images_4116.jpg,95
AMLdataset/release/images\images_4117.jpg,95
AMLdataset/release/images_augmentation\aug_0_images_4117.jpg,95
AMLdataset/release/images_augmentation\aug_1_images_4117.jpg,95
AMLdataset/release/images\images_4118.jpg,95
AMLdataset/release/images_augmentation\aug_0_images_4118.jpg,95
AMLdataset/release/images_augmentation\aug_1_images_4118.jpg,95
AMLdataset/release/images\images_4119.jpg,95
AMLdataset/release/images_augmentation\aug_0_images_4119.jpg,95
AMLdataset/release/images_augmentation\aug_1_images_4119.jpg,95
AMLdataset/release/images\images_4120.jpg,95
AMLdataset/release/images_augmentation\aug_0_images_4120.jpg,95
AMLdataset/release/images_augmentation\aug_1_images_4120.jpg,95
AMLdataset/release/images\images_4121.jpg,254
AMLdataset/release/images_augmentation\aug_0_images_4121.jpg,254
AMLdataset/release/images_augmentation\aug_1_images_4121.jpg,254
AMLdataset/release/images\images_4122.jpg,254
AMLdataset/release/images_augmentation\aug_0_images_4122.jpg,254
AMLdataset/release/images_augmentation\aug_1_images_4122.jpg,254
AMLdataset/release/images\images_4123.jpg,254
AMLdataset/release/images_augmentation\aug_0_images_4123.jpg,254
AMLdataset/release/images_augmentation\aug_1_images_4123.jpg,254
AMLdataset/release/images\images_4124.jpg,254
AMLdataset/release/images_augmentation\aug_0_images_4124.jpg,254
AMLdataset/release/images_augmentation\aug_1_images_4124.jpg,254
AMLdataset/release/images\images_4125.jpg,254
AMLdataset/release/images_augmentation\aug_0_images_4125.jpg,254
AMLdataset/release/images_augmentation\aug_1_images_4125.jpg,254
AMLdataset/release/images\images_4126.jpg,254
AMLdataset/release/images_augmentation\aug_0_images_4126.jpg,254
AMLdataset/release/images_augmentation\aug_1_images_4126.jpg,254
AMLdataset/release/images\images_4127.jpg,254
AMLdataset/release/images_augmentation\aug_0_images_4127.jpg,254
AMLdataset/release/images_augmentation\aug_1_images_4127.jpg,254
AMLdataset/release/images\images_4128.jpg,254
AMLdataset/release/images_augmentation\aug_0_images_4128.jpg,254
AMLdataset/release/images_augmentation\aug_1_images_4128.jpg,254
AMLdataset/release/images\images_4129.jpg,254
AMLdataset/release/images_augmentation\aug_0_images_4129.jpg,254
AMLdataset/release/images_augmentation\aug_1_images_4129.jpg,254
AMLdataset/release/images\images_4130.jpg,254
AMLdataset/release/images_augmentation\aug_0_images_4130.jpg,254
AMLdataset/release/images_augmentation\aug_1_images_4130.jpg,254
AMLdataset/release/images\images_4131.jpg,254
AMLdataset/release/images_augmentation\aug_0_images_4131.jpg,254
AMLdataset/release/images_augmentation\aug_1_images_4131.jpg,254
AMLdataset/release/images\images_4132.jpg,254
AMLdataset/release/images_augmentation\aug_0_images_4132.jpg,254
AMLdataset/release/images_augmentation\aug_1_images_4132.jpg,254
AMLdataset/release/images\images_4133.jpg,254
AMLdataset/release/images_augmentation\aug_0_images_4133.jpg,254
AMLdataset/release/images_augmentation\aug_1_images_4133.jpg,254
AMLdataset/release/images\images_4134.jpg,254
AMLdataset/release/images_augmentation\aug_0_images_4134.jpg,254
AMLdataset/release/images_augmentation\aug_1_images_4134.jpg,254
AMLdataset/release/images\images_4135.jpg,254
AMLdataset/release/images_augmentation\aug_0_images_4135.jpg,254
AMLdataset/release/images_augmentation\aug_1_images_4135.jpg,254
AMLdataset/release/images\images_4136.jpg,254
AMLdataset/release/images_augmentation\aug_0_images_4136.jpg,254
AMLdataset/release/images_augmentation\aug_1_images_4136.jpg,254
AMLdataset/release/images\images_4137.jpg,254
AMLdataset/release/images_augmentation\aug_0_images_4137.jpg,254
AMLdataset/release/images_augmentation\aug_1_images_4137.jpg,254
AMLdataset/release/images\images_4138.jpg,254
AMLdataset/release/images_augmentation\aug_0_images_4138.jpg,254
AMLdataset/release/images_augmentation\aug_1_images_4138.jpg,254
AMLdataset/release/images\images_4139.jpg,254
AMLdataset/release/images_augmentation\aug_0_images_4139.jpg,254
AMLdataset/release/images_augmentation\aug_1_images_4139.jpg,254
AMLdataset/release/images\images_4140.jpg,254
AMLdataset/release/images_augmentation\aug_0_images_4140.jpg,254
AMLdataset/release/images_augmentation\aug_1_images_4140.jpg,254
AMLdataset/release/images\images_4141.jpg,50
AMLdataset/release/images_augmentation\aug_0_images_4141.jpg,50
AMLdataset/release/images_augmentation\aug_1_images_4141.jpg,50
AMLdataset/release/images\images_4142.jpg,50
AMLdataset/release/images_augmentation\aug_0_images_4142.jpg,50
AMLdataset/release/images_augmentation\aug_1_images_4142.jpg,50
AMLdataset/release/images\images_4143.jpg,50
AMLdataset/release/images_augmentation\aug_0_images_4143.jpg,50
AMLdataset/release/images_augmentation\aug_1_images_4143.jpg,50
AMLdataset/release/images\images_4144.jpg,50
AMLdataset/release/images_augmentation\aug_0_images_4144.jpg,50
AMLdataset/release/images_augmentation\aug_1_images_4144.jpg,50
AMLdataset/release/images\images_4145.jpg,50
AMLdataset/release/images_augmentation\aug_0_images_4145.jpg,50
AMLdataset/release/images_augmentation\aug_1_images_4145.jpg,50
AMLdataset/release/images\images_4146.jpg,50
AMLdataset/release/images_augmentation\aug_0_images_4146.jpg,50
AMLdataset/release/images_augmentation\aug_1_images_4146.jpg,50
AMLdataset/release/images\images_4147.jpg,50
AMLdataset/release/images_augmentation\aug_0_images_4147.jpg,50
AMLdataset/release/images_augmentation\aug_1_images_4147.jpg,50
AMLdataset/release/images\images_4148.jpg,50
AMLdataset/release/images_augmentation\aug_0_images_4148.jpg,50
AMLdataset/release/images_augmentation\aug_1_images_4148.jpg,50
AMLdataset/release/images\images_4149.jpg,50
AMLdataset/release/images_augmentation\aug_0_images_4149.jpg,50
AMLdataset/release/images_augmentation\aug_1_images_4149.jpg,50
AMLdataset/release/images\images_4150.jpg,50
AMLdataset/release/images_augmentation\aug_0_images_4150.jpg,50
AMLdataset/release/images_augmentation\aug_1_images_4150.jpg,50
AMLdataset/release/images\images_4151.jpg,50
AMLdataset/release/images_augmentation\aug_0_images_4151.jpg,50
AMLdataset/release/images_augmentation\aug_1_images_4151.jpg,50
AMLdataset/release/images\images_4152.jpg,50
AMLdataset/release/images_augmentation\aug_0_images_4152.jpg,50
AMLdataset/release/images_augmentation\aug_1_images_4152.jpg,50
AMLdataset/release/images\images_4153.jpg,50
AMLdataset/release/images_augmentation\aug_0_images_4153.jpg,50
AMLdataset/release/images_augmentation\aug_1_images_4153.jpg,50
AMLdataset/release/images\images_4154.jpg,50
AMLdataset/release/images_augmentation\aug_0_images_4154.jpg,50
AMLdataset/release/images_augmentation\aug_1_images_4154.jpg,50
AMLdataset/release/images\images_4155.jpg,50
AMLdataset/release/images_augmentation\aug_0_images_4155.jpg,50
AMLdataset/release/images_augmentation\aug_1_images_4155.jpg,50
AMLdataset/release/images\images_4156.jpg,50
AMLdataset/release/images_augmentation\aug_0_images_4156.jpg,50
AMLdataset/release/images_augmentation\aug_1_images_4156.jpg,50
AMLdataset/release/images\images_4157.jpg,50
AMLdataset/release/images_augmentation\aug_0_images_4157.jpg,50
AMLdataset/release/images_augmentation\aug_1_images_4157.jpg,50
AMLdataset/release/images\images_4158.jpg,50
AMLdataset/release/images_augmentation\aug_0_images_4158.jpg,50
AMLdataset/release/images_augmentation\aug_1_images_4158.jpg,50
AMLdataset/release/images\images_4159.jpg,50
AMLdataset/release/images_augmentation\aug_0_images_4159.jpg,50
AMLdataset/release/images_augmentation\aug_1_images_4159.jpg,50
AMLdataset/release/images\images_4160.jpg,50
AMLdataset/release/images_augmentation\aug_0_images_4160.jpg,50
AMLdataset/release/images_augmentation\aug_1_images_4160.jpg,50
AMLdataset/release/images\images_4161.jpg,155
AMLdataset/release/images_augmentation\aug_0_images_4161.jpg,155
AMLdataset/release/images_augmentation\aug_1_images_4161.jpg,155
AMLdataset/release/images\images_4162.jpg,155
AMLdataset/release/images_augmentation\aug_0_images_4162.jpg,155
AMLdataset/release/images_augmentation\aug_1_images_4162.jpg,155
AMLdataset/release/images\images_4163.jpg,155
AMLdataset/release/images_augmentation\aug_0_images_4163.jpg,155
AMLdataset/release/images_augmentation\aug_1_images_4163.jpg,155
AMLdataset/release/images\images_4164.jpg,155
AMLdataset/release/images_augmentation\aug_0_images_4164.jpg,155
AMLdataset/release/images_augmentation\aug_1_images_4164.jpg,155
AMLdataset/release/images\images_4165.jpg,155
AMLdataset/release/images_augmentation\aug_0_images_4165.jpg,155
AMLdataset/release/images_augmentation\aug_1_images_4165.jpg,155
AMLdataset/release/images\images_4166.jpg,155
AMLdataset/release/images_augmentation\aug_0_images_4166.jpg,155
AMLdataset/release/images_augmentation\aug_1_images_4166.jpg,155
AMLdataset/release/images\images_4167.jpg,155
AMLdataset/release/images_augmentation\aug_0_images_4167.jpg,155
AMLdataset/release/images_augmentation\aug_1_images_4167.jpg,155
AMLdataset/release/images\images_4168.jpg,155
AMLdataset/release/images_augmentation\aug_0_images_4168.jpg,155
AMLdataset/release/images_augmentation\aug_1_images_4168.jpg,155
AMLdataset/release/images\images_4169.jpg,155
AMLdataset/release/images_augmentation\aug_0_images_4169.jpg,155
AMLdataset/release/images_augmentation\aug_1_images_4169.jpg,155
AMLdataset/release/images\images_4170.jpg,155
AMLdataset/release/images_augmentation\aug_0_images_4170.jpg,155
AMLdataset/release/images_augmentation\aug_1_images_4170.jpg,155
AMLdataset/release/images\images_4171.jpg,155
AMLdataset/release/images_augmentation\aug_0_images_4171.jpg,155
AMLdataset/release/images_augmentation\aug_1_images_4171.jpg,155
AMLdataset/release/images\images_4172.jpg,155
AMLdataset/release/images_augmentation\aug_0_images_4172.jpg,155
AMLdataset/release/images_augmentation\aug_1_images_4172.jpg,155
AMLdataset/release/images\images_4173.jpg,155
AMLdataset/release/images_augmentation\aug_0_images_4173.jpg,155
AMLdataset/release/images_augmentation\aug_1_images_4173.jpg,155
AMLdataset/release/images\images_4174.jpg,155
AMLdataset/release/images_augmentation\aug_0_images_4174.jpg,155
AMLdataset/release/images_augmentation\aug_1_images_4174.jpg,155
AMLdataset/release/images\images_4175.jpg,155
AMLdataset/release/images_augmentation\aug_0_images_4175.jpg,155
AMLdataset/release/images_augmentation\aug_1_images_4175.jpg,155
AMLdataset/release/images\images_4176.jpg,155
AMLdataset/release/images_augmentation\aug_0_images_4176.jpg,155
AMLdataset/release/images_augmentation\aug_1_images_4176.jpg,155
AMLdataset/release/images\images_4177.jpg,155
AMLdataset/release/images_augmentation\aug_0_images_4177.jpg,155
AMLdataset/release/images_augmentation\aug_1_images_4177.jpg,155
AMLdataset/release/images\images_4178.jpg,155
AMLdataset/release/images_augmentation\aug_0_images_4178.jpg,155
AMLdataset/release/images_augmentation\aug_1_images_4178.jpg,155
AMLdataset/release/images\images_4179.jpg,155
AMLdataset/release/images_augmentation\aug_0_images_4179.jpg,155
AMLdataset/release/images_augmentation\aug_1_images_4179.jpg,155
AMLdataset/release/images\images_4180.jpg,155
AMLdataset/release/images_augmentation\aug_0_images_4180.jpg,155
AMLdataset/release/images_augmentation\aug_1_images_4180.jpg,155
AMLdataset/release/images\images_4181.jpg,339
AMLdataset/release/images_augmentation\aug_0_images_4181.jpg,339
AMLdataset/release/images_augmentation\aug_1_images_4181.jpg,339
AMLdataset/release/images\images_4182.jpg,339
AMLdataset/release/images_augmentation\aug_0_images_4182.jpg,339
AMLdataset/release/images_augmentation\aug_1_images_4182.jpg,339
AMLdataset/release/images\images_4183.jpg,339
AMLdataset/release/images_augmentation\aug_0_images_4183.jpg,339
AMLdataset/release/images_augmentation\aug_1_images_4183.jpg,339
AMLdataset/release/images\images_4184.jpg,339
AMLdataset/release/images_augmentation\aug_0_images_4184.jpg,339
AMLdataset/release/images_augmentation\aug_1_images_4184.jpg,339
AMLdataset/release/images\images_4185.jpg,339
AMLdataset/release/images_augmentation\aug_0_images_4185.jpg,339
AMLdataset/release/images_augmentation\aug_1_images_4185.jpg,339
AMLdataset/release/images\images_4186.jpg,339
AMLdataset/release/images_augmentation\aug_0_images_4186.jpg,339
AMLdataset/release/images_augmentation\aug_1_images_4186.jpg,339
AMLdataset/release/images\images_4187.jpg,339
AMLdataset/release/images_augmentation\aug_0_images_4187.jpg,339
AMLdataset/release/images_augmentation\aug_1_images_4187.jpg,339
AMLdataset/release/images\images_4188.jpg,339
AMLdataset/release/images_augmentation\aug_0_images_4188.jpg,339
AMLdataset/release/images_augmentation\aug_1_images_4188.jpg,339
AMLdataset/release/images\images_4189.jpg,339
AMLdataset/release/images_augmentation\aug_0_images_4189.jpg,339
AMLdataset/release/images_augmentation\aug_1_images_4189.jpg,339
AMLdataset/release/images\images_4190.jpg,339
AMLdataset/release/images_augmentation\aug_0_images_4190.jpg,339
AMLdataset/release/images_augmentation\aug_1_images_4190.jpg,339
AMLdataset/release/images\images_4191.jpg,339
AMLdataset/release/images_augmentation\aug_0_images_4191.jpg,339
AMLdataset/release/images_augmentation\aug_1_images_4191.jpg,339
AMLdataset/release/images\images_4192.jpg,339
AMLdataset/release/images_augmentation\aug_0_images_4192.jpg,339
AMLdataset/release/images_augmentation\aug_1_images_4192.jpg,339
AMLdataset/release/images\images_4193.jpg,339
AMLdataset/release/images_augmentation\aug_0_images_4193.jpg,339
AMLdataset/release/images_augmentation\aug_1_images_4193.jpg,339
AMLdataset/release/images\images_4194.jpg,339
AMLdataset/release/images_augmentation\aug_0_images_4194.jpg,339
AMLdataset/release/images_augmentation\aug_1_images_4194.jpg,339
AMLdataset/release/images\images_4195.jpg,339
AMLdataset/release/images_augmentation\aug_0_images_4195.jpg,339
AMLdataset/release/images_augmentation\aug_1_images_4195.jpg,339
AMLdataset/release/images\images_4196.jpg,339
AMLdataset/release/images_augmentation\aug_0_images_4196.jpg,339
AMLdataset/release/images_augmentation\aug_1_images_4196.jpg,339
AMLdataset/release/images\images_4197.jpg,339
AMLdataset/release/images_augmentation\aug_0_images_4197.jpg,339
AMLdataset/release/images_augmentation\aug_1_images_4197.jpg,339
AMLdataset/release/images\images_4198.jpg,339
AMLdataset/release/images_augmentation\aug_0_images_4198.jpg,339
AMLdataset/release/images_augmentation\aug_1_images_4198.jpg,339
AMLdataset/release/images\images_4199.jpg,339
AMLdataset/release/images_augmentation\aug_0_images_4199.jpg,339
AMLdataset/release/images_augmentation\aug_1_images_4199.jpg,339
AMLdataset/release/images\images_4200.jpg,339
AMLdataset/release/images_augmentation\aug_0_images_4200.jpg,339
AMLdataset/release/images_augmentation\aug_1_images_4200.jpg,339
AMLdataset/release/images\images_4201.jpg,163
AMLdataset/release/images_augmentation\aug_0_images_4201.jpg,163
AMLdataset/release/images_augmentation\aug_1_images_4201.jpg,163
AMLdataset/release/images\images_4202.jpg,163
AMLdataset/release/images_augmentation\aug_0_images_4202.jpg,163
AMLdataset/release/images_augmentation\aug_1_images_4202.jpg,163
AMLdataset/release/images\images_4203.jpg,163
AMLdataset/release/images_augmentation\aug_0_images_4203.jpg,163
AMLdataset/release/images_augmentation\aug_1_images_4203.jpg,163
AMLdataset/release/images\images_4204.jpg,163
AMLdataset/release/images_augmentation\aug_0_images_4204.jpg,163
AMLdataset/release/images_augmentation\aug_1_images_4204.jpg,163
AMLdataset/release/images\images_4205.jpg,163
AMLdataset/release/images_augmentation\aug_0_images_4205.jpg,163
AMLdataset/release/images_augmentation\aug_1_images_4205.jpg,163
AMLdataset/release/images\images_4206.jpg,163
AMLdataset/release/images_augmentation\aug_0_images_4206.jpg,163
AMLdataset/release/images_augmentation\aug_1_images_4206.jpg,163
AMLdataset/release/images\images_4207.jpg,163
AMLdataset/release/images_augmentation\aug_0_images_4207.jpg,163
AMLdataset/release/images_augmentation\aug_1_images_4207.jpg,163
AMLdataset/release/images\images_4208.jpg,163
AMLdataset/release/images_augmentation\aug_0_images_4208.jpg,163
AMLdataset/release/images_augmentation\aug_1_images_4208.jpg,163
AMLdataset/release/images\images_4209.jpg,163
AMLdataset/release/images_augmentation\aug_0_images_4209.jpg,163
AMLdataset/release/images_augmentation\aug_1_images_4209.jpg,163
AMLdataset/release/images\images_4210.jpg,163
AMLdataset/release/images_augmentation\aug_0_images_4210.jpg,163
AMLdataset/release/images_augmentation\aug_1_images_4210.jpg,163
AMLdataset/release/images\images_4211.jpg,163
AMLdataset/release/images_augmentation\aug_0_images_4211.jpg,163
AMLdataset/release/images_augmentation\aug_1_images_4211.jpg,163
AMLdataset/release/images\images_4212.jpg,163
AMLdataset/release/images_augmentation\aug_0_images_4212.jpg,163
AMLdataset/release/images_augmentation\aug_1_images_4212.jpg,163
AMLdataset/release/images\images_4213.jpg,163
AMLdataset/release/images_augmentation\aug_0_images_4213.jpg,163
AMLdataset/release/images_augmentation\aug_1_images_4213.jpg,163
AMLdataset/release/images\images_4214.jpg,163
AMLdataset/release/images_augmentation\aug_0_images_4214.jpg,163
AMLdataset/release/images_augmentation\aug_1_images_4214.jpg,163
AMLdataset/release/images\images_4215.jpg,163
AMLdataset/release/images_augmentation\aug_0_images_4215.jpg,163
AMLdataset/release/images_augmentation\aug_1_images_4215.jpg,163
AMLdataset/release/images\images_4216.jpg,163
AMLdataset/release/images_augmentation\aug_0_images_4216.jpg,163
AMLdataset/release/images_augmentation\aug_1_images_4216.jpg,163
AMLdataset/release/images\images_4217.jpg,163
AMLdataset/release/images_augmentation\aug_0_images_4217.jpg,163
AMLdataset/release/images_augmentation\aug_1_images_4217.jpg,163
AMLdataset/release/images\images_4218.jpg,163
AMLdataset/release/images_augmentation\aug_0_images_4218.jpg,163
AMLdataset/release/images_augmentation\aug_1_images_4218.jpg,163
AMLdataset/release/images\images_4219.jpg,163
AMLdataset/release/images_augmentation\aug_0_images_4219.jpg,163
AMLdataset/release/images_augmentation\aug_1_images_4219.jpg,163
AMLdataset/release/images\images_4220.jpg,163
AMLdataset/release/images_augmentation\aug_0_images_4220.jpg,163
AMLdataset/release/images_augmentation\aug_1_images_4220.jpg,163
AMLdataset/release/images\images_4221.jpg,76
AMLdataset/release/images_augmentation\aug_0_images_4221.jpg,76
AMLdataset/release/images_augmentation\aug_1_images_4221.jpg,76
AMLdataset/release/images\images_4222.jpg,76
AMLdataset/release/images_augmentation\aug_0_images_4222.jpg,76
AMLdataset/release/images_augmentation\aug_1_images_4222.jpg,76
AMLdataset/release/images\images_4223.jpg,76
AMLdataset/release/images_augmentation\aug_0_images_4223.jpg,76
AMLdataset/release/images_augmentation\aug_1_images_4223.jpg,76
AMLdataset/release/images\images_4224.jpg,76
AMLdataset/release/images_augmentation\aug_0_images_4224.jpg,76
AMLdataset/release/images_augmentation\aug_1_images_4224.jpg,76
AMLdataset/release/images\images_4225.jpg,76
AMLdataset/release/images_augmentation\aug_0_images_4225.jpg,76
AMLdataset/release/images_augmentation\aug_1_images_4225.jpg,76
AMLdataset/release/images\images_4226.jpg,76
AMLdataset/release/images_augmentation\aug_0_images_4226.jpg,76
AMLdataset/release/images_augmentation\aug_1_images_4226.jpg,76
AMLdataset/release/images\images_4227.jpg,76
AMLdataset/release/images_augmentation\aug_0_images_4227.jpg,76
AMLdataset/release/images_augmentation\aug_1_images_4227.jpg,76
AMLdataset/release/images\images_4228.jpg,76
AMLdataset/release/images_augmentation\aug_0_images_4228.jpg,76
AMLdataset/release/images_augmentation\aug_1_images_4228.jpg,76
AMLdataset/release/images\images_4229.jpg,76
AMLdataset/release/images_augmentation\aug_0_images_4229.jpg,76
AMLdataset/release/images_augmentation\aug_1_images_4229.jpg,76
AMLdataset/release/images\images_4230.jpg,76
AMLdataset/release/images_augmentation\aug_0_images_4230.jpg,76
AMLdataset/release/images_augmentation\aug_1_images_4230.jpg,76
AMLdataset/release/images\images_4231.jpg,76
AMLdataset/release/images_augmentation\aug_0_images_4231.jpg,76
AMLdataset/release/images_augmentation\aug_1_images_4231.jpg,76
AMLdataset/release/images\images_4232.jpg,76
AMLdataset/release/images_augmentation\aug_0_images_4232.jpg,76
AMLdataset/release/images_augmentation\aug_1_images_4232.jpg,76
AMLdataset/release/images\images_4233.jpg,76
AMLdataset/release/images_augmentation\aug_0_images_4233.jpg,76
AMLdataset/release/images_augmentation\aug_1_images_4233.jpg,76
AMLdataset/release/images\images_4234.jpg,76
AMLdataset/release/images_augmentation\aug_0_images_4234.jpg,76
AMLdataset/release/images_augmentation\aug_1_images_4234.jpg,76
AMLdataset/release/images\images_4235.jpg,76
AMLdataset/release/images_augmentation\aug_0_images_4235.jpg,76
AMLdataset/release/images_augmentation\aug_1_images_4235.jpg,76
AMLdataset/release/images\images_4236.jpg,76
AMLdataset/release/images_augmentation\aug_0_images_4236.jpg,76
AMLdataset/release/images_augmentation\aug_1_images_4236.jpg,76
AMLdataset/release/images\images_4237.jpg,76
AMLdataset/release/images_augmentation\aug_0_images_4237.jpg,76
AMLdataset/release/images_augmentation\aug_1_images_4237.jpg,76
AMLdataset/release/images\images_4238.jpg,76
AMLdataset/release/images_augmentation\aug_0_images_4238.jpg,76
AMLdataset/release/images_augmentation\aug_1_images_4238.jpg,76
AMLdataset/release/images\images_4239.jpg,76
AMLdataset/release/images_augmentation\aug_0_images_4239.jpg,76
AMLdataset/release/images_augmentation\aug_1_images_4239.jpg,76
AMLdataset/release/images\images_4240.jpg,76
AMLdataset/release/images_augmentation\aug_0_images_4240.jpg,76
AMLdataset/release/images_augmentation\aug_1_images_4240.jpg,76
AMLdataset/release/images\images_4241.jpg,253
AMLdataset/release/images_augmentation\aug_0_images_4241.jpg,253
AMLdataset/release/images_augmentation\aug_1_images_4241.jpg,253
AMLdataset/release/images\images_4242.jpg,253
AMLdataset/release/images_augmentation\aug_0_images_4242.jpg,253
AMLdataset/release/images_augmentation\aug_1_images_4242.jpg,253
AMLdataset/release/images\images_4243.jpg,253
AMLdataset/release/images_augmentation\aug_0_images_4243.jpg,253
AMLdataset/release/images_augmentation\aug_1_images_4243.jpg,253
AMLdataset/release/images\images_4244.jpg,253
AMLdataset/release/images_augmentation\aug_0_images_4244.jpg,253
AMLdataset/release/images_augmentation\aug_1_images_4244.jpg,253
AMLdataset/release/images\images_4245.jpg,253
AMLdataset/release/images_augmentation\aug_0_images_4245.jpg,253
AMLdataset/release/images_augmentation\aug_1_images_4245.jpg,253
AMLdataset/release/images\images_4246.jpg,253
AMLdataset/release/images_augmentation\aug_0_images_4246.jpg,253
AMLdataset/release/images_augmentation\aug_1_images_4246.jpg,253
AMLdataset/release/images\images_4247.jpg,253
AMLdataset/release/images_augmentation\aug_0_images_4247.jpg,253
AMLdataset/release/images_augmentation\aug_1_images_4247.jpg,253
AMLdataset/release/images\images_4248.jpg,253
AMLdataset/release/images_augmentation\aug_0_images_4248.jpg,253
AMLdataset/release/images_augmentation\aug_1_images_4248.jpg,253
AMLdataset/release/images\images_4249.jpg,253
AMLdataset/release/images_augmentation\aug_0_images_4249.jpg,253
AMLdataset/release/images_augmentation\aug_1_images_4249.jpg,253
AMLdataset/release/images\images_4250.jpg,253
AMLdataset/release/images_augmentation\aug_0_images_4250.jpg,253
AMLdataset/release/images_augmentation\aug_1_images_4250.jpg,253
AMLdataset/release/images\images_4251.jpg,253
AMLdataset/release/images_augmentation\aug_0_images_4251.jpg,253
AMLdataset/release/images_augmentation\aug_1_images_4251.jpg,253
AMLdataset/release/images\images_4252.jpg,253
AMLdataset/release/images_augmentation\aug_0_images_4252.jpg,253
AMLdataset/release/images_augmentation\aug_1_images_4252.jpg,253
AMLdataset/release/images\images_4253.jpg,253
AMLdataset/release/images_augmentation\aug_0_images_4253.jpg,253
AMLdataset/release/images_augmentation\aug_1_images_4253.jpg,253
AMLdataset/release/images\images_4254.jpg,253
AMLdataset/release/images_augmentation\aug_0_images_4254.jpg,253
AMLdataset/release/images_augmentation\aug_1_images_4254.jpg,253
AMLdataset/release/images\images_4255.jpg,253
AMLdataset/release/images_augmentation\aug_0_images_4255.jpg,253
AMLdataset/release/images_augmentation\aug_1_images_4255.jpg,253
AMLdataset/release/images\images_4256.jpg,253
AMLdataset/release/images_augmentation\aug_0_images_4256.jpg,253
AMLdataset/release/images_augmentation\aug_1_images_4256.jpg,253
AMLdataset/release/images\images_4257.jpg,253
AMLdataset/release/images_augmentation\aug_0_images_4257.jpg,253
AMLdataset/release/images_augmentation\aug_1_images_4257.jpg,253
AMLdataset/release/images\images_4258.jpg,253
AMLdataset/release/images_augmentation\aug_0_images_4258.jpg,253
AMLdataset/release/images_augmentation\aug_1_images_4258.jpg,253
AMLdataset/release/images\images_4259.jpg,253
AMLdataset/release/images_augmentation\aug_0_images_4259.jpg,253
AMLdataset/release/images_augmentation\aug_1_images_4259.jpg,253
AMLdataset/release/images\images_4260.jpg,253
AMLdataset/release/images_augmentation\aug_0_images_4260.jpg,253
AMLdataset/release/images_augmentation\aug_1_images_4260.jpg,253
AMLdataset/release/images\images_4261.jpg,27
AMLdataset/release/images_augmentation\aug_0_images_4261.jpg,27
AMLdataset/release/images_augmentation\aug_1_images_4261.jpg,27
AMLdataset/release/images\images_4262.jpg,27
AMLdataset/release/images_augmentation\aug_0_images_4262.jpg,27
AMLdataset/release/images_augmentation\aug_1_images_4262.jpg,27
AMLdataset/release/images\images_4263.jpg,27
AMLdataset/release/images_augmentation\aug_0_images_4263.jpg,27
AMLdataset/release/images_augmentation\aug_1_images_4263.jpg,27
AMLdataset/release/images\images_4264.jpg,27
AMLdataset/release/images_augmentation\aug_0_images_4264.jpg,27
AMLdataset/release/images_augmentation\aug_1_images_4264.jpg,27
AMLdataset/release/images\images_4265.jpg,27
AMLdataset/release/images_augmentation\aug_0_images_4265.jpg,27
AMLdataset/release/images_augmentation\aug_1_images_4265.jpg,27
AMLdataset/release/images\images_4266.jpg,27
AMLdataset/release/images_augmentation\aug_0_images_4266.jpg,27
AMLdataset/release/images_augmentation\aug_1_images_4266.jpg,27
AMLdataset/release/images\images_4267.jpg,27
AMLdataset/release/images_augmentation\aug_0_images_4267.jpg,27
AMLdataset/release/images_augmentation\aug_1_images_4267.jpg,27
AMLdataset/release/images\images_4268.jpg,27
AMLdataset/release/images_augmentation\aug_0_images_4268.jpg,27
AMLdataset/release/images_augmentation\aug_1_images_4268.jpg,27
AMLdataset/release/images\images_4269.jpg,27
AMLdataset/release/images_augmentation\aug_0_images_4269.jpg,27
AMLdataset/release/images_augmentation\aug_1_images_4269.jpg,27
AMLdataset/release/images\images_4270.jpg,27
AMLdataset/release/images_augmentation\aug_0_images_4270.jpg,27
AMLdataset/release/images_augmentation\aug_1_images_4270.jpg,27
AMLdataset/release/images\images_4271.jpg,27
AMLdataset/release/images_augmentation\aug_0_images_4271.jpg,27
AMLdataset/release/images_augmentation\aug_1_images_4271.jpg,27
AMLdataset/release/images\images_4272.jpg,27
AMLdataset/release/images_augmentation\aug_0_images_4272.jpg,27
AMLdataset/release/images_augmentation\aug_1_images_4272.jpg,27
AMLdataset/release/images\images_4273.jpg,27
AMLdataset/release/images_augmentation\aug_0_images_4273.jpg,27
AMLdataset/release/images_augmentation\aug_1_images_4273.jpg,27
AMLdataset/release/images\images_4274.jpg,27
AMLdataset/release/images_augmentation\aug_0_images_4274.jpg,27
AMLdataset/release/images_augmentation\aug_1_images_4274.jpg,27
AMLdataset/release/images\images_4275.jpg,27
AMLdataset/release/images_augmentation\aug_0_images_4275.jpg,27
AMLdataset/release/images_augmentation\aug_1_images_4275.jpg,27
AMLdataset/release/images\images_4276.jpg,27
AMLdataset/release/images_augmentation\aug_0_images_4276.jpg,27
AMLdataset/release/images_augmentation\aug_1_images_4276.jpg,27
AMLdataset/release/images\images_4277.jpg,27
AMLdataset/release/images_augmentation\aug_0_images_4277.jpg,27
AMLdataset/release/images_augmentation\aug_1_images_4277.jpg,27
AMLdataset/release/images\images_4278.jpg,27
AMLdataset/release/images_augmentation\aug_0_images_4278.jpg,27
AMLdataset/release/images_augmentation\aug_1_images_4278.jpg,27
AMLdataset/release/images\images_4279.jpg,27
AMLdataset/release/images_augmentation\aug_0_images_4279.jpg,27
AMLdataset/release/images_augmentation\aug_1_images_4279.jpg,27
AMLdataset/release/images\images_4280.jpg,27
AMLdataset/release/images_augmentation\aug_0_images_4280.jpg,27
AMLdataset/release/images_augmentation\aug_1_images_4280.jpg,27
AMLdataset/release/images\images_4281.jpg,129
AMLdataset/release/images_augmentation\aug_0_images_4281.jpg,129
AMLdataset/release/images_augmentation\aug_1_images_4281.jpg,129
AMLdataset/release/images\images_4282.jpg,129
AMLdataset/release/images_augmentation\aug_0_images_4282.jpg,129
AMLdataset/release/images_augmentation\aug_1_images_4282.jpg,129
AMLdataset/release/images\images_4283.jpg,129
AMLdataset/release/images_augmentation\aug_0_images_4283.jpg,129
AMLdataset/release/images_augmentation\aug_1_images_4283.jpg,129
AMLdataset/release/images\images_4284.jpg,129
AMLdataset/release/images_augmentation\aug_0_images_4284.jpg,129
AMLdataset/release/images_augmentation\aug_1_images_4284.jpg,129
AMLdataset/release/images\images_4285.jpg,129
AMLdataset/release/images_augmentation\aug_0_images_4285.jpg,129
AMLdataset/release/images_augmentation\aug_1_images_4285.jpg,129
AMLdataset/release/images\images_4286.jpg,129
AMLdataset/release/images_augmentation\aug_0_images_4286.jpg,129
AMLdataset/release/images_augmentation\aug_1_images_4286.jpg,129
AMLdataset/release/images\images_4287.jpg,129
AMLdataset/release/images_augmentation\aug_0_images_4287.jpg,129
AMLdataset/release/images_augmentation\aug_1_images_4287.jpg,129
AMLdataset/release/images\images_4288.jpg,129
AMLdataset/release/images_augmentation\aug_0_images_4288.jpg,129
AMLdataset/release/images_augmentation\aug_1_images_4288.jpg,129
AMLdataset/release/images\images_4289.jpg,129
AMLdataset/release/images_augmentation\aug_0_images_4289.jpg,129
AMLdataset/release/images_augmentation\aug_1_images_4289.jpg,129
AMLdataset/release/images\images_4290.jpg,129
AMLdataset/release/images_augmentation\aug_0_images_4290.jpg,129
AMLdataset/release/images_augmentation\aug_1_images_4290.jpg,129
AMLdataset/release/images\images_4291.jpg,129
AMLdataset/release/images_augmentation\aug_0_images_4291.jpg,129
AMLdataset/release/images_augmentation\aug_1_images_4291.jpg,129
AMLdataset/release/images\images_4292.jpg,129
AMLdataset/release/images_augmentation\aug_0_images_4292.jpg,129
AMLdataset/release/images_augmentation\aug_1_images_4292.jpg,129
AMLdataset/release/images\images_4293.jpg,129
AMLdataset/release/images_augmentation\aug_0_images_4293.jpg,129
AMLdataset/release/images_augmentation\aug_1_images_4293.jpg,129
AMLdataset/release/images\images_4294.jpg,129
AMLdataset/release/images_augmentation\aug_0_images_4294.jpg,129
AMLdataset/release/images_augmentation\aug_1_images_4294.jpg,129
AMLdataset/release/images\images_4295.jpg,129
AMLdataset/release/images_augmentation\aug_0_images_4295.jpg,129
AMLdataset/release/images_augmentation\aug_1_images_4295.jpg,129
AMLdataset/release/images\images_4296.jpg,129
AMLdataset/release/images_augmentation\aug_0_images_4296.jpg,129
AMLdataset/release/images_augmentation\aug_1_images_4296.jpg,129
AMLdataset/release/images\images_4297.jpg,129
AMLdataset/release/images_augmentation\aug_0_images_4297.jpg,129
AMLdataset/release/images_augmentation\aug_1_images_4297.jpg,129
AMLdataset/release/images\images_4298.jpg,129
AMLdataset/release/images_augmentation\aug_0_images_4298.jpg,129
AMLdataset/release/images_augmentation\aug_1_images_4298.jpg,129
AMLdataset/release/images\images_4299.jpg,129
AMLdataset/release/images_augmentation\aug_0_images_4299.jpg,129
AMLdataset/release/images_augmentation\aug_1_images_4299.jpg,129
AMLdataset/release/images\images_4300.jpg,129
AMLdataset/release/images_augmentation\aug_0_images_4300.jpg,129
AMLdataset/release/images_augmentation\aug_1_images_4300.jpg,129
AMLdataset/release/images\images_4301.jpg,45
AMLdataset/release/images_augmentation\aug_0_images_4301.jpg,45
AMLdataset/release/images_augmentation\aug_1_images_4301.jpg,45
AMLdataset/release/images\images_4302.jpg,45
AMLdataset/release/images_augmentation\aug_0_images_4302.jpg,45
AMLdataset/release/images_augmentation\aug_1_images_4302.jpg,45
AMLdataset/release/images\images_4303.jpg,45
AMLdataset/release/images_augmentation\aug_0_images_4303.jpg,45
AMLdataset/release/images_augmentation\aug_1_images_4303.jpg,45
AMLdataset/release/images\images_4304.jpg,45
AMLdataset/release/images_augmentation\aug_0_images_4304.jpg,45
AMLdataset/release/images_augmentation\aug_1_images_4304.jpg,45
AMLdataset/release/images\images_4305.jpg,45
AMLdataset/release/images_augmentation\aug_0_images_4305.jpg,45
AMLdataset/release/images_augmentation\aug_1_images_4305.jpg,45
AMLdataset/release/images\images_4306.jpg,45
AMLdataset/release/images_augmentation\aug_0_images_4306.jpg,45
AMLdataset/release/images_augmentation\aug_1_images_4306.jpg,45
AMLdataset/release/images\images_4307.jpg,45
AMLdataset/release/images_augmentation\aug_0_images_4307.jpg,45
AMLdataset/release/images_augmentation\aug_1_images_4307.jpg,45
AMLdataset/release/images\images_4308.jpg,45
AMLdataset/release/images_augmentation\aug_0_images_4308.jpg,45
AMLdataset/release/images_augmentation\aug_1_images_4308.jpg,45
AMLdataset/release/images\images_4309.jpg,45
AMLdataset/release/images_augmentation\aug_0_images_4309.jpg,45
AMLdataset/release/images_augmentation\aug_1_images_4309.jpg,45
AMLdataset/release/images\images_4310.jpg,45
AMLdataset/release/images_augmentation\aug_0_images_4310.jpg,45
AMLdataset/release/images_augmentation\aug_1_images_4310.jpg,45
AMLdataset/release/images\images_4311.jpg,45
AMLdataset/release/images_augmentation\aug_0_images_4311.jpg,45
AMLdataset/release/images_augmentation\aug_1_images_4311.jpg,45
AMLdataset/release/images\images_4312.jpg,45
AMLdataset/release/images_augmentation\aug_0_images_4312.jpg,45
AMLdataset/release/images_augmentation\aug_1_images_4312.jpg,45
AMLdataset/release/images\images_4313.jpg,45
AMLdataset/release/images_augmentation\aug_0_images_4313.jpg,45
AMLdataset/release/images_augmentation\aug_1_images_4313.jpg,45
AMLdataset/release/images\images_4314.jpg,45
AMLdataset/release/images_augmentation\aug_0_images_4314.jpg,45
AMLdataset/release/images_augmentation\aug_1_images_4314.jpg,45
AMLdataset/release/images\images_4315.jpg,45
AMLdataset/release/images_augmentation\aug_0_images_4315.jpg,45
AMLdataset/release/images_augmentation\aug_1_images_4315.jpg,45
AMLdataset/release/images\images_4316.jpg,45
AMLdataset/release/images_augmentation\aug_0_images_4316.jpg,45
AMLdataset/release/images_augmentation\aug_1_images_4316.jpg,45
AMLdataset/release/images\images_4317.jpg,45
AMLdataset/release/images_augmentation\aug_0_images_4317.jpg,45
AMLdataset/release/images_augmentation\aug_1_images_4317.jpg,45
AMLdataset/release/images\images_4318.jpg,45
AMLdataset/release/images_augmentation\aug_0_images_4318.jpg,45
AMLdataset/release/images_augmentation\aug_1_images_4318.jpg,45
AMLdataset/release/images\images_4319.jpg,45
AMLdataset/release/images_augmentation\aug_0_images_4319.jpg,45
AMLdataset/release/images_augmentation\aug_1_images_4319.jpg,45
AMLdataset/release/images\images_4320.jpg,45
AMLdataset/release/images_augmentation\aug_0_images_4320.jpg,45
AMLdataset/release/images_augmentation\aug_1_images_4320.jpg,45
AMLdataset/release/images\images_4321.jpg,195
AMLdataset/release/images_augmentation\aug_0_images_4321.jpg,195
AMLdataset/release/images_augmentation\aug_1_images_4321.jpg,195
AMLdataset/release/images\images_4322.jpg,195
AMLdataset/release/images_augmentation\aug_0_images_4322.jpg,195
AMLdataset/release/images_augmentation\aug_1_images_4322.jpg,195
AMLdataset/release/images\images_4323.jpg,195
AMLdataset/release/images_augmentation\aug_0_images_4323.jpg,195
AMLdataset/release/images_augmentation\aug_1_images_4323.jpg,195
AMLdataset/release/images\images_4324.jpg,195
AMLdataset/release/images_augmentation\aug_0_images_4324.jpg,195
AMLdataset/release/images_augmentation\aug_1_images_4324.jpg,195
AMLdataset/release/images\images_4325.jpg,195
AMLdataset/release/images_augmentation\aug_0_images_4325.jpg,195
AMLdataset/release/images_augmentation\aug_1_images_4325.jpg,195
AMLdataset/release/images\images_4326.jpg,195
AMLdataset/release/images_augmentation\aug_0_images_4326.jpg,195
AMLdataset/release/images_augmentation\aug_1_images_4326.jpg,195
AMLdataset/release/images\images_4327.jpg,195
AMLdataset/release/images_augmentation\aug_0_images_4327.jpg,195
AMLdataset/release/images_augmentation\aug_1_images_4327.jpg,195
AMLdataset/release/images\images_4328.jpg,195
AMLdataset/release/images_augmentation\aug_0_images_4328.jpg,195
AMLdataset/release/images_augmentation\aug_1_images_4328.jpg,195
AMLdataset/release/images\images_4329.jpg,195
AMLdataset/release/images_augmentation\aug_0_images_4329.jpg,195
AMLdataset/release/images_augmentation\aug_1_images_4329.jpg,195
AMLdataset/release/images\images_4330.jpg,195
AMLdataset/release/images_augmentation\aug_0_images_4330.jpg,195
AMLdataset/release/images_augmentation\aug_1_images_4330.jpg,195
AMLdataset/release/images\images_4331.jpg,195
AMLdataset/release/images_augmentation\aug_0_images_4331.jpg,195
AMLdataset/release/images_augmentation\aug_1_images_4331.jpg,195
AMLdataset/release/images\images_4332.jpg,195
AMLdataset/release/images_augmentation\aug_0_images_4332.jpg,195
AMLdataset/release/images_augmentation\aug_1_images_4332.jpg,195
AMLdataset/release/images\images_4333.jpg,195
AMLdataset/release/images_augmentation\aug_0_images_4333.jpg,195
AMLdataset/release/images_augmentation\aug_1_images_4333.jpg,195
AMLdataset/release/images\images_4334.jpg,195
AMLdataset/release/images_augmentation\aug_0_images_4334.jpg,195
AMLdataset/release/images_augmentation\aug_1_images_4334.jpg,195
AMLdataset/release/images\images_4335.jpg,195
AMLdataset/release/images_augmentation\aug_0_images_4335.jpg,195
AMLdataset/release/images_augmentation\aug_1_images_4335.jpg,195
AMLdataset/release/images\images_4336.jpg,195
AMLdataset/release/images_augmentation\aug_0_images_4336.jpg,195
AMLdataset/release/images_augmentation\aug_1_images_4336.jpg,195
AMLdataset/release/images\images_4337.jpg,195
AMLdataset/release/images_augmentation\aug_0_images_4337.jpg,195
AMLdataset/release/images_augmentation\aug_1_images_4337.jpg,195
AMLdataset/release/images\images_4338.jpg,195
AMLdataset/release/images_augmentation\aug_0_images_4338.jpg,195
AMLdataset/release/images_augmentation\aug_1_images_4338.jpg,195
AMLdataset/release/images\images_4339.jpg,195
AMLdataset/release/images_augmentation\aug_0_images_4339.jpg,195
AMLdataset/release/images_augmentation\aug_1_images_4339.jpg,195
AMLdataset/release/images\images_4340.jpg,195
AMLdataset/release/images_augmentation\aug_0_images_4340.jpg,195
AMLdataset/release/images_augmentation\aug_1_images_4340.jpg,195
AMLdataset/release/images\images_4341.jpg,128
AMLdataset/release/images_augmentation\aug_0_images_4341.jpg,128
AMLdataset/release/images_augmentation\aug_1_images_4341.jpg,128
AMLdataset/release/images\images_4342.jpg,128
AMLdataset/release/images_augmentation\aug_0_images_4342.jpg,128
AMLdataset/release/images_augmentation\aug_1_images_4342.jpg,128
AMLdataset/release/images\images_4343.jpg,128
AMLdataset/release/images_augmentation\aug_0_images_4343.jpg,128
AMLdataset/release/images_augmentation\aug_1_images_4343.jpg,128
AMLdataset/release/images\images_4344.jpg,128
AMLdataset/release/images_augmentation\aug_0_images_4344.jpg,128
AMLdataset/release/images_augmentation\aug_1_images_4344.jpg,128
AMLdataset/release/images\images_4345.jpg,128
AMLdataset/release/images_augmentation\aug_0_images_4345.jpg,128
AMLdataset/release/images_augmentation\aug_1_images_4345.jpg,128
AMLdataset/release/images\images_4346.jpg,128
AMLdataset/release/images_augmentation\aug_0_images_4346.jpg,128
AMLdataset/release/images_augmentation\aug_1_images_4346.jpg,128
AMLdataset/release/images\images_4347.jpg,128
AMLdataset/release/images_augmentation\aug_0_images_4347.jpg,128
AMLdataset/release/images_augmentation\aug_1_images_4347.jpg,128
AMLdataset/release/images\images_4348.jpg,128
AMLdataset/release/images_augmentation\aug_0_images_4348.jpg,128
AMLdataset/release/images_augmentation\aug_1_images_4348.jpg,128
AMLdataset/release/images\images_4349.jpg,128
AMLdataset/release/images_augmentation\aug_0_images_4349.jpg,128
AMLdataset/release/images_augmentation\aug_1_images_4349.jpg,128
AMLdataset/release/images\images_4350.jpg,128
AMLdataset/release/images_augmentation\aug_0_images_4350.jpg,128
AMLdataset/release/images_augmentation\aug_1_images_4350.jpg,128
AMLdataset/release/images\images_4351.jpg,128
AMLdataset/release/images_augmentation\aug_0_images_4351.jpg,128
AMLdataset/release/images_augmentation\aug_1_images_4351.jpg,128
AMLdataset/release/images\images_4352.jpg,128
AMLdataset/release/images_augmentation\aug_0_images_4352.jpg,128
AMLdataset/release/images_augmentation\aug_1_images_4352.jpg,128
AMLdataset/release/images\images_4353.jpg,128
AMLdataset/release/images_augmentation\aug_0_images_4353.jpg,128
AMLdataset/release/images_augmentation\aug_1_images_4353.jpg,128
AMLdataset/release/images\images_4354.jpg,128
AMLdataset/release/images_augmentation\aug_0_images_4354.jpg,128
AMLdataset/release/images_augmentation\aug_1_images_4354.jpg,128
AMLdataset/release/images\images_4355.jpg,128
AMLdataset/release/images_augmentation\aug_0_images_4355.jpg,128
AMLdataset/release/images_augmentation\aug_1_images_4355.jpg,128
AMLdataset/release/images\images_4356.jpg,128
AMLdataset/release/images_augmentation\aug_0_images_4356.jpg,128
AMLdataset/release/images_augmentation\aug_1_images_4356.jpg,128
AMLdataset/release/images\images_4357.jpg,128
AMLdataset/release/images_augmentation\aug_0_images_4357.jpg,128
AMLdataset/release/images_augmentation\aug_1_images_4357.jpg,128
AMLdataset/release/images\images_4358.jpg,128
AMLdataset/release/images_augmentation\aug_0_images_4358.jpg,128
AMLdataset/release/images_augmentation\aug_1_images_4358.jpg,128
AMLdataset/release/images\images_4359.jpg,128
AMLdataset/release/images_augmentation\aug_0_images_4359.jpg,128
AMLdataset/release/images_augmentation\aug_1_images_4359.jpg,128
AMLdataset/release/images\images_4360.jpg,128
AMLdataset/release/images_augmentation\aug_0_images_4360.jpg,128
AMLdataset/release/images_augmentation\aug_1_images_4360.jpg,128
AMLdataset/release/images\images_4361.jpg,67
AMLdataset/release/images_augmentation\aug_0_images_4361.jpg,67
AMLdataset/release/images_augmentation\aug_1_images_4361.jpg,67
AMLdataset/release/images\images_4362.jpg,67
AMLdataset/release/images_augmentation\aug_0_images_4362.jpg,67
AMLdataset/release/images_augmentation\aug_1_images_4362.jpg,67
AMLdataset/release/images\images_4363.jpg,67
AMLdataset/release/images_augmentation\aug_0_images_4363.jpg,67
AMLdataset/release/images_augmentation\aug_1_images_4363.jpg,67
AMLdataset/release/images\images_4364.jpg,67
AMLdataset/release/images_augmentation\aug_0_images_4364.jpg,67
AMLdataset/release/images_augmentation\aug_1_images_4364.jpg,67
AMLdataset/release/images\images_4365.jpg,67
AMLdataset/release/images_augmentation\aug_0_images_4365.jpg,67
AMLdataset/release/images_augmentation\aug_1_images_4365.jpg,67
AMLdataset/release/images\images_4366.jpg,67
AMLdataset/release/images_augmentation\aug_0_images_4366.jpg,67
AMLdataset/release/images_augmentation\aug_1_images_4366.jpg,67
AMLdataset/release/images\images_4367.jpg,67
AMLdataset/release/images_augmentation\aug_0_images_4367.jpg,67
AMLdataset/release/images_augmentation\aug_1_images_4367.jpg,67
AMLdataset/release/images\images_4368.jpg,67
AMLdataset/release/images_augmentation\aug_0_images_4368.jpg,67
AMLdataset/release/images_augmentation\aug_1_images_4368.jpg,67
AMLdataset/release/images\images_4369.jpg,67
AMLdataset/release/images_augmentation\aug_0_images_4369.jpg,67
AMLdataset/release/images_augmentation\aug_1_images_4369.jpg,67
AMLdataset/release/images\images_4370.jpg,67
AMLdataset/release/images_augmentation\aug_0_images_4370.jpg,67
AMLdataset/release/images_augmentation\aug_1_images_4370.jpg,67
AMLdataset/release/images\images_4371.jpg,67
AMLdataset/release/images_augmentation\aug_0_images_4371.jpg,67
AMLdataset/release/images_augmentation\aug_1_images_4371.jpg,67
AMLdataset/release/images\images_4372.jpg,67
AMLdataset/release/images_augmentation\aug_0_images_4372.jpg,67
AMLdataset/release/images_augmentation\aug_1_images_4372.jpg,67
AMLdataset/release/images\images_4373.jpg,67
AMLdataset/release/images_augmentation\aug_0_images_4373.jpg,67
AMLdataset/release/images_augmentation\aug_1_images_4373.jpg,67
AMLdataset/release/images\images_4374.jpg,67
AMLdataset/release/images_augmentation\aug_0_images_4374.jpg,67
AMLdataset/release/images_augmentation\aug_1_images_4374.jpg,67
AMLdataset/release/images\images_4375.jpg,67
AMLdataset/release/images_augmentation\aug_0_images_4375.jpg,67
AMLdataset/release/images_augmentation\aug_1_images_4375.jpg,67
AMLdataset/release/images\images_4376.jpg,67
AMLdataset/release/images_augmentation\aug_0_images_4376.jpg,67
AMLdataset/release/images_augmentation\aug_1_images_4376.jpg,67
AMLdataset/release/images\images_4377.jpg,67
AMLdataset/release/images_augmentation\aug_0_images_4377.jpg,67
AMLdataset/release/images_augmentation\aug_1_images_4377.jpg,67
AMLdataset/release/images\images_4378.jpg,67
AMLdataset/release/images_augmentation\aug_0_images_4378.jpg,67
AMLdataset/release/images_augmentation\aug_1_images_4378.jpg,67
AMLdataset/release/images\images_4379.jpg,67
AMLdataset/release/images_augmentation\aug_0_images_4379.jpg,67
AMLdataset/release/images_augmentation\aug_1_images_4379.jpg,67
AMLdataset/release/images\images_4380.jpg,67
AMLdataset/release/images_augmentation\aug_0_images_4380.jpg,67
AMLdataset/release/images_augmentation\aug_1_images_4380.jpg,67
AMLdataset/release/images\images_4381.jpg,239
AMLdataset/release/images_augmentation\aug_0_images_4381.jpg,239
AMLdataset/release/images_augmentation\aug_1_images_4381.jpg,239
AMLdataset/release/images\images_4382.jpg,239
AMLdataset/release/images_augmentation\aug_0_images_4382.jpg,239
AMLdataset/release/images_augmentation\aug_1_images_4382.jpg,239
AMLdataset/release/images\images_4383.jpg,239
AMLdataset/release/images_augmentation\aug_0_images_4383.jpg,239
AMLdataset/release/images_augmentation\aug_1_images_4383.jpg,239
AMLdataset/release/images\images_4384.jpg,239
AMLdataset/release/images_augmentation\aug_0_images_4384.jpg,239
AMLdataset/release/images_augmentation\aug_1_images_4384.jpg,239
AMLdataset/release/images\images_4385.jpg,239
AMLdataset/release/images_augmentation\aug_0_images_4385.jpg,239
AMLdataset/release/images_augmentation\aug_1_images_4385.jpg,239
AMLdataset/release/images\images_4386.jpg,239
AMLdataset/release/images_augmentation\aug_0_images_4386.jpg,239
AMLdataset/release/images_augmentation\aug_1_images_4386.jpg,239
AMLdataset/release/images\images_4387.jpg,239
AMLdataset/release/images_augmentation\aug_0_images_4387.jpg,239
AMLdataset/release/images_augmentation\aug_1_images_4387.jpg,239
AMLdataset/release/images\images_4388.jpg,239
AMLdataset/release/images_augmentation\aug_0_images_4388.jpg,239
AMLdataset/release/images_augmentation\aug_1_images_4388.jpg,239
AMLdataset/release/images\images_4389.jpg,239
AMLdataset/release/images_augmentation\aug_0_images_4389.jpg,239
AMLdataset/release/images_augmentation\aug_1_images_4389.jpg,239
AMLdataset/release/images\images_4390.jpg,239
AMLdataset/release/images_augmentation\aug_0_images_4390.jpg,239
AMLdataset/release/images_augmentation\aug_1_images_4390.jpg,239
AMLdataset/release/images\images_4391.jpg,239
AMLdataset/release/images_augmentation\aug_0_images_4391.jpg,239
AMLdataset/release/images_augmentation\aug_1_images_4391.jpg,239
AMLdataset/release/images\images_4392.jpg,239
AMLdataset/release/images_augmentation\aug_0_images_4392.jpg,239
AMLdataset/release/images_augmentation\aug_1_images_4392.jpg,239
AMLdataset/release/images\images_4393.jpg,239
AMLdataset/release/images_augmentation\aug_0_images_4393.jpg,239
AMLdataset/release/images_augmentation\aug_1_images_4393.jpg,239
AMLdataset/release/images\images_4394.jpg,239
AMLdataset/release/images_augmentation\aug_0_images_4394.jpg,239
AMLdataset/release/images_augmentation\aug_1_images_4394.jpg,239
AMLdataset/release/images\images_4395.jpg,239
AMLdataset/release/images_augmentation\aug_0_images_4395.jpg,239
AMLdataset/release/images_augmentation\aug_1_images_4395.jpg,239
AMLdataset/release/images\images_4396.jpg,239
AMLdataset/release/images_augmentation\aug_0_images_4396.jpg,239
AMLdataset/release/images_augmentation\aug_1_images_4396.jpg,239
AMLdataset/release/images\images_4397.jpg,239
AMLdataset/release/images_augmentation\aug_0_images_4397.jpg,239
AMLdataset/release/images_augmentation\aug_1_images_4397.jpg,239
AMLdataset/release/images\images_4398.jpg,239
AMLdataset/release/images_augmentation\aug_0_images_4398.jpg,239
AMLdataset/release/images_augmentation\aug_1_images_4398.jpg,239
AMLdataset/release/images\images_4399.jpg,239
AMLdataset/release/images_augmentation\aug_0_images_4399.jpg,239
AMLdataset/release/images_augmentation\aug_1_images_4399.jpg,239
AMLdataset/release/images\images_4400.jpg,239
AMLdataset/release/images_augmentation\aug_0_images_4400.jpg,239
AMLdataset/release/images_augmentation\aug_1_images_4400.jpg,239
AMLdataset/release/images\images_4401.jpg,286
AMLdataset/release/images_augmentation\aug_0_images_4401.jpg,286
AMLdataset/release/images_augmentation\aug_1_images_4401.jpg,286
AMLdataset/release/images\images_4402.jpg,286
AMLdataset/release/images_augmentation\aug_0_images_4402.jpg,286
AMLdataset/release/images_augmentation\aug_1_images_4402.jpg,286
AMLdataset/release/images\images_4403.jpg,286
AMLdataset/release/images_augmentation\aug_0_images_4403.jpg,286
AMLdataset/release/images_augmentation\aug_1_images_4403.jpg,286
AMLdataset/release/images\images_4404.jpg,286
AMLdataset/release/images_augmentation\aug_0_images_4404.jpg,286
AMLdataset/release/images_augmentation\aug_1_images_4404.jpg,286
AMLdataset/release/images\images_4405.jpg,286
AMLdataset/release/images_augmentation\aug_0_images_4405.jpg,286
AMLdataset/release/images_augmentation\aug_1_images_4405.jpg,286
AMLdataset/release/images\images_4406.jpg,286
AMLdataset/release/images_augmentation\aug_0_images_4406.jpg,286
AMLdataset/release/images_augmentation\aug_1_images_4406.jpg,286
AMLdataset/release/images\images_4407.jpg,286
AMLdataset/release/images_augmentation\aug_0_images_4407.jpg,286
AMLdataset/release/images_augmentation\aug_1_images_4407.jpg,286
AMLdataset/release/images\images_4408.jpg,286
AMLdataset/release/images_augmentation\aug_0_images_4408.jpg,286
AMLdataset/release/images_augmentation\aug_1_images_4408.jpg,286
AMLdataset/release/images\images_4409.jpg,286
AMLdataset/release/images_augmentation\aug_0_images_4409.jpg,286
AMLdataset/release/images_augmentation\aug_1_images_4409.jpg,286
AMLdataset/release/images\images_4410.jpg,286
AMLdataset/release/images_augmentation\aug_0_images_4410.jpg,286
AMLdataset/release/images_augmentation\aug_1_images_4410.jpg,286
AMLdataset/release/images\images_4411.jpg,286
AMLdataset/release/images_augmentation\aug_0_images_4411.jpg,286
AMLdataset/release/images_augmentation\aug_1_images_4411.jpg,286
AMLdataset/release/images\images_4412.jpg,286
AMLdataset/release/images_augmentation\aug_0_images_4412.jpg,286
AMLdataset/release/images_augmentation\aug_1_images_4412.jpg,286
AMLdataset/release/images\images_4413.jpg,286
AMLdataset/release/images_augmentation\aug_0_images_4413.jpg,286
AMLdataset/release/images_augmentation\aug_1_images_4413.jpg,286
AMLdataset/release/images\images_4414.jpg,286
AMLdataset/release/images_augmentation\aug_0_images_4414.jpg,286
AMLdataset/release/images_augmentation\aug_1_images_4414.jpg,286
AMLdataset/release/images\images_4415.jpg,286
AMLdataset/release/images_augmentation\aug_0_images_4415.jpg,286
AMLdataset/release/images_augmentation\aug_1_images_4415.jpg,286
AMLdataset/release/images\images_4416.jpg,286
AMLdataset/release/images_augmentation\aug_0_images_4416.jpg,286
AMLdataset/release/images_augmentation\aug_1_images_4416.jpg,286
AMLdataset/release/images\images_4417.jpg,286
AMLdataset/release/images_augmentation\aug_0_images_4417.jpg,286
AMLdataset/release/images_augmentation\aug_1_images_4417.jpg,286
AMLdataset/release/images\images_4418.jpg,286
AMLdataset/release/images_augmentation\aug_0_images_4418.jpg,286
AMLdataset/release/images_augmentation\aug_1_images_4418.jpg,286
AMLdataset/release/images\images_4419.jpg,286
AMLdataset/release/images_augmentation\aug_0_images_4419.jpg,286
AMLdataset/release/images_augmentation\aug_1_images_4419.jpg,286
AMLdataset/release/images\images_4420.jpg,286
AMLdataset/release/images_augmentation\aug_0_images_4420.jpg,286
AMLdataset/release/images_augmentation\aug_1_images_4420.jpg,286
AMLdataset/release/images\images_4421.jpg,0
AMLdataset/release/images_augmentation\aug_0_images_4421.jpg,0
AMLdataset/release/images_augmentation\aug_1_images_4421.jpg,0
AMLdataset/release/images\images_4422.jpg,0
AMLdataset/release/images_augmentation\aug_0_images_4422.jpg,0
AMLdataset/release/images_augmentation\aug_1_images_4422.jpg,0
AMLdataset/release/images\images_4423.jpg,0
AMLdataset/release/images_augmentation\aug_0_images_4423.jpg,0
AMLdataset/release/images_augmentation\aug_1_images_4423.jpg,0
AMLdataset/release/images\images_4424.jpg,0
AMLdataset/release/images_augmentation\aug_0_images_4424.jpg,0
AMLdataset/release/images_augmentation\aug_1_images_4424.jpg,0
AMLdataset/release/images\images_4425.jpg,0
AMLdataset/release/images_augmentation\aug_0_images_4425.jpg,0
AMLdataset/release/images_augmentation\aug_1_images_4425.jpg,0
AMLdataset/release/images\images_4426.jpg,0
AMLdataset/release/images_augmentation\aug_0_images_4426.jpg,0
AMLdataset/release/images_augmentation\aug_1_images_4426.jpg,0
AMLdataset/release/images\images_4427.jpg,0
AMLdataset/release/images_augmentation\aug_0_images_4427.jpg,0
AMLdataset/release/images_augmentation\aug_1_images_4427.jpg,0
AMLdataset/release/images\images_4428.jpg,0
AMLdataset/release/images_augmentation\aug_0_images_4428.jpg,0
AMLdataset/release/images_augmentation\aug_1_images_4428.jpg,0
AMLdataset/release/images\images_4429.jpg,0
AMLdataset/release/images_augmentation\aug_0_images_4429.jpg,0
AMLdataset/release/images_augmentation\aug_1_images_4429.jpg,0
AMLdataset/release/images\images_4430.jpg,0
AMLdataset/release/images_augmentation\aug_0_images_4430.jpg,0
AMLdataset/release/images_augmentation\aug_1_images_4430.jpg,0
AMLdataset/release/images\images_4431.jpg,0
AMLdataset/release/images_augmentation\aug_0_images_4431.jpg,0
AMLdataset/release/images_augmentation\aug_1_images_4431.jpg,0
AMLdataset/release/images\images_4432.jpg,0
AMLdataset/release/images_augmentation\aug_0_images_4432.jpg,0
AMLdataset/release/images_augmentation\aug_1_images_4432.jpg,0
AMLdataset/release/images\images_4433.jpg,0
AMLdataset/release/images_augmentation\aug_0_images_4433.jpg,0
AMLdataset/release/images_augmentation\aug_1_images_4433.jpg,0
AMLdataset/release/images\images_4434.jpg,0
AMLdataset/release/images_augmentation\aug_0_images_4434.jpg,0
AMLdataset/release/images_augmentation\aug_1_images_4434.jpg,0
AMLdataset/release/images\images_4435.jpg,0
AMLdataset/release/images_augmentation\aug_0_images_4435.jpg,0
AMLdataset/release/images_augmentation\aug_1_images_4435.jpg,0
AMLdataset/release/images\images_4436.jpg,0
AMLdataset/release/images_augmentation\aug_0_images_4436.jpg,0
AMLdataset/release/images_augmentation\aug_1_images_4436.jpg,0
AMLdataset/release/images\images_4437.jpg,0
AMLdataset/release/images_augmentation\aug_0_images_4437.jpg,0
AMLdataset/release/images_augmentation\aug_1_images_4437.jpg,0
AMLdataset/release/images\images_4438.jpg,0
AMLdataset/release/images_augmentation\aug_0_images_4438.jpg,0
AMLdataset/release/images_augmentation\aug_1_images_4438.jpg,0
AMLdataset/release/images\images_4439.jpg,0
AMLdataset/release/images_augmentation\aug_0_images_4439.jpg,0
AMLdataset/release/images_augmentation\aug_1_images_4439.jpg,0
AMLdataset/release/images\images_4440.jpg,0
AMLdataset/release/images_augmentation\aug_0_images_4440.jpg,0
AMLdataset/release/images_augmentation\aug_1_images_4440.jpg,0
AMLdataset/release/images\images_4441.jpg,305
AMLdataset/release/images_augmentation\aug_0_images_4441.jpg,305
AMLdataset/release/images_augmentation\aug_1_images_4441.jpg,305
AMLdataset/release/images\images_4442.jpg,305
AMLdataset/release/images_augmentation\aug_0_images_4442.jpg,305
AMLdataset/release/images_augmentation\aug_1_images_4442.jpg,305
AMLdataset/release/images\images_4443.jpg,305
AMLdataset/release/images_augmentation\aug_0_images_4443.jpg,305
AMLdataset/release/images_augmentation\aug_1_images_4443.jpg,305
AMLdataset/release/images\images_4444.jpg,305
AMLdataset/release/images_augmentation\aug_0_images_4444.jpg,305
AMLdataset/release/images_augmentation\aug_1_images_4444.jpg,305
AMLdataset/release/images\images_4445.jpg,305
AMLdataset/release/images_augmentation\aug_0_images_4445.jpg,305
AMLdataset/release/images_augmentation\aug_1_images_4445.jpg,305
AMLdataset/release/images\images_4446.jpg,305
AMLdataset/release/images_augmentation\aug_0_images_4446.jpg,305
AMLdataset/release/images_augmentation\aug_1_images_4446.jpg,305
AMLdataset/release/images\images_4447.jpg,305
AMLdataset/release/images_augmentation\aug_0_images_4447.jpg,305
AMLdataset/release/images_augmentation\aug_1_images_4447.jpg,305
AMLdataset/release/images\images_4448.jpg,305
AMLdataset/release/images_augmentation\aug_0_images_4448.jpg,305
AMLdataset/release/images_augmentation\aug_1_images_4448.jpg,305
AMLdataset/release/images\images_4449.jpg,305
AMLdataset/release/images_augmentation\aug_0_images_4449.jpg,305
AMLdataset/release/images_augmentation\aug_1_images_4449.jpg,305
AMLdataset/release/images\images_4450.jpg,305
AMLdataset/release/images_augmentation\aug_0_images_4450.jpg,305
AMLdataset/release/images_augmentation\aug_1_images_4450.jpg,305
AMLdataset/release/images\images_4451.jpg,305
AMLdataset/release/images_augmentation\aug_0_images_4451.jpg,305
AMLdataset/release/images_augmentation\aug_1_images_4451.jpg,305
AMLdataset/release/images\images_4452.jpg,305
AMLdataset/release/images_augmentation\aug_0_images_4452.jpg,305
AMLdataset/release/images_augmentation\aug_1_images_4452.jpg,305
AMLdataset/release/images\images_4453.jpg,305
AMLdataset/release/images_augmentation\aug_0_images_4453.jpg,305
AMLdataset/release/images_augmentation\aug_1_images_4453.jpg,305
AMLdataset/release/images\images_4454.jpg,305
AMLdataset/release/images_augmentation\aug_0_images_4454.jpg,305
AMLdataset/release/images_augmentation\aug_1_images_4454.jpg,305
AMLdataset/release/images\images_4455.jpg,305
AMLdataset/release/images_augmentation\aug_0_images_4455.jpg,305
AMLdataset/release/images_augmentation\aug_1_images_4455.jpg,305
AMLdataset/release/images\images_4456.jpg,305
AMLdataset/release/images_augmentation\aug_0_images_4456.jpg,305
AMLdataset/release/images_augmentation\aug_1_images_4456.jpg,305
AMLdataset/release/images\images_4457.jpg,305
AMLdataset/release/images_augmentation\aug_0_images_4457.jpg,305
AMLdataset/release/images_augmentation\aug_1_images_4457.jpg,305
AMLdataset/release/images\images_4458.jpg,305
AMLdataset/release/images_augmentation\aug_0_images_4458.jpg,305
AMLdataset/release/images_augmentation\aug_1_images_4458.jpg,305
AMLdataset/release/images\images_4459.jpg,305
AMLdataset/release/images_augmentation\aug_0_images_4459.jpg,305
AMLdataset/release/images_augmentation\aug_1_images_4459.jpg,305
AMLdataset/release/images\images_4460.jpg,305
AMLdataset/release/images_augmentation\aug_0_images_4460.jpg,305
AMLdataset/release/images_augmentation\aug_1_images_4460.jpg,305
AMLdataset/release/images\images_4461.jpg,356
AMLdataset/release/images_augmentation\aug_0_images_4461.jpg,356
AMLdataset/release/images_augmentation\aug_1_images_4461.jpg,356
AMLdataset/release/images\images_4462.jpg,356
AMLdataset/release/images_augmentation\aug_0_images_4462.jpg,356
AMLdataset/release/images_augmentation\aug_1_images_4462.jpg,356
AMLdataset/release/images\images_4463.jpg,356
AMLdataset/release/images_augmentation\aug_0_images_4463.jpg,356
AMLdataset/release/images_augmentation\aug_1_images_4463.jpg,356
AMLdataset/release/images\images_4464.jpg,356
AMLdataset/release/images_augmentation\aug_0_images_4464.jpg,356
AMLdataset/release/images_augmentation\aug_1_images_4464.jpg,356
AMLdataset/release/images\images_4465.jpg,356
AMLdataset/release/images_augmentation\aug_0_images_4465.jpg,356
AMLdataset/release/images_augmentation\aug_1_images_4465.jpg,356
AMLdataset/release/images\images_4466.jpg,356
AMLdataset/release/images_augmentation\aug_0_images_4466.jpg,356
AMLdataset/release/images_augmentation\aug_1_images_4466.jpg,356
AMLdataset/release/images\images_4467.jpg,356
AMLdataset/release/images_augmentation\aug_0_images_4467.jpg,356
AMLdataset/release/images_augmentation\aug_1_images_4467.jpg,356
AMLdataset/release/images\images_4468.jpg,356
AMLdataset/release/images_augmentation\aug_0_images_4468.jpg,356
AMLdataset/release/images_augmentation\aug_1_images_4468.jpg,356
AMLdataset/release/images\images_4469.jpg,356
AMLdataset/release/images_augmentation\aug_0_images_4469.jpg,356
AMLdataset/release/images_augmentation\aug_1_images_4469.jpg,356
AMLdataset/release/images\images_4470.jpg,356
AMLdataset/release/images_augmentation\aug_0_images_4470.jpg,356
AMLdataset/release/images_augmentation\aug_1_images_4470.jpg,356
AMLdataset/release/images\images_4471.jpg,356
AMLdataset/release/images_augmentation\aug_0_images_4471.jpg,356
AMLdataset/release/images_augmentation\aug_1_images_4471.jpg,356
AMLdataset/release/images\images_4472.jpg,356
AMLdataset/release/images_augmentation\aug_0_images_4472.jpg,356
AMLdataset/release/images_augmentation\aug_1_images_4472.jpg,356
AMLdataset/release/images\images_4473.jpg,356
AMLdataset/release/images_augmentation\aug_0_images_4473.jpg,356
AMLdataset/release/images_augmentation\aug_1_images_4473.jpg,356
AMLdataset/release/images\images_4474.jpg,356
AMLdataset/release/images_augmentation\aug_0_images_4474.jpg,356
AMLdataset/release/images_augmentation\aug_1_images_4474.jpg,356
AMLdataset/release/images\images_4475.jpg,356
AMLdataset/release/images_augmentation\aug_0_images_4475.jpg,356
AMLdataset/release/images_augmentation\aug_1_images_4475.jpg,356
AMLdataset/release/images\images_4476.jpg,356
AMLdataset/release/images_augmentation\aug_0_images_4476.jpg,356
AMLdataset/release/images_augmentation\aug_1_images_4476.jpg,356
AMLdataset/release/images\images_4477.jpg,356
AMLdataset/release/images_augmentation\aug_0_images_4477.jpg,356
AMLdataset/release/images_augmentation\aug_1_images_4477.jpg,356
AMLdataset/release/images\images_4478.jpg,356
AMLdataset/release/images_augmentation\aug_0_images_4478.jpg,356
AMLdataset/release/images_augmentation\aug_1_images_4478.jpg,356
AMLdataset/release/images\images_4479.jpg,356
AMLdataset/release/images_augmentation\aug_0_images_4479.jpg,356
AMLdataset/release/images_augmentation\aug_1_images_4479.jpg,356
AMLdataset/release/images\images_4480.jpg,356
AMLdataset/release/images_augmentation\aug_0_images_4480.jpg,356
AMLdataset/release/images_augmentation\aug_1_images_4480.jpg,356
AMLdataset/release/images\images_4481.jpg,348
AMLdataset/release/images_augmentation\aug_0_images_4481.jpg,348
AMLdataset/release/images_augmentation\aug_1_images_4481.jpg,348
AMLdataset/release/images\images_4482.jpg,348
AMLdataset/release/images_augmentation\aug_0_images_4482.jpg,348
AMLdataset/release/images_augmentation\aug_1_images_4482.jpg,348
AMLdataset/release/images\images_4483.jpg,348
AMLdataset/release/images_augmentation\aug_0_images_4483.jpg,348
AMLdataset/release/images_augmentation\aug_1_images_4483.jpg,348
AMLdataset/release/images\images_4484.jpg,348
AMLdataset/release/images_augmentation\aug_0_images_4484.jpg,348
AMLdataset/release/images_augmentation\aug_1_images_4484.jpg,348
AMLdataset/release/images\images_4485.jpg,348
AMLdataset/release/images_augmentation\aug_0_images_4485.jpg,348
AMLdataset/release/images_augmentation\aug_1_images_4485.jpg,348
AMLdataset/release/images\images_4486.jpg,348
AMLdataset/release/images_augmentation\aug_0_images_4486.jpg,348
AMLdataset/release/images_augmentation\aug_1_images_4486.jpg,348
AMLdataset/release/images\images_4487.jpg,348
AMLdataset/release/images_augmentation\aug_0_images_4487.jpg,348
AMLdataset/release/images_augmentation\aug_1_images_4487.jpg,348
AMLdataset/release/images\images_4488.jpg,348
AMLdataset/release/images_augmentation\aug_0_images_4488.jpg,348
AMLdataset/release/images_augmentation\aug_1_images_4488.jpg,348
AMLdataset/release/images\images_4489.jpg,348
AMLdataset/release/images_augmentation\aug_0_images_4489.jpg,348
AMLdataset/release/images_augmentation\aug_1_images_4489.jpg,348
AMLdataset/release/images\images_4490.jpg,348
AMLdataset/release/images_augmentation\aug_0_images_4490.jpg,348
AMLdataset/release/images_augmentation\aug_1_images_4490.jpg,348
AMLdataset/release/images\images_4491.jpg,348
AMLdataset/release/images_augmentation\aug_0_images_4491.jpg,348
AMLdataset/release/images_augmentation\aug_1_images_4491.jpg,348
AMLdataset/release/images\images_4492.jpg,348
AMLdataset/release/images_augmentation\aug_0_images_4492.jpg,348
AMLdataset/release/images_augmentation\aug_1_images_4492.jpg,348
AMLdataset/release/images\images_4493.jpg,348
AMLdataset/release/images_augmentation\aug_0_images_4493.jpg,348
AMLdataset/release/images_augmentation\aug_1_images_4493.jpg,348
AMLdataset/release/images\images_4494.jpg,348
AMLdataset/release/images_augmentation\aug_0_images_4494.jpg,348
AMLdataset/release/images_augmentation\aug_1_images_4494.jpg,348
AMLdataset/release/images\images_4495.jpg,348
AMLdataset/release/images_augmentation\aug_0_images_4495.jpg,348
AMLdataset/release/images_augmentation\aug_1_images_4495.jpg,348
AMLdataset/release/images\images_4496.jpg,348
AMLdataset/release/images_augmentation\aug_0_images_4496.jpg,348
AMLdataset/release/images_augmentation\aug_1_images_4496.jpg,348
AMLdataset/release/images\images_4497.jpg,348
AMLdataset/release/images_augmentation\aug_0_images_4497.jpg,348
AMLdataset/release/images_augmentation\aug_1_images_4497.jpg,348
AMLdataset/release/images\images_4498.jpg,348
AMLdataset/release/images_augmentation\aug_0_images_4498.jpg,348
AMLdataset/release/images_augmentation\aug_1_images_4498.jpg,348
AMLdataset/release/images\images_4499.jpg,348
AMLdataset/release/images_augmentation\aug_0_images_4499.jpg,348
AMLdataset/release/images_augmentation\aug_1_images_4499.jpg,348
AMLdataset/release/images\images_4500.jpg,348
AMLdataset/release/images_augmentation\aug_0_images_4500.jpg,348
AMLdataset/release/images_augmentation\aug_1_images_4500.jpg,348
AMLdataset/release/images\images_4501.jpg,75
AMLdataset/release/images_augmentation\aug_0_images_4501.jpg,75
AMLdataset/release/images_augmentation\aug_1_images_4501.jpg,75
AMLdataset/release/images\images_4502.jpg,75
AMLdataset/release/images_augmentation\aug_0_images_4502.jpg,75
AMLdataset/release/images_augmentation\aug_1_images_4502.jpg,75
AMLdataset/release/images\images_4503.jpg,75
AMLdataset/release/images_augmentation\aug_0_images_4503.jpg,75
AMLdataset/release/images_augmentation\aug_1_images_4503.jpg,75
AMLdataset/release/images\images_4504.jpg,75
AMLdataset/release/images_augmentation\aug_0_images_4504.jpg,75
AMLdataset/release/images_augmentation\aug_1_images_4504.jpg,75
AMLdataset/release/images\images_4505.jpg,75
AMLdataset/release/images_augmentation\aug_0_images_4505.jpg,75
AMLdataset/release/images_augmentation\aug_1_images_4505.jpg,75
AMLdataset/release/images\images_4506.jpg,75
AMLdataset/release/images_augmentation\aug_0_images_4506.jpg,75
AMLdataset/release/images_augmentation\aug_1_images_4506.jpg,75
AMLdataset/release/images\images_4507.jpg,75
AMLdataset/release/images_augmentation\aug_0_images_4507.jpg,75
AMLdataset/release/images_augmentation\aug_1_images_4507.jpg,75
AMLdataset/release/images\images_4508.jpg,75
AMLdataset/release/images_augmentation\aug_0_images_4508.jpg,75
AMLdataset/release/images_augmentation\aug_1_images_4508.jpg,75
AMLdataset/release/images\images_4509.jpg,75
AMLdataset/release/images_augmentation\aug_0_images_4509.jpg,75
AMLdataset/release/images_augmentation\aug_1_images_4509.jpg,75
AMLdataset/release/images\images_4510.jpg,75
AMLdataset/release/images_augmentation\aug_0_images_4510.jpg,75
AMLdataset/release/images_augmentation\aug_1_images_4510.jpg,75
AMLdataset/release/images\images_4511.jpg,75
AMLdataset/release/images_augmentation\aug_0_images_4511.jpg,75
AMLdataset/release/images_augmentation\aug_1_images_4511.jpg,75
AMLdataset/release/images\images_4512.jpg,75
AMLdataset/release/images_augmentation\aug_0_images_4512.jpg,75
AMLdataset/release/images_augmentation\aug_1_images_4512.jpg,75
AMLdataset/release/images\images_4513.jpg,75
AMLdataset/release/images_augmentation\aug_0_images_4513.jpg,75
AMLdataset/release/images_augmentation\aug_1_images_4513.jpg,75
AMLdataset/release/images\images_4514.jpg,75
AMLdataset/release/images_augmentation\aug_0_images_4514.jpg,75
AMLdataset/release/images_augmentation\aug_1_images_4514.jpg,75
AMLdataset/release/images\images_4515.jpg,75
AMLdataset/release/images_augmentation\aug_0_images_4515.jpg,75
AMLdataset/release/images_augmentation\aug_1_images_4515.jpg,75
AMLdataset/release/images\images_4516.jpg,75
AMLdataset/release/images_augmentation\aug_0_images_4516.jpg,75
AMLdataset/release/images_augmentation\aug_1_images_4516.jpg,75
AMLdataset/release/images\images_4517.jpg,75
AMLdataset/release/images_augmentation\aug_0_images_4517.jpg,75
AMLdataset/release/images_augmentation\aug_1_images_4517.jpg,75
AMLdataset/release/images\images_4518.jpg,75
AMLdataset/release/images_augmentation\aug_0_images_4518.jpg,75
AMLdataset/release/images_augmentation\aug_1_images_4518.jpg,75
AMLdataset/release/images\images_4519.jpg,75
AMLdataset/release/images_augmentation\aug_0_images_4519.jpg,75
AMLdataset/release/images_augmentation\aug_1_images_4519.jpg,75
AMLdataset/release/images\images_4520.jpg,75
AMLdataset/release/images_augmentation\aug_0_images_4520.jpg,75
AMLdataset/release/images_augmentation\aug_1_images_4520.jpg,75
AMLdataset/release/images\images_4521.jpg,281
AMLdataset/release/images_augmentation\aug_0_images_4521.jpg,281
AMLdataset/release/images_augmentation\aug_1_images_4521.jpg,281
AMLdataset/release/images\images_4522.jpg,281
AMLdataset/release/images_augmentation\aug_0_images_4522.jpg,281
AMLdataset/release/images_augmentation\aug_1_images_4522.jpg,281
AMLdataset/release/images\images_4523.jpg,281
AMLdataset/release/images_augmentation\aug_0_images_4523.jpg,281
AMLdataset/release/images_augmentation\aug_1_images_4523.jpg,281
AMLdataset/release/images\images_4524.jpg,281
AMLdataset/release/images_augmentation\aug_0_images_4524.jpg,281
AMLdataset/release/images_augmentation\aug_1_images_4524.jpg,281
AMLdataset/release/images\images_4525.jpg,281
AMLdataset/release/images_augmentation\aug_0_images_4525.jpg,281
AMLdataset/release/images_augmentation\aug_1_images_4525.jpg,281
AMLdataset/release/images\images_4526.jpg,281
AMLdataset/release/images_augmentation\aug_0_images_4526.jpg,281
AMLdataset/release/images_augmentation\aug_1_images_4526.jpg,281
AMLdataset/release/images\images_4527.jpg,281
AMLdataset/release/images_augmentation\aug_0_images_4527.jpg,281
AMLdataset/release/images_augmentation\aug_1_images_4527.jpg,281
AMLdataset/release/images\images_4528.jpg,281
AMLdataset/release/images_augmentation\aug_0_images_4528.jpg,281
AMLdataset/release/images_augmentation\aug_1_images_4528.jpg,281
AMLdataset/release/images\images_4529.jpg,281
AMLdataset/release/images_augmentation\aug_0_images_4529.jpg,281
AMLdataset/release/images_augmentation\aug_1_images_4529.jpg,281
AMLdataset/release/images\images_4530.jpg,281
AMLdataset/release/images_augmentation\aug_0_images_4530.jpg,281
AMLdataset/release/images_augmentation\aug_1_images_4530.jpg,281
AMLdataset/release/images\images_4531.jpg,281
AMLdataset/release/images_augmentation\aug_0_images_4531.jpg,281
AMLdataset/release/images_augmentation\aug_1_images_4531.jpg,281
AMLdataset/release/images\images_4532.jpg,281
AMLdataset/release/images_augmentation\aug_0_images_4532.jpg,281
AMLdataset/release/images_augmentation\aug_1_images_4532.jpg,281
AMLdataset/release/images\images_4533.jpg,281
AMLdataset/release/images_augmentation\aug_0_images_4533.jpg,281
AMLdataset/release/images_augmentation\aug_1_images_4533.jpg,281
AMLdataset/release/images\images_4534.jpg,281
AMLdataset/release/images_augmentation\aug_0_images_4534.jpg,281
AMLdataset/release/images_augmentation\aug_1_images_4534.jpg,281
AMLdataset/release/images\images_4535.jpg,281
AMLdataset/release/images_augmentation\aug_0_images_4535.jpg,281
AMLdataset/release/images_augmentation\aug_1_images_4535.jpg,281
AMLdataset/release/images\images_4536.jpg,281
AMLdataset/release/images_augmentation\aug_0_images_4536.jpg,281
AMLdataset/release/images_augmentation\aug_1_images_4536.jpg,281
AMLdataset/release/images\images_4537.jpg,281
AMLdataset/release/images_augmentation\aug_0_images_4537.jpg,281
AMLdataset/release/images_augmentation\aug_1_images_4537.jpg,281
AMLdataset/release/images\images_4538.jpg,281
AMLdataset/release/images_augmentation\aug_0_images_4538.jpg,281
AMLdataset/release/images_augmentation\aug_1_images_4538.jpg,281
AMLdataset/release/images\images_4539.jpg,281
AMLdataset/release/images_augmentation\aug_0_images_4539.jpg,281
AMLdataset/release/images_augmentation\aug_1_images_4539.jpg,281
AMLdataset/release/images\images_4540.jpg,281
AMLdataset/release/images_augmentation\aug_0_images_4540.jpg,281
AMLdataset/release/images_augmentation\aug_1_images_4540.jpg,281
AMLdataset/release/images\images_4541.jpg,290
AMLdataset/release/images_augmentation\aug_0_images_4541.jpg,290
AMLdataset/release/images_augmentation\aug_1_images_4541.jpg,290
AMLdataset/release/images\images_4542.jpg,290
AMLdataset/release/images_augmentation\aug_0_images_4542.jpg,290
AMLdataset/release/images_augmentation\aug_1_images_4542.jpg,290
AMLdataset/release/images\images_4543.jpg,290
AMLdataset/release/images_augmentation\aug_0_images_4543.jpg,290
AMLdataset/release/images_augmentation\aug_1_images_4543.jpg,290
AMLdataset/release/images\images_4544.jpg,290
AMLdataset/release/images_augmentation\aug_0_images_4544.jpg,290
AMLdataset/release/images_augmentation\aug_1_images_4544.jpg,290
AMLdataset/release/images\images_4545.jpg,290
AMLdataset/release/images_augmentation\aug_0_images_4545.jpg,290
AMLdataset/release/images_augmentation\aug_1_images_4545.jpg,290
AMLdataset/release/images\images_4546.jpg,290
AMLdataset/release/images_augmentation\aug_0_images_4546.jpg,290
AMLdataset/release/images_augmentation\aug_1_images_4546.jpg,290
AMLdataset/release/images\images_4547.jpg,290
AMLdataset/release/images_augmentation\aug_0_images_4547.jpg,290
AMLdataset/release/images_augmentation\aug_1_images_4547.jpg,290
AMLdataset/release/images\images_4548.jpg,290
AMLdataset/release/images_augmentation\aug_0_images_4548.jpg,290
AMLdataset/release/images_augmentation\aug_1_images_4548.jpg,290
AMLdataset/release/images\images_4549.jpg,290
AMLdataset/release/images_augmentation\aug_0_images_4549.jpg,290
AMLdataset/release/images_augmentation\aug_1_images_4549.jpg,290
AMLdataset/release/images\images_4550.jpg,290
AMLdataset/release/images_augmentation\aug_0_images_4550.jpg,290
AMLdataset/release/images_augmentation\aug_1_images_4550.jpg,290
AMLdataset/release/images\images_4551.jpg,290
AMLdataset/release/images_augmentation\aug_0_images_4551.jpg,290
AMLdataset/release/images_augmentation\aug_1_images_4551.jpg,290
AMLdataset/release/images\images_4552.jpg,290
AMLdataset/release/images_augmentation\aug_0_images_4552.jpg,290
AMLdataset/release/images_augmentation\aug_1_images_4552.jpg,290
AMLdataset/release/images\images_4553.jpg,290
AMLdataset/release/images_augmentation\aug_0_images_4553.jpg,290
AMLdataset/release/images_augmentation\aug_1_images_4553.jpg,290
AMLdataset/release/images\images_4554.jpg,290
AMLdataset/release/images_augmentation\aug_0_images_4554.jpg,290
AMLdataset/release/images_augmentation\aug_1_images_4554.jpg,290
AMLdataset/release/images\images_4555.jpg,290
AMLdataset/release/images_augmentation\aug_0_images_4555.jpg,290
AMLdataset/release/images_augmentation\aug_1_images_4555.jpg,290
AMLdataset/release/images\images_4556.jpg,290
AMLdataset/release/images_augmentation\aug_0_images_4556.jpg,290
AMLdataset/release/images_augmentation\aug_1_images_4556.jpg,290
AMLdataset/release/images\images_4557.jpg,290
AMLdataset/release/images_augmentation\aug_0_images_4557.jpg,290
AMLdataset/release/images_augmentation\aug_1_images_4557.jpg,290
AMLdataset/release/images\images_4558.jpg,290
AMLdataset/release/images_augmentation\aug_0_images_4558.jpg,290
AMLdataset/release/images_augmentation\aug_1_images_4558.jpg,290
AMLdataset/release/images\images_4559.jpg,290
AMLdataset/release/images_augmentation\aug_0_images_4559.jpg,290
AMLdataset/release/images_augmentation\aug_1_images_4559.jpg,290
AMLdataset/release/images\images_4560.jpg,290
AMLdataset/release/images_augmentation\aug_0_images_4560.jpg,290
AMLdataset/release/images_augmentation\aug_1_images_4560.jpg,290
AMLdataset/release/images\images_4561.jpg,164
AMLdataset/release/images_augmentation\aug_0_images_4561.jpg,164
AMLdataset/release/images_augmentation\aug_1_images_4561.jpg,164
AMLdataset/release/images\images_4562.jpg,164
AMLdataset/release/images_augmentation\aug_0_images_4562.jpg,164
AMLdataset/release/images_augmentation\aug_1_images_4562.jpg,164
AMLdataset/release/images\images_4563.jpg,164
AMLdataset/release/images_augmentation\aug_0_images_4563.jpg,164
AMLdataset/release/images_augmentation\aug_1_images_4563.jpg,164
AMLdataset/release/images\images_4564.jpg,164
AMLdataset/release/images_augmentation\aug_0_images_4564.jpg,164
AMLdataset/release/images_augmentation\aug_1_images_4564.jpg,164
AMLdataset/release/images\images_4565.jpg,164
AMLdataset/release/images_augmentation\aug_0_images_4565.jpg,164
AMLdataset/release/images_augmentation\aug_1_images_4565.jpg,164
AMLdataset/release/images\images_4566.jpg,164
AMLdataset/release/images_augmentation\aug_0_images_4566.jpg,164
AMLdataset/release/images_augmentation\aug_1_images_4566.jpg,164
AMLdataset/release/images\images_4567.jpg,164
AMLdataset/release/images_augmentation\aug_0_images_4567.jpg,164
AMLdataset/release/images_augmentation\aug_1_images_4567.jpg,164
AMLdataset/release/images\images_4568.jpg,164
AMLdataset/release/images_augmentation\aug_0_images_4568.jpg,164
AMLdataset/release/images_augmentation\aug_1_images_4568.jpg,164
AMLdataset/release/images\images_4569.jpg,164
AMLdataset/release/images_augmentation\aug_0_images_4569.jpg,164
AMLdataset/release/images_augmentation\aug_1_images_4569.jpg,164
AMLdataset/release/images\images_4570.jpg,164
AMLdataset/release/images_augmentation\aug_0_images_4570.jpg,164
AMLdataset/release/images_augmentation\aug_1_images_4570.jpg,164
AMLdataset/release/images\images_4571.jpg,164
AMLdataset/release/images_augmentation\aug_0_images_4571.jpg,164
AMLdataset/release/images_augmentation\aug_1_images_4571.jpg,164
AMLdataset/release/images\images_4572.jpg,164
AMLdataset/release/images_augmentation\aug_0_images_4572.jpg,164
AMLdataset/release/images_augmentation\aug_1_images_4572.jpg,164
AMLdataset/release/images\images_4573.jpg,164
AMLdataset/release/images_augmentation\aug_0_images_4573.jpg,164
AMLdataset/release/images_augmentation\aug_1_images_4573.jpg,164
AMLdataset/release/images\images_4574.jpg,164
AMLdataset/release/images_augmentation\aug_0_images_4574.jpg,164
AMLdataset/release/images_augmentation\aug_1_images_4574.jpg,164
AMLdataset/release/images\images_4575.jpg,164
AMLdataset/release/images_augmentation\aug_0_images_4575.jpg,164
AMLdataset/release/images_augmentation\aug_1_images_4575.jpg,164
AMLdataset/release/images\images_4576.jpg,164
AMLdataset/release/images_augmentation\aug_0_images_4576.jpg,164
AMLdataset/release/images_augmentation\aug_1_images_4576.jpg,164
AMLdataset/release/images\images_4577.jpg,164
AMLdataset/release/images_augmentation\aug_0_images_4577.jpg,164
AMLdataset/release/images_augmentation\aug_1_images_4577.jpg,164
AMLdataset/release/images\images_4578.jpg,164
AMLdataset/release/images_augmentation\aug_0_images_4578.jpg,164
AMLdataset/release/images_augmentation\aug_1_images_4578.jpg,164
AMLdataset/release/images\images_4579.jpg,164
AMLdataset/release/images_augmentation\aug_0_images_4579.jpg,164
AMLdataset/release/images_augmentation\aug_1_images_4579.jpg,164
AMLdataset/release/images\images_4580.jpg,164
AMLdataset/release/images_augmentation\aug_0_images_4580.jpg,164
AMLdataset/release/images_augmentation\aug_1_images_4580.jpg,164
AMLdataset/release/images\images_4581.jpg,196
AMLdataset/release/images_augmentation\aug_0_images_4581.jpg,196
AMLdataset/release/images_augmentation\aug_1_images_4581.jpg,196
AMLdataset/release/images\images_4582.jpg,196
AMLdataset/release/images_augmentation\aug_0_images_4582.jpg,196
AMLdataset/release/images_augmentation\aug_1_images_4582.jpg,196
AMLdataset/release/images\images_4583.jpg,196
AMLdataset/release/images_augmentation\aug_0_images_4583.jpg,196
AMLdataset/release/images_augmentation\aug_1_images_4583.jpg,196
AMLdataset/release/images\images_4584.jpg,196
AMLdataset/release/images_augmentation\aug_0_images_4584.jpg,196
AMLdataset/release/images_augmentation\aug_1_images_4584.jpg,196
AMLdataset/release/images\images_4585.jpg,196
AMLdataset/release/images_augmentation\aug_0_images_4585.jpg,196
AMLdataset/release/images_augmentation\aug_1_images_4585.jpg,196
AMLdataset/release/images\images_4586.jpg,196
AMLdataset/release/images_augmentation\aug_0_images_4586.jpg,196
AMLdataset/release/images_augmentation\aug_1_images_4586.jpg,196
AMLdataset/release/images\images_4587.jpg,196
AMLdataset/release/images_augmentation\aug_0_images_4587.jpg,196
AMLdataset/release/images_augmentation\aug_1_images_4587.jpg,196
AMLdataset/release/images\images_4588.jpg,196
AMLdataset/release/images_augmentation\aug_0_images_4588.jpg,196
AMLdataset/release/images_augmentation\aug_1_images_4588.jpg,196
AMLdataset/release/images\images_4589.jpg,196
AMLdataset/release/images_augmentation\aug_0_images_4589.jpg,196
AMLdataset/release/images_augmentation\aug_1_images_4589.jpg,196
AMLdataset/release/images\images_4590.jpg,196
AMLdataset/release/images_augmentation\aug_0_images_4590.jpg,196
AMLdataset/release/images_augmentation\aug_1_images_4590.jpg,196
AMLdataset/release/images\images_4591.jpg,196
AMLdataset/release/images_augmentation\aug_0_images_4591.jpg,196
AMLdataset/release/images_augmentation\aug_1_images_4591.jpg,196
AMLdataset/release/images\images_4592.jpg,196
AMLdataset/release/images\images_4593.jpg,196
AMLdataset/release/images_augmentation\aug_0_images_4593.jpg,196
AMLdataset/release/images_augmentation\aug_1_images_4593.jpg,196
AMLdataset/release/images\images_4594.jpg,196
AMLdataset/release/images_augmentation\aug_0_images_4594.jpg,196
AMLdataset/release/images_augmentation\aug_1_images_4594.jpg,196
AMLdataset/release/images\images_4595.jpg,196
AMLdataset/release/images_augmentation\aug_0_images_4595.jpg,196
AMLdataset/release/images_augmentation\aug_1_images_4595.jpg,196
AMLdataset/release/images\images_4596.jpg,196
AMLdataset/release/images_augmentation\aug_0_images_4596.jpg,196
AMLdataset/release/images_augmentation\aug_1_images_4596.jpg,196
AMLdataset/release/images\images_4597.jpg,196
AMLdataset/release/images_augmentation\aug_0_images_4597.jpg,196
AMLdataset/release/images_augmentation\aug_1_images_4597.jpg,196
AMLdataset/release/images\images_4598.jpg,196
AMLdataset/release/images_augmentation\aug_0_images_4598.jpg,196
AMLdataset/release/images_augmentation\aug_1_images_4598.jpg,196
AMLdataset/release/images\images_4599.jpg,196
AMLdataset/release/images_augmentation\aug_0_images_4599.jpg,196
AMLdataset/release/images_augmentation\aug_1_images_4599.jpg,196
AMLdataset/release/images\images_4600.jpg,196
AMLdataset/release/images_augmentation\aug_0_images_4600.jpg,196
AMLdataset/release/images_augmentation\aug_1_images_4600.jpg,196
AMLdataset/release/images\images_4601.jpg,68
AMLdataset/release/images_augmentation\aug_0_images_4601.jpg,68
AMLdataset/release/images_augmentation\aug_1_images_4601.jpg,68
AMLdataset/release/images\images_4602.jpg,68
AMLdataset/release/images_augmentation\aug_0_images_4602.jpg,68
AMLdataset/release/images_augmentation\aug_1_images_4602.jpg,68
AMLdataset/release/images\images_4603.jpg,68
AMLdataset/release/images_augmentation\aug_0_images_4603.jpg,68
AMLdataset/release/images_augmentation\aug_1_images_4603.jpg,68
AMLdataset/release/images\images_4604.jpg,68
AMLdataset/release/images_augmentation\aug_0_images_4604.jpg,68
AMLdataset/release/images_augmentation\aug_1_images_4604.jpg,68
AMLdataset/release/images\images_4605.jpg,68
AMLdataset/release/images_augmentation\aug_0_images_4605.jpg,68
AMLdataset/release/images_augmentation\aug_1_images_4605.jpg,68
AMLdataset/release/images\images_4606.jpg,68
AMLdataset/release/images_augmentation\aug_0_images_4606.jpg,68
AMLdataset/release/images_augmentation\aug_1_images_4606.jpg,68
AMLdataset/release/images\images_4607.jpg,68
AMLdataset/release/images_augmentation\aug_0_images_4607.jpg,68
AMLdataset/release/images_augmentation\aug_1_images_4607.jpg,68
AMLdataset/release/images\images_4608.jpg,68
AMLdataset/release/images_augmentation\aug_0_images_4608.jpg,68
AMLdataset/release/images_augmentation\aug_1_images_4608.jpg,68
AMLdataset/release/images\images_4609.jpg,68
AMLdataset/release/images_augmentation\aug_0_images_4609.jpg,68
AMLdataset/release/images_augmentation\aug_1_images_4609.jpg,68
AMLdataset/release/images\images_4610.jpg,68
AMLdataset/release/images_augmentation\aug_0_images_4610.jpg,68
AMLdataset/release/images_augmentation\aug_1_images_4610.jpg,68
AMLdataset/release/images\images_4611.jpg,68
AMLdataset/release/images_augmentation\aug_0_images_4611.jpg,68
AMLdataset/release/images_augmentation\aug_1_images_4611.jpg,68
AMLdataset/release/images\images_4612.jpg,68
AMLdataset/release/images_augmentation\aug_0_images_4612.jpg,68
AMLdataset/release/images_augmentation\aug_1_images_4612.jpg,68
AMLdataset/release/images\images_4613.jpg,68
AMLdataset/release/images_augmentation\aug_0_images_4613.jpg,68
AMLdataset/release/images_augmentation\aug_1_images_4613.jpg,68
AMLdataset/release/images\images_4614.jpg,68
AMLdataset/release/images_augmentation\aug_0_images_4614.jpg,68
AMLdataset/release/images_augmentation\aug_1_images_4614.jpg,68
AMLdataset/release/images\images_4615.jpg,68
AMLdataset/release/images_augmentation\aug_0_images_4615.jpg,68
AMLdataset/release/images_augmentation\aug_1_images_4615.jpg,68
AMLdataset/release/images\images_4616.jpg,68
AMLdataset/release/images_augmentation\aug_0_images_4616.jpg,68
AMLdataset/release/images_augmentation\aug_1_images_4616.jpg,68
AMLdataset/release/images\images_4617.jpg,68
AMLdataset/release/images_augmentation\aug_0_images_4617.jpg,68
AMLdataset/release/images_augmentation\aug_1_images_4617.jpg,68
AMLdataset/release/images\images_4618.jpg,68
AMLdataset/release/images_augmentation\aug_0_images_4618.jpg,68
AMLdataset/release/images_augmentation\aug_1_images_4618.jpg,68
AMLdataset/release/images\images_4619.jpg,68
AMLdataset/release/images_augmentation\aug_0_images_4619.jpg,68
AMLdataset/release/images_augmentation\aug_1_images_4619.jpg,68
AMLdataset/release/images\images_4620.jpg,68
AMLdataset/release/images_augmentation\aug_0_images_4620.jpg,68
AMLdataset/release/images_augmentation\aug_1_images_4620.jpg,68
AMLdataset/release/images\images_4621.jpg,192
AMLdataset/release/images_augmentation\aug_0_images_4621.jpg,192
AMLdataset/release/images_augmentation\aug_1_images_4621.jpg,192
AMLdataset/release/images\images_4622.jpg,192
AMLdataset/release/images_augmentation\aug_0_images_4622.jpg,192
AMLdataset/release/images_augmentation\aug_1_images_4622.jpg,192
AMLdataset/release/images\images_4623.jpg,192
AMLdataset/release/images_augmentation\aug_0_images_4623.jpg,192
AMLdataset/release/images_augmentation\aug_1_images_4623.jpg,192
AMLdataset/release/images\images_4624.jpg,192
AMLdataset/release/images_augmentation\aug_0_images_4624.jpg,192
AMLdataset/release/images_augmentation\aug_1_images_4624.jpg,192
AMLdataset/release/images\images_4625.jpg,192
AMLdataset/release/images_augmentation\aug_0_images_4625.jpg,192
AMLdataset/release/images_augmentation\aug_1_images_4625.jpg,192
AMLdataset/release/images\images_4626.jpg,192
AMLdataset/release/images_augmentation\aug_0_images_4626.jpg,192
AMLdataset/release/images_augmentation\aug_1_images_4626.jpg,192
AMLdataset/release/images\images_4627.jpg,192
AMLdataset/release/images_augmentation\aug_0_images_4627.jpg,192
AMLdataset/release/images_augmentation\aug_1_images_4627.jpg,192
AMLdataset/release/images\images_4628.jpg,192
AMLdataset/release/images_augmentation\aug_0_images_4628.jpg,192
AMLdataset/release/images_augmentation\aug_1_images_4628.jpg,192
AMLdataset/release/images\images_4629.jpg,192
AMLdataset/release/images_augmentation\aug_0_images_4629.jpg,192
AMLdataset/release/images_augmentation\aug_1_images_4629.jpg,192
AMLdataset/release/images\images_4630.jpg,192
AMLdataset/release/images_augmentation\aug_0_images_4630.jpg,192
AMLdataset/release/images_augmentation\aug_1_images_4630.jpg,192
AMLdataset/release/images\images_4631.jpg,192
AMLdataset/release/images_augmentation\aug_0_images_4631.jpg,192
AMLdataset/release/images_augmentation\aug_1_images_4631.jpg,192
AMLdataset/release/images\images_4632.jpg,192
AMLdataset/release/images_augmentation\aug_0_images_4632.jpg,192
AMLdataset/release/images_augmentation\aug_1_images_4632.jpg,192
AMLdataset/release/images\images_4633.jpg,192
AMLdataset/release/images_augmentation\aug_0_images_4633.jpg,192
AMLdataset/release/images_augmentation\aug_1_images_4633.jpg,192
AMLdataset/release/images\images_4634.jpg,192
AMLdataset/release/images_augmentation\aug_0_images_4634.jpg,192
AMLdataset/release/images_augmentation\aug_1_images_4634.jpg,192
AMLdataset/release/images\images_4635.jpg,192
AMLdataset/release/images_augmentation\aug_0_images_4635.jpg,192
AMLdataset/release/images_augmentation\aug_1_images_4635.jpg,192
AMLdataset/release/images\images_4636.jpg,192
AMLdataset/release/images_augmentation\aug_0_images_4636.jpg,192
AMLdataset/release/images_augmentation\aug_1_images_4636.jpg,192
AMLdataset/release/images\images_4637.jpg,192
AMLdataset/release/images_augmentation\aug_0_images_4637.jpg,192
AMLdataset/release/images_augmentation\aug_1_images_4637.jpg,192
AMLdataset/release/images\images_4638.jpg,192
AMLdataset/release/images_augmentation\aug_0_images_4638.jpg,192
AMLdataset/release/images_augmentation\aug_1_images_4638.jpg,192
AMLdataset/release/images\images_4639.jpg,192
AMLdataset/release/images_augmentation\aug_0_images_4639.jpg,192
AMLdataset/release/images_augmentation\aug_1_images_4639.jpg,192
AMLdataset/release/images\images_4640.jpg,192
AMLdataset/release/images_augmentation\aug_0_images_4640.jpg,192
AMLdataset/release/images_augmentation\aug_1_images_4640.jpg,192
AMLdataset/release/images\images_4641.jpg,276
AMLdataset/release/images_augmentation\aug_0_images_4641.jpg,276
AMLdataset/release/images_augmentation\aug_1_images_4641.jpg,276
AMLdataset/release/images\images_4642.jpg,276
AMLdataset/release/images_augmentation\aug_0_images_4642.jpg,276
AMLdataset/release/images_augmentation\aug_1_images_4642.jpg,276
AMLdataset/release/images\images_4643.jpg,276
AMLdataset/release/images_augmentation\aug_0_images_4643.jpg,276
AMLdataset/release/images_augmentation\aug_1_images_4643.jpg,276
AMLdataset/release/images\images_4644.jpg,276
AMLdataset/release/images_augmentation\aug_0_images_4644.jpg,276
AMLdataset/release/images_augmentation\aug_1_images_4644.jpg,276
AMLdataset/release/images\images_4645.jpg,276
AMLdataset/release/images_augmentation\aug_0_images_4645.jpg,276
AMLdataset/release/images_augmentation\aug_1_images_4645.jpg,276
AMLdataset/release/images\images_4646.jpg,276
AMLdataset/release/images_augmentation\aug_0_images_4646.jpg,276
AMLdataset/release/images_augmentation\aug_1_images_4646.jpg,276
AMLdataset/release/images\images_4647.jpg,276
AMLdataset/release/images_augmentation\aug_0_images_4647.jpg,276
AMLdataset/release/images_augmentation\aug_1_images_4647.jpg,276
AMLdataset/release/images\images_4648.jpg,276
AMLdataset/release/images_augmentation\aug_0_images_4648.jpg,276
AMLdataset/release/images_augmentation\aug_1_images_4648.jpg,276
AMLdataset/release/images\images_4649.jpg,276
AMLdataset/release/images_augmentation\aug_0_images_4649.jpg,276
AMLdataset/release/images_augmentation\aug_1_images_4649.jpg,276
AMLdataset/release/images\images_4650.jpg,276
AMLdataset/release/images_augmentation\aug_0_images_4650.jpg,276
AMLdataset/release/images_augmentation\aug_1_images_4650.jpg,276
AMLdataset/release/images\images_4651.jpg,276
AMLdataset/release/images_augmentation\aug_0_images_4651.jpg,276
AMLdataset/release/images_augmentation\aug_1_images_4651.jpg,276
AMLdataset/release/images\images_4652.jpg,276
AMLdataset/release/images_augmentation\aug_0_images_4652.jpg,276
AMLdataset/release/images_augmentation\aug_1_images_4652.jpg,276
AMLdataset/release/images\images_4653.jpg,276
AMLdataset/release/images_augmentation\aug_0_images_4653.jpg,276
AMLdataset/release/images_augmentation\aug_1_images_4653.jpg,276
AMLdataset/release/images\images_4654.jpg,276
AMLdataset/release/images_augmentation\aug_0_images_4654.jpg,276
AMLdataset/release/images_augmentation\aug_1_images_4654.jpg,276
AMLdataset/release/images\images_4655.jpg,276
AMLdataset/release/images_augmentation\aug_0_images_4655.jpg,276
AMLdataset/release/images_augmentation\aug_1_images_4655.jpg,276
AMLdataset/release/images\images_4656.jpg,276
AMLdataset/release/images_augmentation\aug_0_images_4656.jpg,276
AMLdataset/release/images_augmentation\aug_1_images_4656.jpg,276
AMLdataset/release/images\images_4657.jpg,276
AMLdataset/release/images_augmentation\aug_0_images_4657.jpg,276
AMLdataset/release/images_augmentation\aug_1_images_4657.jpg,276
AMLdataset/release/images\images_4658.jpg,276
AMLdataset/release/images_augmentation\aug_0_images_4658.jpg,276
AMLdataset/release/images_augmentation\aug_1_images_4658.jpg,276
AMLdataset/release/images\images_4659.jpg,276
AMLdataset/release/images_augmentation\aug_0_images_4659.jpg,276
AMLdataset/release/images_augmentation\aug_1_images_4659.jpg,276
AMLdataset/release/images\images_4660.jpg,276
AMLdataset/release/images_augmentation\aug_0_images_4660.jpg,276
AMLdataset/release/images_augmentation\aug_1_images_4660.jpg,276
AMLdataset/release/images\images_4661.jpg,226
AMLdataset/release/images_augmentation\aug_0_images_4661.jpg,226
AMLdataset/release/images_augmentation\aug_1_images_4661.jpg,226
AMLdataset/release/images\images_4662.jpg,226
AMLdataset/release/images_augmentation\aug_0_images_4662.jpg,226
AMLdataset/release/images_augmentation\aug_1_images_4662.jpg,226
AMLdataset/release/images\images_4663.jpg,226
AMLdataset/release/images_augmentation\aug_0_images_4663.jpg,226
AMLdataset/release/images_augmentation\aug_1_images_4663.jpg,226
AMLdataset/release/images\images_4664.jpg,226
AMLdataset/release/images_augmentation\aug_0_images_4664.jpg,226
AMLdataset/release/images_augmentation\aug_1_images_4664.jpg,226
AMLdataset/release/images\images_4665.jpg,226
AMLdataset/release/images_augmentation\aug_0_images_4665.jpg,226
AMLdataset/release/images_augmentation\aug_1_images_4665.jpg,226
AMLdataset/release/images\images_4666.jpg,226
AMLdataset/release/images_augmentation\aug_0_images_4666.jpg,226
AMLdataset/release/images_augmentation\aug_1_images_4666.jpg,226
AMLdataset/release/images\images_4667.jpg,226
AMLdataset/release/images_augmentation\aug_0_images_4667.jpg,226
AMLdataset/release/images_augmentation\aug_1_images_4667.jpg,226
AMLdataset/release/images\images_4668.jpg,226
AMLdataset/release/images_augmentation\aug_0_images_4668.jpg,226
AMLdataset/release/images_augmentation\aug_1_images_4668.jpg,226
AMLdataset/release/images\images_4669.jpg,226
AMLdataset/release/images_augmentation\aug_0_images_4669.jpg,226
AMLdataset/release/images_augmentation\aug_1_images_4669.jpg,226
AMLdataset/release/images\images_4670.jpg,226
AMLdataset/release/images_augmentation\aug_0_images_4670.jpg,226
AMLdataset/release/images_augmentation\aug_1_images_4670.jpg,226
AMLdataset/release/images\images_4671.jpg,226
AMLdataset/release/images_augmentation\aug_0_images_4671.jpg,226
AMLdataset/release/images_augmentation\aug_1_images_4671.jpg,226
AMLdataset/release/images\images_4672.jpg,226
AMLdataset/release/images_augmentation\aug_0_images_4672.jpg,226
AMLdataset/release/images_augmentation\aug_1_images_4672.jpg,226
AMLdataset/release/images\images_4673.jpg,226
AMLdataset/release/images_augmentation\aug_0_images_4673.jpg,226
AMLdataset/release/images_augmentation\aug_1_images_4673.jpg,226
AMLdataset/release/images\images_4674.jpg,226
AMLdataset/release/images_augmentation\aug_0_images_4674.jpg,226
AMLdataset/release/images_augmentation\aug_1_images_4674.jpg,226
AMLdataset/release/images\images_4675.jpg,226
AMLdataset/release/images_augmentation\aug_0_images_4675.jpg,226
AMLdataset/release/images_augmentation\aug_1_images_4675.jpg,226
AMLdataset/release/images\images_4676.jpg,226
AMLdataset/release/images_augmentation\aug_0_images_4676.jpg,226
AMLdataset/release/images_augmentation\aug_1_images_4676.jpg,226
AMLdataset/release/images\images_4677.jpg,226
AMLdataset/release/images_augmentation\aug_0_images_4677.jpg,226
AMLdataset/release/images_augmentation\aug_1_images_4677.jpg,226
AMLdataset/release/images\images_4678.jpg,226
AMLdataset/release/images_augmentation\aug_0_images_4678.jpg,226
AMLdataset/release/images_augmentation\aug_1_images_4678.jpg,226
AMLdataset/release/images\images_4679.jpg,226
AMLdataset/release/images_augmentation\aug_0_images_4679.jpg,226
AMLdataset/release/images_augmentation\aug_1_images_4679.jpg,226
AMLdataset/release/images\images_4680.jpg,226
AMLdataset/release/images_augmentation\aug_0_images_4680.jpg,226
AMLdataset/release/images_augmentation\aug_1_images_4680.jpg,226
AMLdataset/release/images\images_4681.jpg,237
AMLdataset/release/images_augmentation\aug_0_images_4681.jpg,237
AMLdataset/release/images_augmentation\aug_1_images_4681.jpg,237
AMLdataset/release/images\images_4682.jpg,237
AMLdataset/release/images_augmentation\aug_0_images_4682.jpg,237
AMLdataset/release/images_augmentation\aug_1_images_4682.jpg,237
AMLdataset/release/images\images_4683.jpg,237
AMLdataset/release/images_augmentation\aug_0_images_4683.jpg,237
AMLdataset/release/images_augmentation\aug_1_images_4683.jpg,237
AMLdataset/release/images\images_4684.jpg,237
AMLdataset/release/images_augmentation\aug_0_images_4684.jpg,237
AMLdataset/release/images_augmentation\aug_1_images_4684.jpg,237
AMLdataset/release/images\images_4685.jpg,237
AMLdataset/release/images_augmentation\aug_0_images_4685.jpg,237
AMLdataset/release/images_augmentation\aug_1_images_4685.jpg,237
AMLdataset/release/images\images_4686.jpg,237
AMLdataset/release/images_augmentation\aug_0_images_4686.jpg,237
AMLdataset/release/images_augmentation\aug_1_images_4686.jpg,237
AMLdataset/release/images\images_4687.jpg,237
AMLdataset/release/images_augmentation\aug_0_images_4687.jpg,237
AMLdataset/release/images_augmentation\aug_1_images_4687.jpg,237
AMLdataset/release/images\images_4688.jpg,237
AMLdataset/release/images_augmentation\aug_0_images_4688.jpg,237
AMLdataset/release/images_augmentation\aug_1_images_4688.jpg,237
AMLdataset/release/images\images_4689.jpg,237
AMLdataset/release/images_augmentation\aug_0_images_4689.jpg,237
AMLdataset/release/images_augmentation\aug_1_images_4689.jpg,237
AMLdataset/release/images\images_4690.jpg,237
AMLdataset/release/images_augmentation\aug_0_images_4690.jpg,237
AMLdataset/release/images_augmentation\aug_1_images_4690.jpg,237
AMLdataset/release/images\images_4691.jpg,237
AMLdataset/release/images_augmentation\aug_0_images_4691.jpg,237
AMLdataset/release/images_augmentation\aug_1_images_4691.jpg,237
AMLdataset/release/images\images_4692.jpg,237
AMLdataset/release/images_augmentation\aug_0_images_4692.jpg,237
AMLdataset/release/images_augmentation\aug_1_images_4692.jpg,237
AMLdataset/release/images\images_4693.jpg,237
AMLdataset/release/images_augmentation\aug_0_images_4693.jpg,237
AMLdataset/release/images_augmentation\aug_1_images_4693.jpg,237
AMLdataset/release/images\images_4694.jpg,237
AMLdataset/release/images_augmentation\aug_0_images_4694.jpg,237
AMLdataset/release/images_augmentation\aug_1_images_4694.jpg,237
AMLdataset/release/images\images_4695.jpg,237
AMLdataset/release/images_augmentation\aug_0_images_4695.jpg,237
AMLdataset/release/images_augmentation\aug_1_images_4695.jpg,237
AMLdataset/release/images\images_4696.jpg,237
AMLdataset/release/images_augmentation\aug_0_images_4696.jpg,237
AMLdataset/release/images_augmentation\aug_1_images_4696.jpg,237
AMLdataset/release/images\images_4697.jpg,237
AMLdataset/release/images_augmentation\aug_0_images_4697.jpg,237
AMLdataset/release/images_augmentation\aug_1_images_4697.jpg,237
AMLdataset/release/images\images_4698.jpg,237
AMLdataset/release/images_augmentation\aug_0_images_4698.jpg,237
AMLdataset/release/images_augmentation\aug_1_images_4698.jpg,237
AMLdataset/release/images\images_4699.jpg,237
AMLdataset/release/images_augmentation\aug_0_images_4699.jpg,237
AMLdataset/release/images_augmentation\aug_1_images_4699.jpg,237
AMLdataset/release/images\images_4700.jpg,237
AMLdataset/release/images_augmentation\aug_0_images_4700.jpg,237
AMLdataset/release/images_augmentation\aug_1_images_4700.jpg,237
AMLdataset/release/images\images_4701.jpg,29
AMLdataset/release/images_augmentation\aug_0_images_4701.jpg,29
AMLdataset/release/images_augmentation\aug_1_images_4701.jpg,29
AMLdataset/release/images\images_4702.jpg,29
AMLdataset/release/images_augmentation\aug_0_images_4702.jpg,29
AMLdataset/release/images_augmentation\aug_1_images_4702.jpg,29
AMLdataset/release/images\images_4703.jpg,29
AMLdataset/release/images_augmentation\aug_0_images_4703.jpg,29
AMLdataset/release/images_augmentation\aug_1_images_4703.jpg,29
AMLdataset/release/images\images_4704.jpg,29
AMLdataset/release/images_augmentation\aug_0_images_4704.jpg,29
AMLdataset/release/images_augmentation\aug_1_images_4704.jpg,29
AMLdataset/release/images\images_4705.jpg,29
AMLdataset/release/images_augmentation\aug_0_images_4705.jpg,29
AMLdataset/release/images_augmentation\aug_1_images_4705.jpg,29
AMLdataset/release/images\images_4706.jpg,29
AMLdataset/release/images_augmentation\aug_0_images_4706.jpg,29
AMLdataset/release/images_augmentation\aug_1_images_4706.jpg,29
AMLdataset/release/images\images_4707.jpg,29
AMLdataset/release/images_augmentation\aug_0_images_4707.jpg,29
AMLdataset/release/images_augmentation\aug_1_images_4707.jpg,29
AMLdataset/release/images\images_4708.jpg,29
AMLdataset/release/images_augmentation\aug_0_images_4708.jpg,29
AMLdataset/release/images_augmentation\aug_1_images_4708.jpg,29
AMLdataset/release/images\images_4709.jpg,29
AMLdataset/release/images_augmentation\aug_0_images_4709.jpg,29
AMLdataset/release/images_augmentation\aug_1_images_4709.jpg,29
AMLdataset/release/images\images_4710.jpg,29
AMLdataset/release/images_augmentation\aug_0_images_4710.jpg,29
AMLdataset/release/images_augmentation\aug_1_images_4710.jpg,29
AMLdataset/release/images\images_4711.jpg,29
AMLdataset/release/images_augmentation\aug_0_images_4711.jpg,29
AMLdataset/release/images_augmentation\aug_1_images_4711.jpg,29
AMLdataset/release/images\images_4712.jpg,29
AMLdataset/release/images_augmentation\aug_0_images_4712.jpg,29
AMLdataset/release/images_augmentation\aug_1_images_4712.jpg,29
AMLdataset/release/images\images_4713.jpg,29
AMLdataset/release/images_augmentation\aug_0_images_4713.jpg,29
AMLdataset/release/images_augmentation\aug_1_images_4713.jpg,29
AMLdataset/release/images\images_4714.jpg,29
AMLdataset/release/images_augmentation\aug_0_images_4714.jpg,29
AMLdataset/release/images_augmentation\aug_1_images_4714.jpg,29
AMLdataset/release/images\images_4715.jpg,29
AMLdataset/release/images_augmentation\aug_0_images_4715.jpg,29
AMLdataset/release/images_augmentation\aug_1_images_4715.jpg,29
AMLdataset/release/images\images_4716.jpg,29
AMLdataset/release/images_augmentation\aug_0_images_4716.jpg,29
AMLdataset/release/images_augmentation\aug_1_images_4716.jpg,29
AMLdataset/release/images\images_4717.jpg,29
AMLdataset/release/images_augmentation\aug_0_images_4717.jpg,29
AMLdataset/release/images_augmentation\aug_1_images_4717.jpg,29
AMLdataset/release/images\images_4718.jpg,29
AMLdataset/release/images_augmentation\aug_0_images_4718.jpg,29
AMLdataset/release/images_augmentation\aug_1_images_4718.jpg,29
AMLdataset/release/images\images_4719.jpg,29
AMLdataset/release/images_augmentation\aug_0_images_4719.jpg,29
AMLdataset/release/images_augmentation\aug_1_images_4719.jpg,29
AMLdataset/release/images\images_4720.jpg,29
AMLdataset/release/images_augmentation\aug_0_images_4720.jpg,29
AMLdataset/release/images_augmentation\aug_1_images_4720.jpg,29
AMLdataset/release/images\images_4721.jpg,184
AMLdataset/release/images_augmentation\aug_0_images_4721.jpg,184
AMLdataset/release/images_augmentation\aug_1_images_4721.jpg,184
AMLdataset/release/images\images_4722.jpg,184
AMLdataset/release/images_augmentation\aug_0_images_4722.jpg,184
AMLdataset/release/images_augmentation\aug_1_images_4722.jpg,184
AMLdataset/release/images\images_4723.jpg,184
AMLdataset/release/images_augmentation\aug_0_images_4723.jpg,184
AMLdataset/release/images_augmentation\aug_1_images_4723.jpg,184
AMLdataset/release/images\images_4724.jpg,184
AMLdataset/release/images_augmentation\aug_0_images_4724.jpg,184
AMLdataset/release/images_augmentation\aug_1_images_4724.jpg,184
AMLdataset/release/images\images_4725.jpg,184
AMLdataset/release/images_augmentation\aug_0_images_4725.jpg,184
AMLdataset/release/images_augmentation\aug_1_images_4725.jpg,184
AMLdataset/release/images\images_4726.jpg,184
AMLdataset/release/images_augmentation\aug_0_images_4726.jpg,184
AMLdataset/release/images_augmentation\aug_1_images_4726.jpg,184
AMLdataset/release/images\images_4727.jpg,184
AMLdataset/release/images_augmentation\aug_0_images_4727.jpg,184
AMLdataset/release/images_augmentation\aug_1_images_4727.jpg,184
AMLdataset/release/images\images_4728.jpg,184
AMLdataset/release/images_augmentation\aug_0_images_4728.jpg,184
AMLdataset/release/images_augmentation\aug_1_images_4728.jpg,184
AMLdataset/release/images\images_4729.jpg,184
AMLdataset/release/images_augmentation\aug_0_images_4729.jpg,184
AMLdataset/release/images_augmentation\aug_1_images_4729.jpg,184
AMLdataset/release/images\images_4730.jpg,184
AMLdataset/release/images_augmentation\aug_0_images_4730.jpg,184
AMLdataset/release/images_augmentation\aug_1_images_4730.jpg,184
AMLdataset/release/images\images_4731.jpg,184
AMLdataset/release/images_augmentation\aug_0_images_4731.jpg,184
AMLdataset/release/images_augmentation\aug_1_images_4731.jpg,184
AMLdataset/release/images\images_4732.jpg,184
AMLdataset/release/images_augmentation\aug_0_images_4732.jpg,184
AMLdataset/release/images_augmentation\aug_1_images_4732.jpg,184
AMLdataset/release/images\images_4733.jpg,184
AMLdataset/release/images_augmentation\aug_0_images_4733.jpg,184
AMLdataset/release/images_augmentation\aug_1_images_4733.jpg,184
AMLdataset/release/images\images_4734.jpg,184
AMLdataset/release/images_augmentation\aug_0_images_4734.jpg,184
AMLdataset/release/images_augmentation\aug_1_images_4734.jpg,184
AMLdataset/release/images\images_4735.jpg,184
AMLdataset/release/images_augmentation\aug_0_images_4735.jpg,184
AMLdataset/release/images_augmentation\aug_1_images_4735.jpg,184
AMLdataset/release/images\images_4736.jpg,184
AMLdataset/release/images_augmentation\aug_0_images_4736.jpg,184
AMLdataset/release/images_augmentation\aug_1_images_4736.jpg,184
AMLdataset/release/images\images_4737.jpg,184
AMLdataset/release/images_augmentation\aug_0_images_4737.jpg,184
AMLdataset/release/images_augmentation\aug_1_images_4737.jpg,184
AMLdataset/release/images\images_4738.jpg,184
AMLdataset/release/images_augmentation\aug_0_images_4738.jpg,184
AMLdataset/release/images_augmentation\aug_1_images_4738.jpg,184
AMLdataset/release/images\images_4739.jpg,184
AMLdataset/release/images_augmentation\aug_0_images_4739.jpg,184
AMLdataset/release/images_augmentation\aug_1_images_4739.jpg,184
AMLdataset/release/images\images_4740.jpg,184
AMLdataset/release/images_augmentation\aug_0_images_4740.jpg,184
AMLdataset/release/images_augmentation\aug_1_images_4740.jpg,184
AMLdataset/release/images\images_4741.jpg,250
AMLdataset/release/images_augmentation\aug_0_images_4741.jpg,250
AMLdataset/release/images_augmentation\aug_1_images_4741.jpg,250
AMLdataset/release/images\images_4742.jpg,250
AMLdataset/release/images_augmentation\aug_0_images_4742.jpg,250
AMLdataset/release/images_augmentation\aug_1_images_4742.jpg,250
AMLdataset/release/images\images_4743.jpg,250
AMLdataset/release/images_augmentation\aug_0_images_4743.jpg,250
AMLdataset/release/images_augmentation\aug_1_images_4743.jpg,250
AMLdataset/release/images\images_4744.jpg,250
AMLdataset/release/images_augmentation\aug_0_images_4744.jpg,250
AMLdataset/release/images_augmentation\aug_1_images_4744.jpg,250
AMLdataset/release/images\images_4745.jpg,250
AMLdataset/release/images_augmentation\aug_0_images_4745.jpg,250
AMLdataset/release/images_augmentation\aug_1_images_4745.jpg,250
AMLdataset/release/images\images_4746.jpg,250
AMLdataset/release/images_augmentation\aug_0_images_4746.jpg,250
AMLdataset/release/images_augmentation\aug_1_images_4746.jpg,250
AMLdataset/release/images\images_4747.jpg,250
AMLdataset/release/images_augmentation\aug_0_images_4747.jpg,250
AMLdataset/release/images_augmentation\aug_1_images_4747.jpg,250
AMLdataset/release/images\images_4748.jpg,250
AMLdataset/release/images_augmentation\aug_0_images_4748.jpg,250
AMLdataset/release/images_augmentation\aug_1_images_4748.jpg,250
AMLdataset/release/images\images_4749.jpg,250
AMLdataset/release/images_augmentation\aug_0_images_4749.jpg,250
AMLdataset/release/images_augmentation\aug_1_images_4749.jpg,250
AMLdataset/release/images\images_4750.jpg,250
AMLdataset/release/images_augmentation\aug_0_images_4750.jpg,250
AMLdataset/release/images_augmentation\aug_1_images_4750.jpg,250
AMLdataset/release/images\images_4751.jpg,250
AMLdataset/release/images_augmentation\aug_0_images_4751.jpg,250
AMLdataset/release/images_augmentation\aug_1_images_4751.jpg,250
AMLdataset/release/images\images_4752.jpg,250
AMLdataset/release/images_augmentation\aug_0_images_4752.jpg,250
AMLdataset/release/images_augmentation\aug_1_images_4752.jpg,250
AMLdataset/release/images\images_4753.jpg,250
AMLdataset/release/images_augmentation\aug_0_images_4753.jpg,250
AMLdataset/release/images_augmentation\aug_1_images_4753.jpg,250
AMLdataset/release/images\images_4754.jpg,250
AMLdataset/release/images_augmentation\aug_0_images_4754.jpg,250
AMLdataset/release/images_augmentation\aug_1_images_4754.jpg,250
AMLdataset/release/images\images_4755.jpg,250
AMLdataset/release/images_augmentation\aug_0_images_4755.jpg,250
AMLdataset/release/images_augmentation\aug_1_images_4755.jpg,250
AMLdataset/release/images\images_4756.jpg,250
AMLdataset/release/images_augmentation\aug_0_images_4756.jpg,250
AMLdataset/release/images_augmentation\aug_1_images_4756.jpg,250
AMLdataset/release/images\images_4757.jpg,250
AMLdataset/release/images_augmentation\aug_0_images_4757.jpg,250
AMLdataset/release/images_augmentation\aug_1_images_4757.jpg,250
AMLdataset/release/images\images_4758.jpg,250
AMLdataset/release/images_augmentation\aug_0_images_4758.jpg,250
AMLdataset/release/images_augmentation\aug_1_images_4758.jpg,250
AMLdataset/release/images\images_4759.jpg,250
AMLdataset/release/images_augmentation\aug_0_images_4759.jpg,250
AMLdataset/release/images_augmentation\aug_1_images_4759.jpg,250
AMLdataset/release/images\images_4760.jpg,250
AMLdataset/release/images_augmentation\aug_0_images_4760.jpg,250
AMLdataset/release/images_augmentation\aug_1_images_4760.jpg,250
AMLdataset/release/images\images_4761.jpg,2
AMLdataset/release/images_augmentation\aug_0_images_4761.jpg,2
AMLdataset/release/images_augmentation\aug_1_images_4761.jpg,2
AMLdataset/release/images\images_4762.jpg,2
AMLdataset/release/images_augmentation\aug_0_images_4762.jpg,2
AMLdataset/release/images_augmentation\aug_1_images_4762.jpg,2
AMLdataset/release/images\images_4763.jpg,2
AMLdataset/release/images_augmentation\aug_0_images_4763.jpg,2
AMLdataset/release/images_augmentation\aug_1_images_4763.jpg,2
AMLdataset/release/images\images_4764.jpg,2
AMLdataset/release/images_augmentation\aug_0_images_4764.jpg,2
AMLdataset/release/images_augmentation\aug_1_images_4764.jpg,2
AMLdataset/release/images\images_4765.jpg,2
AMLdataset/release/images_augmentation\aug_0_images_4765.jpg,2
AMLdataset/release/images_augmentation\aug_1_images_4765.jpg,2
AMLdataset/release/images\images_4766.jpg,2
AMLdataset/release/images_augmentation\aug_0_images_4766.jpg,2
AMLdataset/release/images_augmentation\aug_1_images_4766.jpg,2
AMLdataset/release/images\images_4767.jpg,2
AMLdataset/release/images_augmentation\aug_0_images_4767.jpg,2
AMLdataset/release/images_augmentation\aug_1_images_4767.jpg,2
AMLdataset/release/images\images_4768.jpg,2
AMLdataset/release/images_augmentation\aug_0_images_4768.jpg,2
AMLdataset/release/images_augmentation\aug_1_images_4768.jpg,2
AMLdataset/release/images\images_4769.jpg,2
AMLdataset/release/images_augmentation\aug_0_images_4769.jpg,2
AMLdataset/release/images_augmentation\aug_1_images_4769.jpg,2
AMLdataset/release/images\images_4770.jpg,2
AMLdataset/release/images_augmentation\aug_0_images_4770.jpg,2
AMLdataset/release/images_augmentation\aug_1_images_4770.jpg,2
AMLdataset/release/images\images_4771.jpg,2
AMLdataset/release/images_augmentation\aug_0_images_4771.jpg,2
AMLdataset/release/images_augmentation\aug_1_images_4771.jpg,2
AMLdataset/release/images\images_4772.jpg,2
AMLdataset/release/images_augmentation\aug_0_images_4772.jpg,2
AMLdataset/release/images_augmentation\aug_1_images_4772.jpg,2
AMLdataset/release/images\images_4773.jpg,2
AMLdataset/release/images_augmentation\aug_0_images_4773.jpg,2
AMLdataset/release/images_augmentation\aug_1_images_4773.jpg,2
AMLdataset/release/images\images_4774.jpg,2
AMLdataset/release/images_augmentation\aug_0_images_4774.jpg,2
AMLdataset/release/images_augmentation\aug_1_images_4774.jpg,2
AMLdataset/release/images\images_4775.jpg,2
AMLdataset/release/images_augmentation\aug_0_images_4775.jpg,2
AMLdataset/release/images_augmentation\aug_1_images_4775.jpg,2
AMLdataset/release/images\images_4776.jpg,2
AMLdataset/release/images_augmentation\aug_0_images_4776.jpg,2
AMLdataset/release/images_augmentation\aug_1_images_4776.jpg,2
AMLdataset/release/images\images_4777.jpg,2
AMLdataset/release/images_augmentation\aug_0_images_4777.jpg,2
AMLdataset/release/images_augmentation\aug_1_images_4777.jpg,2
AMLdataset/release/images\images_4778.jpg,2
AMLdataset/release/images_augmentation\aug_0_images_4778.jpg,2
AMLdataset/release/images_augmentation\aug_1_images_4778.jpg,2
AMLdataset/release/images\images_4779.jpg,2
AMLdataset/release/images_augmentation\aug_0_images_4779.jpg,2
AMLdataset/release/images_augmentation\aug_1_images_4779.jpg,2
AMLdataset/release/images\images_4780.jpg,2
AMLdataset/release/images_augmentation\aug_0_images_4780.jpg,2
AMLdataset/release/images_augmentation\aug_1_images_4780.jpg,2
AMLdataset/release/images\images_4781.jpg,220
AMLdataset/release/images_augmentation\aug_0_images_4781.jpg,220
AMLdataset/release/images_augmentation\aug_1_images_4781.jpg,220
AMLdataset/release/images\images_4782.jpg,220
AMLdataset/release/images_augmentation\aug_0_images_4782.jpg,220
AMLdataset/release/images_augmentation\aug_1_images_4782.jpg,220
AMLdataset/release/images\images_4783.jpg,220
AMLdataset/release/images_augmentation\aug_0_images_4783.jpg,220
AMLdataset/release/images_augmentation\aug_1_images_4783.jpg,220
AMLdataset/release/images\images_4784.jpg,220
AMLdataset/release/images_augmentation\aug_0_images_4784.jpg,220
AMLdataset/release/images_augmentation\aug_1_images_4784.jpg,220
AMLdataset/release/images\images_4785.jpg,220
AMLdataset/release/images_augmentation\aug_0_images_4785.jpg,220
AMLdataset/release/images_augmentation\aug_1_images_4785.jpg,220
AMLdataset/release/images\images_4786.jpg,220
AMLdataset/release/images_augmentation\aug_0_images_4786.jpg,220
AMLdataset/release/images_augmentation\aug_1_images_4786.jpg,220
AMLdataset/release/images\images_4787.jpg,220
AMLdataset/release/images_augmentation\aug_0_images_4787.jpg,220
AMLdataset/release/images_augmentation\aug_1_images_4787.jpg,220
AMLdataset/release/images\images_4788.jpg,220
AMLdataset/release/images_augmentation\aug_0_images_4788.jpg,220
AMLdataset/release/images_augmentation\aug_1_images_4788.jpg,220
AMLdataset/release/images\images_4789.jpg,220
AMLdataset/release/images_augmentation\aug_0_images_4789.jpg,220
AMLdataset/release/images_augmentation\aug_1_images_4789.jpg,220
AMLdataset/release/images\images_4790.jpg,220
AMLdataset/release/images_augmentation\aug_0_images_4790.jpg,220
AMLdataset/release/images_augmentation\aug_1_images_4790.jpg,220
AMLdataset/release/images\images_4791.jpg,220
AMLdataset/release/images_augmentation\aug_0_images_4791.jpg,220
AMLdataset/release/images_augmentation\aug_1_images_4791.jpg,220
AMLdataset/release/images\images_4792.jpg,220
AMLdataset/release/images_augmentation\aug_0_images_4792.jpg,220
AMLdataset/release/images_augmentation\aug_1_images_4792.jpg,220
AMLdataset/release/images\images_4793.jpg,220
AMLdataset/release/images_augmentation\aug_0_images_4793.jpg,220
AMLdataset/release/images_augmentation\aug_1_images_4793.jpg,220
AMLdataset/release/images\images_4794.jpg,220
AMLdataset/release/images_augmentation\aug_0_images_4794.jpg,220
AMLdataset/release/images_augmentation\aug_1_images_4794.jpg,220
AMLdataset/release/images\images_4795.jpg,220
AMLdataset/release/images_augmentation\aug_0_images_4795.jpg,220
AMLdataset/release/images_augmentation\aug_1_images_4795.jpg,220
AMLdataset/release/images\images_4796.jpg,220
AMLdataset/release/images_augmentation\aug_0_images_4796.jpg,220
AMLdataset/release/images_augmentation\aug_1_images_4796.jpg,220
AMLdataset/release/images\images_4797.jpg,220
AMLdataset/release/images_augmentation\aug_0_images_4797.jpg,220
AMLdataset/release/images_augmentation\aug_1_images_4797.jpg,220
AMLdataset/release/images\images_4798.jpg,220
AMLdataset/release/images_augmentation\aug_0_images_4798.jpg,220
AMLdataset/release/images_augmentation\aug_1_images_4798.jpg,220
AMLdataset/release/images\images_4799.jpg,220
AMLdataset/release/images_augmentation\aug_0_images_4799.jpg,220
AMLdataset/release/images_augmentation\aug_1_images_4799.jpg,220
AMLdataset/release/images\images_4800.jpg,220
AMLdataset/release/images_augmentation\aug_0_images_4800.jpg,220
AMLdataset/release/images_augmentation\aug_1_images_4800.jpg,220
AMLdataset/release/images\images_4801.jpg,141
AMLdataset/release/images_augmentation\aug_0_images_4801.jpg,141
AMLdataset/release/images_augmentation\aug_1_images_4801.jpg,141
AMLdataset/release/images\images_4802.jpg,141
AMLdataset/release/images_augmentation\aug_0_images_4802.jpg,141
AMLdataset/release/images_augmentation\aug_1_images_4802.jpg,141
AMLdataset/release/images\images_4803.jpg,141
AMLdataset/release/images_augmentation\aug_0_images_4803.jpg,141
AMLdataset/release/images_augmentation\aug_1_images_4803.jpg,141
AMLdataset/release/images\images_4804.jpg,141
AMLdataset/release/images_augmentation\aug_0_images_4804.jpg,141
AMLdataset/release/images_augmentation\aug_1_images_4804.jpg,141
AMLdataset/release/images\images_4805.jpg,141
AMLdataset/release/images_augmentation\aug_0_images_4805.jpg,141
AMLdataset/release/images_augmentation\aug_1_images_4805.jpg,141
AMLdataset/release/images\images_4806.jpg,141
AMLdataset/release/images_augmentation\aug_0_images_4806.jpg,141
AMLdataset/release/images_augmentation\aug_1_images_4806.jpg,141
AMLdataset/release/images\images_4807.jpg,141
AMLdataset/release/images_augmentation\aug_0_images_4807.jpg,141
AMLdataset/release/images_augmentation\aug_1_images_4807.jpg,141
AMLdataset/release/images\images_4808.jpg,141
AMLdataset/release/images_augmentation\aug_0_images_4808.jpg,141
AMLdataset/release/images_augmentation\aug_1_images_4808.jpg,141
AMLdataset/release/images\images_4809.jpg,141
AMLdataset/release/images_augmentation\aug_0_images_4809.jpg,141
AMLdataset/release/images_augmentation\aug_1_images_4809.jpg,141
AMLdataset/release/images\images_4810.jpg,141
AMLdataset/release/images_augmentation\aug_0_images_4810.jpg,141
AMLdataset/release/images_augmentation\aug_1_images_4810.jpg,141
AMLdataset/release/images\images_4811.jpg,141
AMLdataset/release/images_augmentation\aug_0_images_4811.jpg,141
AMLdataset/release/images_augmentation\aug_1_images_4811.jpg,141
AMLdataset/release/images\images_4812.jpg,141
AMLdataset/release/images_augmentation\aug_0_images_4812.jpg,141
AMLdataset/release/images_augmentation\aug_1_images_4812.jpg,141
AMLdataset/release/images\images_4813.jpg,141
AMLdataset/release/images_augmentation\aug_0_images_4813.jpg,141
AMLdataset/release/images_augmentation\aug_1_images_4813.jpg,141
AMLdataset/release/images\images_4814.jpg,141
AMLdataset/release/images_augmentation\aug_0_images_4814.jpg,141
AMLdataset/release/images_augmentation\aug_1_images_4814.jpg,141
AMLdataset/release/images\images_4815.jpg,141
AMLdataset/release/images_augmentation\aug_0_images_4815.jpg,141
AMLdataset/release/images_augmentation\aug_1_images_4815.jpg,141
AMLdataset/release/images\images_4816.jpg,141
AMLdataset/release/images_augmentation\aug_0_images_4816.jpg,141
AMLdataset/release/images_augmentation\aug_1_images_4816.jpg,141
AMLdataset/release/images\images_4817.jpg,141
AMLdataset/release/images_augmentation\aug_0_images_4817.jpg,141
AMLdataset/release/images_augmentation\aug_1_images_4817.jpg,141
AMLdataset/release/images\images_4818.jpg,141
AMLdataset/release/images_augmentation\aug_0_images_4818.jpg,141
AMLdataset/release/images_augmentation\aug_1_images_4818.jpg,141
AMLdataset/release/images\images_4819.jpg,141
AMLdataset/release/images_augmentation\aug_0_images_4819.jpg,141
AMLdataset/release/images_augmentation\aug_1_images_4819.jpg,141
AMLdataset/release/images\images_4820.jpg,141
AMLdataset/release/images_augmentation\aug_0_images_4820.jpg,141
AMLdataset/release/images_augmentation\aug_1_images_4820.jpg,141
AMLdataset/release/images\images_4821.jpg,64
AMLdataset/release/images_augmentation\aug_0_images_4821.jpg,64
AMLdataset/release/images_augmentation\aug_1_images_4821.jpg,64
AMLdataset/release/images\images_4822.jpg,64
AMLdataset/release/images_augmentation\aug_0_images_4822.jpg,64
AMLdataset/release/images_augmentation\aug_1_images_4822.jpg,64
AMLdataset/release/images\images_4823.jpg,64
AMLdataset/release/images_augmentation\aug_0_images_4823.jpg,64
AMLdataset/release/images_augmentation\aug_1_images_4823.jpg,64
AMLdataset/release/images\images_4824.jpg,64
AMLdataset/release/images_augmentation\aug_0_images_4824.jpg,64
AMLdataset/release/images_augmentation\aug_1_images_4824.jpg,64
AMLdataset/release/images\images_4825.jpg,64
AMLdataset/release/images_augmentation\aug_0_images_4825.jpg,64
AMLdataset/release/images_augmentation\aug_1_images_4825.jpg,64
AMLdataset/release/images\images_4826.jpg,64
AMLdataset/release/images_augmentation\aug_0_images_4826.jpg,64
AMLdataset/release/images_augmentation\aug_1_images_4826.jpg,64
AMLdataset/release/images\images_4827.jpg,64
AMLdataset/release/images_augmentation\aug_0_images_4827.jpg,64
AMLdataset/release/images_augmentation\aug_1_images_4827.jpg,64
AMLdataset/release/images\images_4828.jpg,64
AMLdataset/release/images_augmentation\aug_0_images_4828.jpg,64
AMLdataset/release/images_augmentation\aug_1_images_4828.jpg,64
AMLdataset/release/images\images_4829.jpg,64
AMLdataset/release/images_augmentation\aug_0_images_4829.jpg,64
AMLdataset/release/images_augmentation\aug_1_images_4829.jpg,64
AMLdataset/release/images\images_4830.jpg,64
AMLdataset/release/images_augmentation\aug_0_images_4830.jpg,64
AMLdataset/release/images_augmentation\aug_1_images_4830.jpg,64
AMLdataset/release/images\images_4831.jpg,64
AMLdataset/release/images_augmentation\aug_0_images_4831.jpg,64
AMLdataset/release/images_augmentation\aug_1_images_4831.jpg,64
AMLdataset/release/images\images_4832.jpg,64
AMLdataset/release/images_augmentation\aug_0_images_4832.jpg,64
AMLdataset/release/images_augmentation\aug_1_images_4832.jpg,64
AMLdataset/release/images\images_4833.jpg,64
AMLdataset/release/images_augmentation\aug_0_images_4833.jpg,64
AMLdataset/release/images_augmentation\aug_1_images_4833.jpg,64
AMLdataset/release/images\images_4834.jpg,64
AMLdataset/release/images_augmentation\aug_0_images_4834.jpg,64
AMLdataset/release/images_augmentation\aug_1_images_4834.jpg,64
AMLdataset/release/images\images_4835.jpg,64
AMLdataset/release/images_augmentation\aug_0_images_4835.jpg,64
AMLdataset/release/images_augmentation\aug_1_images_4835.jpg,64
AMLdataset/release/images\images_4836.jpg,64
AMLdataset/release/images_augmentation\aug_0_images_4836.jpg,64
AMLdataset/release/images_augmentation\aug_1_images_4836.jpg,64
AMLdataset/release/images\images_4837.jpg,64
AMLdataset/release/images_augmentation\aug_0_images_4837.jpg,64
AMLdataset/release/images_augmentation\aug_1_images_4837.jpg,64
AMLdataset/release/images\images_4838.jpg,64
AMLdataset/release/images_augmentation\aug_0_images_4838.jpg,64
AMLdataset/release/images_augmentation\aug_1_images_4838.jpg,64
AMLdataset/release/images\images_4839.jpg,64
AMLdataset/release/images_augmentation\aug_0_images_4839.jpg,64
AMLdataset/release/images_augmentation\aug_1_images_4839.jpg,64
AMLdataset/release/images\images_4840.jpg,64
AMLdataset/release/images_augmentation\aug_0_images_4840.jpg,64
AMLdataset/release/images_augmentation\aug_1_images_4840.jpg,64
AMLdataset/release/images\images_4841.jpg,267
AMLdataset/release/images_augmentation\aug_0_images_4841.jpg,267
AMLdataset/release/images_augmentation\aug_1_images_4841.jpg,267
AMLdataset/release/images\images_4842.jpg,267
AMLdataset/release/images_augmentation\aug_0_images_4842.jpg,267
AMLdataset/release/images_augmentation\aug_1_images_4842.jpg,267
AMLdataset/release/images\images_4843.jpg,267
AMLdataset/release/images_augmentation\aug_0_images_4843.jpg,267
AMLdataset/release/images_augmentation\aug_1_images_4843.jpg,267
AMLdataset/release/images\images_4844.jpg,267
AMLdataset/release/images_augmentation\aug_0_images_4844.jpg,267
AMLdataset/release/images_augmentation\aug_1_images_4844.jpg,267
AMLdataset/release/images\images_4845.jpg,267
AMLdataset/release/images_augmentation\aug_0_images_4845.jpg,267
AMLdataset/release/images_augmentation\aug_1_images_4845.jpg,267
AMLdataset/release/images\images_4846.jpg,267
AMLdataset/release/images_augmentation\aug_0_images_4846.jpg,267
AMLdataset/release/images_augmentation\aug_1_images_4846.jpg,267
AMLdataset/release/images\images_4847.jpg,267
AMLdataset/release/images_augmentation\aug_0_images_4847.jpg,267
AMLdataset/release/images_augmentation\aug_1_images_4847.jpg,267
AMLdataset/release/images\images_4848.jpg,267
AMLdataset/release/images_augmentation\aug_0_images_4848.jpg,267
AMLdataset/release/images_augmentation\aug_1_images_4848.jpg,267
AMLdataset/release/images\images_4849.jpg,267
AMLdataset/release/images_augmentation\aug_0_images_4849.jpg,267
AMLdataset/release/images_augmentation\aug_1_images_4849.jpg,267
AMLdataset/release/images\images_4850.jpg,267
AMLdataset/release/images_augmentation\aug_0_images_4850.jpg,267
AMLdataset/release/images_augmentation\aug_1_images_4850.jpg,267
AMLdataset/release/images\images_4851.jpg,267
AMLdataset/release/images_augmentation\aug_0_images_4851.jpg,267
AMLdataset/release/images_augmentation\aug_1_images_4851.jpg,267
AMLdataset/release/images\images_4852.jpg,267
AMLdataset/release/images_augmentation\aug_0_images_4852.jpg,267
AMLdataset/release/images_augmentation\aug_1_images_4852.jpg,267
AMLdataset/release/images\images_4853.jpg,267
AMLdataset/release/images_augmentation\aug_0_images_4853.jpg,267
AMLdataset/release/images_augmentation\aug_1_images_4853.jpg,267
AMLdataset/release/images\images_4854.jpg,267
AMLdataset/release/images_augmentation\aug_0_images_4854.jpg,267
AMLdataset/release/images_augmentation\aug_1_images_4854.jpg,267
AMLdataset/release/images\images_4855.jpg,267
AMLdataset/release/images_augmentation\aug_0_images_4855.jpg,267
AMLdataset/release/images_augmentation\aug_1_images_4855.jpg,267
AMLdataset/release/images\images_4856.jpg,267
AMLdataset/release/images_augmentation\aug_0_images_4856.jpg,267
AMLdataset/release/images_augmentation\aug_1_images_4856.jpg,267
AMLdataset/release/images\images_4857.jpg,267
AMLdataset/release/images_augmentation\aug_0_images_4857.jpg,267
AMLdataset/release/images_augmentation\aug_1_images_4857.jpg,267
AMLdataset/release/images\images_4858.jpg,267
AMLdataset/release/images_augmentation\aug_0_images_4858.jpg,267
AMLdataset/release/images_augmentation\aug_1_images_4858.jpg,267
AMLdataset/release/images\images_4859.jpg,267
AMLdataset/release/images_augmentation\aug_0_images_4859.jpg,267
AMLdataset/release/images_augmentation\aug_1_images_4859.jpg,267
AMLdataset/release/images\images_4860.jpg,267
AMLdataset/release/images_augmentation\aug_0_images_4860.jpg,267
AMLdataset/release/images_augmentation\aug_1_images_4860.jpg,267
AMLdataset/release/images\images_4861.jpg,353
AMLdataset/release/images_augmentation\aug_0_images_4861.jpg,353
AMLdataset/release/images_augmentation\aug_1_images_4861.jpg,353
AMLdataset/release/images\images_4862.jpg,353
AMLdataset/release/images_augmentation\aug_0_images_4862.jpg,353
AMLdataset/release/images_augmentation\aug_1_images_4862.jpg,353
AMLdataset/release/images\images_4863.jpg,353
AMLdataset/release/images_augmentation\aug_0_images_4863.jpg,353
AMLdataset/release/images_augmentation\aug_1_images_4863.jpg,353
AMLdataset/release/images\images_4864.jpg,353
AMLdataset/release/images_augmentation\aug_0_images_4864.jpg,353
AMLdataset/release/images_augmentation\aug_1_images_4864.jpg,353
AMLdataset/release/images\images_4865.jpg,353
AMLdataset/release/images_augmentation\aug_0_images_4865.jpg,353
AMLdataset/release/images_augmentation\aug_1_images_4865.jpg,353
AMLdataset/release/images\images_4866.jpg,353
AMLdataset/release/images_augmentation\aug_0_images_4866.jpg,353
AMLdataset/release/images_augmentation\aug_1_images_4866.jpg,353
AMLdataset/release/images\images_4867.jpg,353
AMLdataset/release/images_augmentation\aug_0_images_4867.jpg,353
AMLdataset/release/images_augmentation\aug_1_images_4867.jpg,353
AMLdataset/release/images\images_4868.jpg,353
AMLdataset/release/images_augmentation\aug_0_images_4868.jpg,353
AMLdataset/release/images_augmentation\aug_1_images_4868.jpg,353
AMLdataset/release/images\images_4869.jpg,353
AMLdataset/release/images_augmentation\aug_0_images_4869.jpg,353
AMLdataset/release/images_augmentation\aug_1_images_4869.jpg,353
AMLdataset/release/images\images_4870.jpg,353
AMLdataset/release/images_augmentation\aug_0_images_4870.jpg,353
AMLdataset/release/images_augmentation\aug_1_images_4870.jpg,353
AMLdataset/release/images\images_4871.jpg,353
AMLdataset/release/images_augmentation\aug_0_images_4871.jpg,353
AMLdataset/release/images_augmentation\aug_1_images_4871.jpg,353
AMLdataset/release/images\images_4872.jpg,353
AMLdataset/release/images_augmentation\aug_0_images_4872.jpg,353
AMLdataset/release/images_augmentation\aug_1_images_4872.jpg,353
AMLdataset/release/images\images_4873.jpg,353
AMLdataset/release/images_augmentation\aug_0_images_4873.jpg,353
AMLdataset/release/images_augmentation\aug_1_images_4873.jpg,353
AMLdataset/release/images\images_4874.jpg,353
AMLdataset/release/images_augmentation\aug_0_images_4874.jpg,353
AMLdataset/release/images_augmentation\aug_1_images_4874.jpg,353
AMLdataset/release/images\images_4875.jpg,353
AMLdataset/release/images_augmentation\aug_0_images_4875.jpg,353
AMLdataset/release/images_augmentation\aug_1_images_4875.jpg,353
AMLdataset/release/images\images_4876.jpg,353
AMLdataset/release/images_augmentation\aug_0_images_4876.jpg,353
AMLdataset/release/images_augmentation\aug_1_images_4876.jpg,353
AMLdataset/release/images\images_4877.jpg,353
AMLdataset/release/images_augmentation\aug_0_images_4877.jpg,353
AMLdataset/release/images_augmentation\aug_1_images_4877.jpg,353
AMLdataset/release/images\images_4878.jpg,353
AMLdataset/release/images_augmentation\aug_0_images_4878.jpg,353
AMLdataset/release/images_augmentation\aug_1_images_4878.jpg,353
AMLdataset/release/images\images_4879.jpg,353
AMLdataset/release/images_augmentation\aug_0_images_4879.jpg,353
AMLdataset/release/images_augmentation\aug_1_images_4879.jpg,353
AMLdataset/release/images\images_4880.jpg,353
AMLdataset/release/images_augmentation\aug_0_images_4880.jpg,353
AMLdataset/release/images_augmentation\aug_1_images_4880.jpg,353
AMLdataset/release/images\images_4881.jpg,248
AMLdataset/release/images_augmentation\aug_0_images_4881.jpg,248
AMLdataset/release/images_augmentation\aug_1_images_4881.jpg,248
AMLdataset/release/images\images_4882.jpg,248
AMLdataset/release/images_augmentation\aug_0_images_4882.jpg,248
AMLdataset/release/images_augmentation\aug_1_images_4882.jpg,248
AMLdataset/release/images\images_4883.jpg,248
AMLdataset/release/images_augmentation\aug_0_images_4883.jpg,248
AMLdataset/release/images_augmentation\aug_1_images_4883.jpg,248
AMLdataset/release/images\images_4884.jpg,248
AMLdataset/release/images_augmentation\aug_0_images_4884.jpg,248
AMLdataset/release/images_augmentation\aug_1_images_4884.jpg,248
AMLdataset/release/images\images_4885.jpg,248
AMLdataset/release/images_augmentation\aug_0_images_4885.jpg,248
AMLdataset/release/images_augmentation\aug_1_images_4885.jpg,248
AMLdataset/release/images\images_4886.jpg,248
AMLdataset/release/images_augmentation\aug_0_images_4886.jpg,248
AMLdataset/release/images_augmentation\aug_1_images_4886.jpg,248
AMLdataset/release/images\images_4887.jpg,248
AMLdataset/release/images_augmentation\aug_0_images_4887.jpg,248
AMLdataset/release/images_augmentation\aug_1_images_4887.jpg,248
AMLdataset/release/images\images_4888.jpg,248
AMLdataset/release/images_augmentation\aug_0_images_4888.jpg,248
AMLdataset/release/images_augmentation\aug_1_images_4888.jpg,248
AMLdataset/release/images\images_4889.jpg,248
AMLdataset/release/images_augmentation\aug_0_images_4889.jpg,248
AMLdataset/release/images_augmentation\aug_1_images_4889.jpg,248
AMLdataset/release/images\images_4890.jpg,248
AMLdataset/release/images_augmentation\aug_0_images_4890.jpg,248
AMLdataset/release/images_augmentation\aug_1_images_4890.jpg,248
AMLdataset/release/images\images_4891.jpg,248
AMLdataset/release/images_augmentation\aug_0_images_4891.jpg,248
AMLdataset/release/images_augmentation\aug_1_images_4891.jpg,248
AMLdataset/release/images\images_4892.jpg,248
AMLdataset/release/images_augmentation\aug_0_images_4892.jpg,248
AMLdataset/release/images_augmentation\aug_1_images_4892.jpg,248
AMLdataset/release/images\images_4893.jpg,248
AMLdataset/release/images_augmentation\aug_0_images_4893.jpg,248
AMLdataset/release/images_augmentation\aug_1_images_4893.jpg,248
AMLdataset/release/images\images_4894.jpg,248
AMLdataset/release/images_augmentation\aug_0_images_4894.jpg,248
AMLdataset/release/images_augmentation\aug_1_images_4894.jpg,248
AMLdataset/release/images\images_4895.jpg,248
AMLdataset/release/images_augmentation\aug_0_images_4895.jpg,248
AMLdataset/release/images_augmentation\aug_1_images_4895.jpg,248
AMLdataset/release/images\images_4896.jpg,248
AMLdataset/release/images_augmentation\aug_0_images_4896.jpg,248
AMLdataset/release/images_augmentation\aug_1_images_4896.jpg,248
AMLdataset/release/images\images_4897.jpg,248
AMLdataset/release/images_augmentation\aug_0_images_4897.jpg,248
AMLdataset/release/images_augmentation\aug_1_images_4897.jpg,248
AMLdataset/release/images\images_4898.jpg,248
AMLdataset/release/images_augmentation\aug_0_images_4898.jpg,248
AMLdataset/release/images_augmentation\aug_1_images_4898.jpg,248
AMLdataset/release/images\images_4899.jpg,248
AMLdataset/release/images_augmentation\aug_0_images_4899.jpg,248
AMLdataset/release/images_augmentation\aug_1_images_4899.jpg,248
AMLdataset/release/images\images_4900.jpg,248
AMLdataset/release/images_augmentation\aug_0_images_4900.jpg,248
AMLdataset/release/images_augmentation\aug_1_images_4900.jpg,248
AMLdataset/release/images\images_4901.jpg,97
AMLdataset/release/images_augmentation\aug_0_images_4901.jpg,97
AMLdataset/release/images_augmentation\aug_1_images_4901.jpg,97
AMLdataset/release/images\images_4902.jpg,97
AMLdataset/release/images_augmentation\aug_0_images_4902.jpg,97
AMLdataset/release/images_augmentation\aug_1_images_4902.jpg,97
AMLdataset/release/images\images_4903.jpg,97
AMLdataset/release/images_augmentation\aug_0_images_4903.jpg,97
AMLdataset/release/images_augmentation\aug_1_images_4903.jpg,97
AMLdataset/release/images\images_4904.jpg,97
AMLdataset/release/images_augmentation\aug_0_images_4904.jpg,97
AMLdataset/release/images_augmentation\aug_1_images_4904.jpg,97
AMLdataset/release/images\images_4905.jpg,97
AMLdataset/release/images_augmentation\aug_0_images_4905.jpg,97
AMLdataset/release/images_augmentation\aug_1_images_4905.jpg,97
AMLdataset/release/images\images_4906.jpg,97
AMLdataset/release/images_augmentation\aug_0_images_4906.jpg,97
AMLdataset/release/images_augmentation\aug_1_images_4906.jpg,97
AMLdataset/release/images\images_4907.jpg,97
AMLdataset/release/images_augmentation\aug_0_images_4907.jpg,97
AMLdataset/release/images_augmentation\aug_1_images_4907.jpg,97
AMLdataset/release/images\images_4908.jpg,97
AMLdataset/release/images_augmentation\aug_0_images_4908.jpg,97
AMLdataset/release/images_augmentation\aug_1_images_4908.jpg,97
AMLdataset/release/images\images_4909.jpg,97
AMLdataset/release/images_augmentation\aug_0_images_4909.jpg,97
AMLdataset/release/images_augmentation\aug_1_images_4909.jpg,97
AMLdataset/release/images\images_4910.jpg,97
AMLdataset/release/images_augmentation\aug_0_images_4910.jpg,97
AMLdataset/release/images_augmentation\aug_1_images_4910.jpg,97
AMLdataset/release/images\images_4911.jpg,97
AMLdataset/release/images_augmentation\aug_0_images_4911.jpg,97
AMLdataset/release/images_augmentation\aug_1_images_4911.jpg,97
AMLdataset/release/images\images_4912.jpg,97
AMLdataset/release/images_augmentation\aug_0_images_4912.jpg,97
AMLdataset/release/images_augmentation\aug_1_images_4912.jpg,97
AMLdataset/release/images\images_4913.jpg,97
AMLdataset/release/images_augmentation\aug_0_images_4913.jpg,97
AMLdataset/release/images_augmentation\aug_1_images_4913.jpg,97
AMLdataset/release/images\images_4914.jpg,97
AMLdataset/release/images_augmentation\aug_0_images_4914.jpg,97
AMLdataset/release/images_augmentation\aug_1_images_4914.jpg,97
AMLdataset/release/images\images_4915.jpg,97
AMLdataset/release/images_augmentation\aug_0_images_4915.jpg,97
AMLdataset/release/images_augmentation\aug_1_images_4915.jpg,97
AMLdataset/release/images\images_4916.jpg,97
AMLdataset/release/images_augmentation\aug_0_images_4916.jpg,97
AMLdataset/release/images_augmentation\aug_1_images_4916.jpg,97
AMLdataset/release/images\images_4917.jpg,97
AMLdataset/release/images_augmentation\aug_0_images_4917.jpg,97
AMLdataset/release/images_augmentation\aug_1_images_4917.jpg,97
AMLdataset/release/images\images_4918.jpg,97
AMLdataset/release/images_augmentation\aug_0_images_4918.jpg,97
AMLdataset/release/images_augmentation\aug_1_images_4918.jpg,97
AMLdataset/release/images\images_4919.jpg,97
AMLdataset/release/images_augmentation\aug_0_images_4919.jpg,97
AMLdataset/release/images_augmentation\aug_1_images_4919.jpg,97
AMLdataset/release/images\images_4920.jpg,97
AMLdataset/release/images_augmentation\aug_0_images_4920.jpg,97
AMLdataset/release/images_augmentation\aug_1_images_4920.jpg,97
AMLdataset/release/images\images_4921.jpg,345
AMLdataset/release/images_augmentation\aug_0_images_4921.jpg,345
AMLdataset/release/images_augmentation\aug_1_images_4921.jpg,345
AMLdataset/release/images\images_4922.jpg,345
AMLdataset/release/images_augmentation\aug_0_images_4922.jpg,345
AMLdataset/release/images_augmentation\aug_1_images_4922.jpg,345
AMLdataset/release/images\images_4923.jpg,345
AMLdataset/release/images_augmentation\aug_0_images_4923.jpg,345
AMLdataset/release/images_augmentation\aug_1_images_4923.jpg,345
AMLdataset/release/images\images_4924.jpg,345
AMLdataset/release/images_augmentation\aug_0_images_4924.jpg,345
AMLdataset/release/images_augmentation\aug_1_images_4924.jpg,345
AMLdataset/release/images\images_4925.jpg,345
AMLdataset/release/images_augmentation\aug_0_images_4925.jpg,345
AMLdataset/release/images_augmentation\aug_1_images_4925.jpg,345
AMLdataset/release/images\images_4926.jpg,345
AMLdataset/release/images_augmentation\aug_0_images_4926.jpg,345
AMLdataset/release/images_augmentation\aug_1_images_4926.jpg,345
AMLdataset/release/images\images_4927.jpg,345
AMLdataset/release/images_augmentation\aug_0_images_4927.jpg,345
AMLdataset/release/images_augmentation\aug_1_images_4927.jpg,345
AMLdataset/release/images\images_4928.jpg,345
AMLdataset/release/images_augmentation\aug_0_images_4928.jpg,345
AMLdataset/release/images_augmentation\aug_1_images_4928.jpg,345
AMLdataset/release/images\images_4929.jpg,345
AMLdataset/release/images_augmentation\aug_0_images_4929.jpg,345
AMLdataset/release/images_augmentation\aug_1_images_4929.jpg,345
AMLdataset/release/images\images_4930.jpg,345
AMLdataset/release/images_augmentation\aug_0_images_4930.jpg,345
AMLdataset/release/images_augmentation\aug_1_images_4930.jpg,345
AMLdataset/release/images\images_4931.jpg,345
AMLdataset/release/images_augmentation\aug_0_images_4931.jpg,345
AMLdataset/release/images_augmentation\aug_1_images_4931.jpg,345
AMLdataset/release/images\images_4932.jpg,345
AMLdataset/release/images_augmentation\aug_0_images_4932.jpg,345
AMLdataset/release/images_augmentation\aug_1_images_4932.jpg,345
AMLdataset/release/images\images_4933.jpg,345
AMLdataset/release/images_augmentation\aug_0_images_4933.jpg,345
AMLdataset/release/images_augmentation\aug_1_images_4933.jpg,345
AMLdataset/release/images\images_4934.jpg,345
AMLdataset/release/images_augmentation\aug_0_images_4934.jpg,345
AMLdataset/release/images_augmentation\aug_1_images_4934.jpg,345
AMLdataset/release/images\images_4935.jpg,345
AMLdataset/release/images_augmentation\aug_0_images_4935.jpg,345
AMLdataset/release/images_augmentation\aug_1_images_4935.jpg,345
AMLdataset/release/images\images_4936.jpg,345
AMLdataset/release/images_augmentation\aug_0_images_4936.jpg,345
AMLdataset/release/images_augmentation\aug_1_images_4936.jpg,345
AMLdataset/release/images\images_4937.jpg,345
AMLdataset/release/images_augmentation\aug_0_images_4937.jpg,345
AMLdataset/release/images_augmentation\aug_1_images_4937.jpg,345
AMLdataset/release/images\images_4938.jpg,345
AMLdataset/release/images_augmentation\aug_0_images_4938.jpg,345
AMLdataset/release/images_augmentation\aug_1_images_4938.jpg,345
AMLdataset/release/images\images_4939.jpg,345
AMLdataset/release/images_augmentation\aug_0_images_4939.jpg,345
AMLdataset/release/images_augmentation\aug_1_images_4939.jpg,345
AMLdataset/release/images\images_4940.jpg,345
AMLdataset/release/images_augmentation\aug_0_images_4940.jpg,345
AMLdataset/release/images_augmentation\aug_1_images_4940.jpg,345
AMLdataset/release/images\images_4941.jpg,340
AMLdataset/release/images_augmentation\aug_0_images_4941.jpg,340
AMLdataset/release/images_augmentation\aug_1_images_4941.jpg,340
AMLdataset/release/images\images_4942.jpg,340
AMLdataset/release/images_augmentation\aug_0_images_4942.jpg,340
AMLdataset/release/images_augmentation\aug_1_images_4942.jpg,340
AMLdataset/release/images\images_4943.jpg,340
AMLdataset/release/images_augmentation\aug_0_images_4943.jpg,340
AMLdataset/release/images_augmentation\aug_1_images_4943.jpg,340
AMLdataset/release/images\images_4944.jpg,340
AMLdataset/release/images_augmentation\aug_0_images_4944.jpg,340
AMLdataset/release/images_augmentation\aug_1_images_4944.jpg,340
AMLdataset/release/images\images_4945.jpg,340
AMLdataset/release/images_augmentation\aug_0_images_4945.jpg,340
AMLdataset/release/images_augmentation\aug_1_images_4945.jpg,340
AMLdataset/release/images\images_4946.jpg,340
AMLdataset/release/images_augmentation\aug_0_images_4946.jpg,340
AMLdataset/release/images_augmentation\aug_1_images_4946.jpg,340
AMLdataset/release/images\images_4947.jpg,340
AMLdataset/release/images_augmentation\aug_0_images_4947.jpg,340
AMLdataset/release/images_augmentation\aug_1_images_4947.jpg,340
AMLdataset/release/images\images_4948.jpg,340
AMLdataset/release/images_augmentation\aug_0_images_4948.jpg,340
AMLdataset/release/images_augmentation\aug_1_images_4948.jpg,340
AMLdataset/release/images\images_4949.jpg,340
AMLdataset/release/images_augmentation\aug_0_images_4949.jpg,340
AMLdataset/release/images_augmentation\aug_1_images_4949.jpg,340
AMLdataset/release/images\images_4950.jpg,340
AMLdataset/release/images_augmentation\aug_0_images_4950.jpg,340
AMLdataset/release/images_augmentation\aug_1_images_4950.jpg,340
AMLdataset/release/images\images_4951.jpg,340
AMLdataset/release/images_augmentation\aug_0_images_4951.jpg,340
AMLdataset/release/images_augmentation\aug_1_images_4951.jpg,340
AMLdataset/release/images\images_4952.jpg,340
AMLdataset/release/images_augmentation\aug_0_images_4952.jpg,340
AMLdataset/release/images_augmentation\aug_1_images_4952.jpg,340
AMLdataset/release/images\images_4953.jpg,340
AMLdataset/release/images_augmentation\aug_0_images_4953.jpg,340
AMLdataset/release/images_augmentation\aug_1_images_4953.jpg,340
AMLdataset/release/images\images_4954.jpg,340
AMLdataset/release/images_augmentation\aug_0_images_4954.jpg,340
AMLdataset/release/images_augmentation\aug_1_images_4954.jpg,340
AMLdataset/release/images\images_4955.jpg,340
AMLdataset/release/images_augmentation\aug_0_images_4955.jpg,340
AMLdataset/release/images_augmentation\aug_1_images_4955.jpg,340
AMLdataset/release/images\images_4956.jpg,340
AMLdataset/release/images_augmentation\aug_0_images_4956.jpg,340
AMLdataset/release/images_augmentation\aug_1_images_4956.jpg,340
AMLdataset/release/images\images_4957.jpg,340
AMLdataset/release/images_augmentation\aug_0_images_4957.jpg,340
AMLdataset/release/images_augmentation\aug_1_images_4957.jpg,340
AMLdataset/release/images\images_4958.jpg,340
AMLdataset/release/images_augmentation\aug_0_images_4958.jpg,340
AMLdataset/release/images_augmentation\aug_1_images_4958.jpg,340
AMLdataset/release/images\images_4959.jpg,340
AMLdataset/release/images_augmentation\aug_0_images_4959.jpg,340
AMLdataset/release/images_augmentation\aug_1_images_4959.jpg,340
AMLdataset/release/images\images_4960.jpg,340
AMLdataset/release/images_augmentation\aug_0_images_4960.jpg,340
AMLdataset/release/images_augmentation\aug_1_images_4960.jpg,340
AMLdataset/release/images\images_4961.jpg,152
AMLdataset/release/images_augmentation\aug_0_images_4961.jpg,152
AMLdataset/release/images_augmentation\aug_1_images_4961.jpg,152
AMLdataset/release/images\images_4962.jpg,152
AMLdataset/release/images_augmentation\aug_0_images_4962.jpg,152
AMLdataset/release/images_augmentation\aug_1_images_4962.jpg,152
AMLdataset/release/images\images_4963.jpg,152
AMLdataset/release/images_augmentation\aug_0_images_4963.jpg,152
AMLdataset/release/images_augmentation\aug_1_images_4963.jpg,152
AMLdataset/release/images\images_4964.jpg,152
AMLdataset/release/images_augmentation\aug_0_images_4964.jpg,152
AMLdataset/release/images_augmentation\aug_1_images_4964.jpg,152
AMLdataset/release/images\images_4965.jpg,152
AMLdataset/release/images_augmentation\aug_0_images_4965.jpg,152
AMLdataset/release/images_augmentation\aug_1_images_4965.jpg,152
AMLdataset/release/images\images_4966.jpg,152
AMLdataset/release/images_augmentation\aug_0_images_4966.jpg,152
AMLdataset/release/images_augmentation\aug_1_images_4966.jpg,152
AMLdataset/release/images\images_4967.jpg,152
AMLdataset/release/images_augmentation\aug_0_images_4967.jpg,152
AMLdataset/release/images_augmentation\aug_1_images_4967.jpg,152
AMLdataset/release/images\images_4968.jpg,152
AMLdataset/release/images_augmentation\aug_0_images_4968.jpg,152
AMLdataset/release/images_augmentation\aug_1_images_4968.jpg,152
AMLdataset/release/images\images_4969.jpg,152
AMLdataset/release/images_augmentation\aug_0_images_4969.jpg,152
AMLdataset/release/images_augmentation\aug_1_images_4969.jpg,152
AMLdataset/release/images\images_4970.jpg,152
AMLdataset/release/images_augmentation\aug_0_images_4970.jpg,152
AMLdataset/release/images_augmentation\aug_1_images_4970.jpg,152
AMLdataset/release/images\images_4971.jpg,152
AMLdataset/release/images_augmentation\aug_0_images_4971.jpg,152
AMLdataset/release/images_augmentation\aug_1_images_4971.jpg,152
AMLdataset/release/images\images_4972.jpg,152
AMLdataset/release/images_augmentation\aug_0_images_4972.jpg,152
AMLdataset/release/images_augmentation\aug_1_images_4972.jpg,152
AMLdataset/release/images\images_4973.jpg,152
AMLdataset/release/images_augmentation\aug_0_images_4973.jpg,152
AMLdataset/release/images_augmentation\aug_1_images_4973.jpg,152
AMLdataset/release/images\images_4974.jpg,152
AMLdataset/release/images_augmentation\aug_0_images_4974.jpg,152
AMLdataset/release/images_augmentation\aug_1_images_4974.jpg,152
AMLdataset/release/images\images_4975.jpg,152
AMLdataset/release/images_augmentation\aug_0_images_4975.jpg,152
AMLdataset/release/images_augmentation\aug_1_images_4975.jpg,152
AMLdataset/release/images\images_4976.jpg,152
AMLdataset/release/images_augmentation\aug_0_images_4976.jpg,152
AMLdataset/release/images_augmentation\aug_1_images_4976.jpg,152
AMLdataset/release/images\images_4977.jpg,152
AMLdataset/release/images_augmentation\aug_0_images_4977.jpg,152
AMLdataset/release/images_augmentation\aug_1_images_4977.jpg,152
AMLdataset/release/images\images_4978.jpg,152
AMLdataset/release/images_augmentation\aug_0_images_4978.jpg,152
AMLdataset/release/images_augmentation\aug_1_images_4978.jpg,152
AMLdataset/release/images\images_4979.jpg,152
AMLdataset/release/images_augmentation\aug_0_images_4979.jpg,152
AMLdataset/release/images_augmentation\aug_1_images_4979.jpg,152
AMLdataset/release/images\images_4980.jpg,152
AMLdataset/release/images_augmentation\aug_0_images_4980.jpg,152
AMLdataset/release/images_augmentation\aug_1_images_4980.jpg,152
AMLdataset/release/images\images_4981.jpg,272
AMLdataset/release/images_augmentation\aug_0_images_4981.jpg,272
AMLdataset/release/images_augmentation\aug_1_images_4981.jpg,272
AMLdataset/release/images\images_4982.jpg,272
AMLdataset/release/images_augmentation\aug_0_images_4982.jpg,272
AMLdataset/release/images_augmentation\aug_1_images_4982.jpg,272
AMLdataset/release/images\images_4983.jpg,272
AMLdataset/release/images_augmentation\aug_0_images_4983.jpg,272
AMLdataset/release/images_augmentation\aug_1_images_4983.jpg,272
AMLdataset/release/images\images_4984.jpg,272
AMLdataset/release/images_augmentation\aug_0_images_4984.jpg,272
AMLdataset/release/images_augmentation\aug_1_images_4984.jpg,272
AMLdataset/release/images\images_4985.jpg,272
AMLdataset/release/images_augmentation\aug_0_images_4985.jpg,272
AMLdataset/release/images_augmentation\aug_1_images_4985.jpg,272
AMLdataset/release/images\images_4986.jpg,272
AMLdataset/release/images_augmentation\aug_0_images_4986.jpg,272
AMLdataset/release/images_augmentation\aug_1_images_4986.jpg,272
AMLdataset/release/images\images_4987.jpg,272
AMLdataset/release/images_augmentation\aug_0_images_4987.jpg,272
AMLdataset/release/images_augmentation\aug_1_images_4987.jpg,272
AMLdataset/release/images\images_4988.jpg,272
AMLdataset/release/images_augmentation\aug_0_images_4988.jpg,272
AMLdataset/release/images_augmentation\aug_1_images_4988.jpg,272
AMLdataset/release/images\images_4989.jpg,272
AMLdataset/release/images_augmentation\aug_0_images_4989.jpg,272
AMLdataset/release/images_augmentation\aug_1_images_4989.jpg,272
AMLdataset/release/images\images_4990.jpg,272
AMLdataset/release/images_augmentation\aug_0_images_4990.jpg,272
AMLdataset/release/images_augmentation\aug_1_images_4990.jpg,272
AMLdataset/release/images\images_4991.jpg,272
AMLdataset/release/images_augmentation\aug_0_images_4991.jpg,272
AMLdataset/release/images_augmentation\aug_1_images_4991.jpg,272
AMLdataset/release/images\images_4992.jpg,272
AMLdataset/release/images_augmentation\aug_0_images_4992.jpg,272
AMLdataset/release/images_augmentation\aug_1_images_4992.jpg,272
AMLdataset/release/images\images_4993.jpg,272
AMLdataset/release/images_augmentation\aug_0_images_4993.jpg,272
AMLdataset/release/images_augmentation\aug_1_images_4993.jpg,272
AMLdataset/release/images\images_4994.jpg,272
AMLdataset/release/images_augmentation\aug_0_images_4994.jpg,272
AMLdataset/release/images_augmentation\aug_1_images_4994.jpg,272
AMLdataset/release/images\images_4995.jpg,272
AMLdataset/release/images_augmentation\aug_0_images_4995.jpg,272
AMLdataset/release/images_augmentation\aug_1_images_4995.jpg,272
AMLdataset/release/images\images_4996.jpg,272
AMLdataset/release/images_augmentation\aug_0_images_4996.jpg,272
AMLdataset/release/images_augmentation\aug_1_images_4996.jpg,272
AMLdataset/release/images\images_4997.jpg,272
AMLdataset/release/images_augmentation\aug_0_images_4997.jpg,272
AMLdataset/release/images_augmentation\aug_1_images_4997.jpg,272
AMLdataset/release/images\images_4998.jpg,272
AMLdataset/release/images_augmentation\aug_0_images_4998.jpg,272
AMLdataset/release/images_augmentation\aug_1_images_4998.jpg,272
AMLdataset/release/images\images_4999.jpg,272
AMLdataset/release/images_augmentation\aug_0_images_4999.jpg,272
AMLdataset/release/images_augmentation\aug_1_images_4999.jpg,272
AMLdataset/release/images\images_5000.jpg,272
AMLdataset/release/images_augmentation\aug_0_images_5000.jpg,272
AMLdataset/release/images_augmentation\aug_1_images_5000.jpg,272
